trip_id,date,route_id,transport_mode,distance_km,num_stops,scheduled_headway_min,day_of_week,month,hour,is_holiday,temperature,weather,traffic_index,passenger_load,incident,delay_minutes,is_peak,is_weekend,is_delayed
T100602,2025-09-27,T7,Tram,8.3,17,10,Saturday,9,17,0,21.9,Clear,62.0,54.0,0,1.3,1,1,0
T104608,2025-11-15,B27,Bus,9.2,24,12,Saturday,11,6,0,3.5,Rain,26.0,33.0,0,-1.2,0,1,0
T101784,2025-09-23,T7,Tram,8.3,17,10,Tuesday,9,8,0,20.6,Rain,78.0,70.0,0,8.5,1,0,1
T105072,2025-03-05,T7,Tram,8.3,17,10,Wednesday,3,10,0,1.6,Clear,30.0,47.0,0,-3.0,0,0,0
T100199,2025-12-18,B45,Bus,18.0,38,15,Thursday,12,8,0,3.0,Rain,67.0,81.0,0,7.3,1,0,1
T102624,2025-12-03,B45,Bus,18.0,38,15,Wednesday,12,16,0,6.3,Clear,64.0,70.0,0,6.3,1,0,1
T101564,2025-07-23,B61,Bus,7.4,18,8,Wednesday,7,17,0,25.0,Rain,42.0,74.0,0,6.8,1,0,1
T104839,2025-12-06,T3,Tram,11.0,22,8,Saturday,12,14,0,5.4,Rain,34.0,18.0,0,-3.0,0,1,0
T101773,2025-05-24,R4,Train,35.5,9,30,Saturday,5,21,0,11.7,Storm,40.0,51.0,0,0.9,0,1,0
T101166,2025-01-09,M1,Metro,21.0,19,4,Thursday,1,8,0,8.3,Rain,83.0,92.0,0,6.6,1,0,1
T103463,2025-01-19,R1,Train,42.0,11,20,Sunday,1,9,0,0.4,Clear,54.0,66.0,0,1.8,1,1,0
T100317,2025-09-23,R1,Train,42.0,11,20,Tuesday,9,16,0,19.9,Fog,76.0,81.0,0,4.4,1,0,0
T105639,2025-12-04,T3,Tram,11.0,22,8,Thursday,12,11,0,3.0,Snow,30.0,52.0,0,2.3,0,0,0
T102188,2025-06-18,B27,Bus,9.2,24,12,Wednesday,6,13,0,22.6,Clear,28.0,60.0,0,-3.0,0,0,0
T105427,2025-02-20,M2,Metro,16.5,15,5,Thursday,2,8,1,3.9,Rain,73.0,77.0,1,12.2,1,0,1
T100957,2025-08-20,R4,Train,35.5,9,30,Wednesday,8,6,1,28.0,Clear,41.0,43.0,0,-3.0,0,0,0
T100269,2025-08-04,M2,Metro,16.5,15,5,Monday,8,19,0,27.2,Fog,69.0,86.0,0,2.8,1,0,0
T105487,2025-10-07,R1,Train,42.0,11,20,Tuesday,10,20,0,14.7,Clear,27.0,34.0,0,-3.0,0,0,0
T101285,2025-01-18,M3,Metro,12.2,12,6,Saturday,1,11,0,7.7,Rain,58.0,32.0,1,9.3,0,1,1
T104271,2025-07-14,T9,Tram,13.6,26,12,Monday,7,21,0,25.4,Clear,38.0,30.0,0,-3.0,0,0,0
T101185,2025-04-23,M3,Metro,12.2,12,6,Wednesday,4,18,0,16.6,Snow,74.0,105.0,0,5.1,1,0,1
T100832,2025-06-15,T7,Tram,8.3,17,10,Sunday,6,16,0,18.8,Clear,51.0,76.0,0,3.2,1,1,0
T104995,2025-03-19,B61,Bus,7.4,18,8,Wednesday,3,19,0,7.5,Rain,74.0,87.0,1,23.9,1,0,1
T105453,2025-10-14,M1,Metro,21.0,19,4,Tuesday,10,16,0,5.5,Storm,75.0,88.0,0,5.9,1,0,1
T100281,2025-06-27,B61,Bus,7.4,18,8,Friday,6,9,0,26.0,Storm,58.0,90.0,0,10.9,1,0,1
T104077,2025-08-08,R1,Train,42.0,11,20,Friday,8,18,0,14.3,Clear,68.0,111.0,0,4.4,1,0,0
T101340,2025-07-14,R1,Train,42.0,11,20,Monday,7,8,0,32.1,Clear,69.0,85.0,0,2.7,1,0,0
T101079,2025-11-02,B61,Bus,7.4,18,8,Sunday,11,21,0,1.5,Snow,56.0,41.0,1,14.5,0,1,1
T105576,2025-07-31,M3,Metro,12.2,12,6,Thursday,7,7,0,23.2,Clear,61.0,100.0,0,0.2,1,0,0
T104842,2025-02-05,R4,Train,35.5,9,30,Wednesday,2,18,0,3.5,Fog,77.0,68.0,0,3.1,1,0,0
T103978,2025-07-17,B61,Bus,7.4,18,8,Thursday,7,17,1,29.5,Clear,80.0,83.0,0,4.9,1,0,0
T103295,2025-10-18,B45,Bus,18.0,38,15,Saturday,10,18,0,19.6,Clear,39.0,63.0,0,4.5,1,1,0
T101678,2025-12-04,T7,Tram,8.3,17,10,Thursday,12,7,0,13.850000000000001,Clear,71.0,108.0,1,19.8,1,0,1
T103914,2025-10-16,T9,Tram,13.6,26,12,Thursday,10,8,0,17.5,Rain,87.0,66.0,0,6.8,1,0,1
T101577,2025-10-19,T3,Tram,11.0,22,8,Sunday,10,18,0,10.3,Clear,50.0,87.0,0,3.4,1,1,0
T103725,2025-12-28,B61,Bus,7.4,18,8,Sunday,12,6,1,6.7,Clear,12.0,31.0,0,-3.0,0,1,0
T101420,2025-12-13,M2,Metro,16.5,15,5,Saturday,12,8,0,8.6,Fog,62.0,62.0,0,1.2,1,1,0
T100024,2025-10-13,T7,Tram,8.3,17,10,Monday,10,13,0,23.8,Clear,28.0,66.0,0,-3.0,0,0,0
T103948,2025-12-21,R4,Train,35.5,9,30,Sunday,12,5,0,2.4,Clear,43.0,24.0,0,-3.0,0,1,0
T101065,2025-05-22,T7,Tram,8.3,17,10,Thursday,5,6,0,25.5,Clear,50.0,31.0,0,-3.0,0,0,0
T102770,2025-08-30,T9,Tram,13.6,26,12,Saturday,8,8,0,26.1,Clear,24.0,75.0,0,1.5,1,1,0
T101448,2025-09-27,M2,Metro,16.5,15,5,Saturday,9,11,0,23.9,Snow,14.0,21.0,0,-1.6,0,1,0
T102345,2025-04-04,R4,Train,35.5,9,30,Friday,4,12,0,13.6,Clear,57.0,57.0,0,3.0,0,0,0
T101927,2025-02-15,B61,Bus,7.4,18,8,Saturday,2,18,0,8.9,Rain,52.0,72.0,0,6.8,1,1,1
T104407,2025-03-09,T7,Tram,8.3,17,10,Sunday,3,7,0,4.4,Rain,53.0,63.0,1,21.2,1,1,1
T104208,2025-03-24,M2,Metro,16.5,15,5,Monday,3,16,1,7.7,Rain,77.0,90.0,1,15.7,1,0,1
T101890,2025-03-09,B45,Bus,18.0,38,15,Sunday,3,9,0,8.8,Clear,70.0,67.0,1,21.5,1,1,1
T105166,2025-09-21,R4,Train,35.5,9,30,Sunday,9,16,0,11.8,Clear,52.0,38.0,0,6.5,1,1,1
T101081,2025-12-28,R1,Train,42.0,11,20,Sunday,12,11,0,4.4,Rain,38.0,19.0,0,-2.5,0,1,0
T104445,2025-06-01,B27,Bus,9.2,24,12,Sunday,6,18,0,19.0,Rain,50.0,83.0,0,5.6,1,1,1
T104428,2025-10-09,B61,Bus,7.4,18,8,Thursday,10,17,0,13.2,Clear,85.0,83.0,0,11.1,1,0,1
T104611,2025-04-29,M1,Metro,21.0,19,4,Tuesday,4,16,0,14.7,Clear,67.0,66.0,0,1.9,1,0,0
T104729,2025-08-31,R1,Train,42.0,11,20,Sunday,8,18,0,25.4,Clear,50.0,86.0,0,2.8,1,1,0
T100036,2025-11-10,T9,Tram,13.6,26,12,Monday,11,12,0,10.0,Clear,19.0,42.0,0,-3.0,0,0,0
T101636,2025-03-02,B27,Bus,9.2,24,12,Sunday,3,17,0,7.5,Clear,77.0,64.0,0,9.9,1,1,1
T102625,2025-07-31,B61,Bus,7.4,18,8,Thursday,7,7,1,24.6,Storm,49.0,86.0,0,9.1,1,0,1
T102620,2025-11-06,B12,Bus,14.5,32,10,Thursday,11,20,0,5.1,Clear,60.0,31.0,0,0.6,0,0,0
T102863,2025-08-12,R1,Train,42.0,11,20,Tuesday,8,9,0,24.0,Rain,43.0,58.0,0,2.7,1,0,0
T100849,2025-08-10,B27,Bus,9.2,24,12,Sunday,8,14,0,33.2,Fog,32.0,41.0,0,-1.6,0,1,0
T101734,2025-11-11,B12,Bus,14.5,32,10,Tuesday,11,14,0,3.2,Rain,4.0,47.0,0,0.1,0,0,0
T104152,2025-11-29,T3,Tram,11.0,22,8,Saturday,11,19,0,3.9,Clear,49.0,78.0,0,2.4,1,1,0
T105930,2025-12-05,B45,Bus,18.0,38,15,Friday,12,22,0,1.5,Clear,46.0,50.0,0,1.0,0,0,0
T104172,2025-07-04,T9,Tram,13.6,26,12,Friday,7,21,0,23.9,Rain,54.0,26.0,0,1.7,0,0,0
T100033,2025-07-22,R4,Train,35.5,9,30,Tuesday,7,19,0,14.3,Clear,58.0,78.0,0,6.1,1,0,1
T102805,2025-12-20,B12,Bus,14.5,32,10,Saturday,12,19,0,8.4,Storm,63.0,58.0,1,30.199999999999996,1,1,1
T103233,2025-01-02,B27,Bus,9.2,24,12,Thursday,1,16,0,4.5,Snow,76.0,69.0,0,13.2,1,0,1
T105151,2025-08-15,B27,Bus,9.2,24,12,Friday,8,8,0,28.5,Rain,39.0,95.0,0,5.7,1,0,1
T101752,2025-08-18,B45,Bus,18.0,38,15,Monday,8,11,0,19.8,Clear,44.0,51.0,0,-0.1,0,0,0
T105828,2025-02-13,M1,Metro,21.0,19,4,Thursday,2,17,0,-0.9,Snow,86.0,88.0,0,6.3,1,0,1
T103266,2025-09-27,T9,Tram,13.6,26,12,Saturday,9,16,0,22.8,Clear,73.0,76.0,0,3.9,1,1,0
T101619,2025-12-28,M3,Metro,12.2,12,6,Sunday,12,8,0,0.4,Clear,86.0,33.0,0,2.4,1,1,0
T103155,2025-11-06,B12,Bus,14.5,32,10,Thursday,11,6,0,5.3,Clear,14.0,32.0,0,-3.0,0,0,0
T100017,2025-02-16,B12,Bus,14.5,32,10,Sunday,2,12,0,10.9,Fog,29.0,36.0,0,0.1,0,1,0
T104233,2025-04-07,M1,Metro,21.0,19,4,Monday,4,19,0,7.4,Clear,77.0,86.0,0,0.9,1,0,0
T100062,2025-05-14,T3,Tram,11.0,22,8,Wednesday,5,9,0,19.3,Clear,70.0,56.0,0,3.0,1,0,0
T100762,2025-12-13,B27,Bus,9.2,24,12,Saturday,12,6,0,0.1,Clear,18.0,18.0,0,-2.8,0,1,0
T104577,2025-03-14,B61,Bus,7.4,18,8,Friday,3,9,0,5.1,Clear,77.0,57.0,0,5.6,1,0,1
T103818,2025-08-17,T7,Tram,8.3,17,10,Sunday,8,18,0,25.4,Rain,73.0,77.0,0,4.4,1,1,0
T101670,2025-10-06,B12,Bus,14.5,32,10,Monday,10,19,0,20.1,Clear,73.0,97.0,1,23.5,1,0,1
T103944,2025-02-17,B45,Bus,18.0,38,15,Monday,2,9,0,5.8,Clear,62.0,66.0,0,9.1,1,0,1
T105376,2025-03-04,R4,Train,35.5,9,30,Tuesday,3,13,0,8.8,Storm,58.0,46.0,0,1.4,0,0,0
T103332,2025-04-01,M1,Metro,21.0,19,4,Tuesday,4,18,0,22.4,Storm,60.0,85.0,0,5.7,1,0,1
T103876,2025-09-11,R4,Train,35.5,9,30,Thursday,9,19,0,23.4,Clear,76.0,90.0,0,3.2,1,0,0
T104500,2025-09-10,B27,Bus,9.2,24,12,Wednesday,9,7,0,22.5,Clear,92.0,84.0,0,7.7,1,0,1
T100719,2025-08-07,M2,Metro,16.5,15,5,Thursday,8,19,0,30.4,Rain,78.0,83.0,0,2.7,1,0,0
T104607,2025-06-27,T3,Tram,11.0,22,8,Friday,6,13,0,25.9,Storm,29.0,42.0,0,2.3,0,0,0
T101463,2025-01-19,R1,Train,42.0,11,20,Sunday,1,14,0,5.5,Clear,11.0,41.0,0,-3.0,0,1,0
T104595,2025-01-16,B45,Bus,18.0,38,15,Thursday,1,12,0,0.2,Clear,26.0,41.0,0,-1.0,0,0,0
T102072,2025-05-27,M1,Metro,21.0,19,4,Tuesday,5,18,0,20.3,Storm,82.0,61.0,0,8.5,1,0,1
T101358,2025-02-07,R1,Train,42.0,11,20,Friday,2,16,0,1.4,Fog,78.0,71.0,0,4.5,1,0,0
T100569,2025-07-28,B45,Bus,18.0,38,15,Monday,7,8,0,21.1,Clear,69.0,64.0,0,5.7,1,0,1
T100433,2025-02-17,T3,Tram,11.0,22,8,Monday,2,12,0,-0.1,Clear,39.0,49.0,0,-2.9,0,0,0
T101117,2025-08-03,M1,Metro,21.0,19,4,Sunday,8,6,0,19.0,Fog,26.0,40.0,0,-1.9,0,1,0
T100790,2025-02-04,R1,Train,42.0,11,20,Tuesday,2,8,0,15.6,Rain,73.0,95.0,0,5.1,1,0,1
T103587,2025-09-09,R4,Train,35.5,9,30,Tuesday,9,15,0,23.4,Clear,40.0,47.0,0,-3.0,0,0,0
T103886,2025-01-31,M1,Metro,21.0,19,4,Friday,1,11,0,-7.2,Fog,31.0,38.0,1,9.4,0,0,1
T103157,2025-12-30,T7,Tram,8.3,17,10,Tuesday,12,19,0,3.7,Snow,63.0,74.0,0,7.1,1,0,1
T100175,2025-06-18,T7,Tram,8.3,17,10,Wednesday,6,18,1,22.9,Clear,74.0,108.0,0,3.5,1,0,0
T100115,2025-07-27,B27,Bus,9.2,24,12,Sunday,7,19,0,27.3,Clear,58.0,59.0,0,5.5,1,1,1
T101167,2025-05-26,M2,Metro,16.5,15,5,Monday,5,18,0,20.9,Clear,71.0,85.0,0,0.6,1,0,0
T103918,2025-01-23,M2,Metro,16.5,15,5,Thursday,1,19,0,-2.4,Snow,73.0,87.0,0,5.2,1,0,1
T105113,2025-01-10,B61,Bus,7.4,18,8,Friday,1,7,0,7.2,Clear,67.0,103.0,0,9.5,1,0,1
T102419,2025-06-02,B45,Bus,18.0,38,15,Monday,6,19,0,23.1,Clear,74.0,74.0,0,7.4,1,0,1
T102639,2025-11-08,T3,Tram,11.0,22,8,Saturday,11,7,0,10.3,Storm,41.0,66.0,0,6.1,1,1,1
T103449,2025-06-30,B12,Bus,14.5,32,10,Monday,6,18,0,33.2,Clear,77.0,69.0,0,6.0,1,0,1
T104589,2025-04-20,M3,Metro,12.2,12,6,Sunday,4,5,0,14.2,Clear,16.0,37.0,0,-3.0,0,1,0
T104617,2025-08-07,B45,Bus,18.0,38,15,Thursday,8,20,0,34.8,Rain,41.0,37.0,0,1.7,0,0,0
T101732,2025-09-13,B61,Bus,7.4,18,8,Saturday,9,7,0,18.3,Clear,61.0,34.0,0,3.9,1,1,0
T104020,2025-02-18,B45,Bus,18.0,38,15,Tuesday,2,8,1,-1.4,Snow,79.0,94.0,0,14.7,1,0,1
T104900,2025-05-07,B12,Bus,14.5,32,10,Wednesday,5,18,0,22.9,Clear,89.0,91.0,0,8.5,1,0,1
T100967,2025-04-26,T9,Tram,13.6,26,12,Saturday,4,18,0,15.4,Rain,47.0,80.0,0,5.3,1,1,1
T103933,2025-09-24,T3,Tram,11.0,22,8,Wednesday,9,9,0,19.2,Clear,61.0,72.0,0,3.3,1,0,0
T100809,2025-12-30,R1,Train,42.0,11,20,Tuesday,12,15,0,11.1,Clear,23.0,36.0,0,-3.0,0,0,0
T101638,2025-03-08,M3,Metro,12.2,12,6,Saturday,3,19,0,5.7,Clear,50.0,64.0,0,-0.8,1,1,0
T104456,2025-08-04,T3,Tram,11.0,22,8,Monday,8,13,0,19.4,Rain,47.0,35.0,0,-1.3,0,0,0
T103703,2025-11-27,M2,Metro,16.5,15,5,Thursday,11,16,0,9.6,Rain,80.0,54.0,0,1.2,1,0,0
T101794,2025-06-24,B12,Bus,14.5,32,10,Tuesday,6,13,0,22.4,Rain,18.0,28.0,0,-0.4,0,0,0
T103514,2025-04-07,M1,Metro,21.0,19,4,Monday,4,9,0,14.7,Rain,45.0,92.0,1,17.8,1,0,1
T101088,2025-08-26,B27,Bus,9.2,24,12,Tuesday,8,9,0,26.5,Clear,84.0,64.0,0,7.0,1,0,1
T102294,2025-09-18,B27,Bus,9.2,24,12,Thursday,9,5,0,25.3,Fog,48.0,50.0,0,0.3,0,0,0
T101983,2025-10-02,T7,Tram,8.3,17,10,Thursday,10,22,0,17.0,Clear,49.0,72.0,0,-3.0,0,0,0
T102975,2025-06-21,B27,Bus,9.2,24,12,Saturday,6,8,0,30.3,Clear,51.0,52.0,0,5.7,1,1,1
T101282,2025-05-24,M2,Metro,16.5,15,5,Saturday,5,17,0,18.9,Rain,40.0,88.0,0,0.9,1,1,0
T105416,2025-05-09,M3,Metro,12.2,12,6,Friday,5,10,0,18.5,Clear,36.0,30.0,1,8.9,0,0,1
T103272,2025-08-27,R1,Train,42.0,11,20,Wednesday,8,7,0,30.7,Clear,81.0,70.0,0,3.4,1,0,0
T105967,2025-08-10,T3,Tram,11.0,22,8,Sunday,8,17,0,25.8,Clear,54.0,55.0,0,1.7,1,1,0
T100924,2025-04-01,T3,Tram,11.0,22,8,Tuesday,4,19,0,12.2,Clear,85.0,80.0,0,4.3,1,0,0
T105444,2025-04-02,B61,Bus,7.4,18,8,Wednesday,4,8,0,13.6,Clear,70.0,66.0,0,4.9,1,0,0
T100273,2025-12-16,R1,Train,42.0,11,20,Tuesday,12,16,0,3.9,Snow,60.0,87.0,0,11.0,1,0,1
T101161,2025-07-02,M3,Metro,12.2,12,6,Wednesday,7,8,0,21.8,Rain,81.0,74.0,0,2.3,1,0,0
T104421,2025-12-31,T7,Tram,8.3,17,10,Wednesday,12,18,0,1.0,Rain,45.0,59.0,0,2.0,1,0,0
T101352,2025-06-30,T3,Tram,11.0,22,8,Monday,6,15,0,24.8,Storm,29.0,53.0,0,0.4,0,0,0
T102440,2025-05-13,T7,Tram,8.3,17,10,Tuesday,5,19,0,20.1,Rain,69.0,66.0,0,4.4,1,0,0
T103690,2025-05-27,B12,Bus,14.5,32,10,Tuesday,5,9,0,21.2,Clear,56.0,66.0,0,10.2,1,0,1
T102817,2025-11-13,R1,Train,42.0,11,20,Thursday,11,18,0,6.7,Fog,76.0,85.0,0,4.1,1,0,0
T103954,2025-08-05,T9,Tram,13.6,26,12,Tuesday,8,11,0,30.5,Rain,30.0,42.0,0,-0.9,0,0,0
T102724,2025-10-16,R4,Train,35.5,9,30,Thursday,10,11,0,16.5,Clear,19.0,26.0,0,-3.0,0,0,0
T100350,2025-07-14,T3,Tram,11.0,22,8,Monday,7,20,0,27.9,Storm,17.0,26.0,0,-0.2,0,0,0
T100731,2025-06-02,B61,Bus,7.4,18,8,Monday,6,21,0,24.1,Rain,54.0,25.0,0,-0.4,0,0,0
T103172,2025-06-07,B12,Bus,14.5,32,10,Saturday,6,16,0,21.1,Clear,59.0,84.0,0,6.2,1,1,1
T105098,2025-12-09,B27,Bus,9.2,24,12,Tuesday,12,16,0,3.3,Snow,68.0,66.0,0,10.3,1,0,1
T100330,2025-07-19,B12,Bus,14.5,32,10,Saturday,7,16,0,26.9,Clear,58.0,82.0,0,4.7,1,1,0
T100454,2025-08-06,T7,Tram,8.3,17,10,Wednesday,8,18,0,19.1,Clear,65.0,87.0,0,3.5,1,0,0
T100057,2025-02-26,M1,Metro,21.0,19,4,Wednesday,2,16,0,0.9,Snow,50.0,74.0,0,5.6,1,0,1
T102788,2025-01-02,B12,Bus,14.5,32,10,Thursday,1,7,0,14.9,Clear,71.0,73.0,0,6.4,1,0,1
T105971,2025-03-30,T3,Tram,11.0,22,8,Sunday,3,18,0,8.9,Rain,58.0,83.0,0,5.6,1,1,1
T101822,2025-04-21,B12,Bus,14.5,32,10,Monday,4,8,0,20.0,Rain,71.0,75.0,0,8.5,1,0,1
T101518,2025-06-30,B45,Bus,18.0,38,15,Monday,6,17,0,19.9,Clear,54.0,74.0,0,5.1,1,0,1
T101233,2025-10-01,T3,Tram,11.0,22,8,Wednesday,10,16,0,15.8,Clear,57.0,66.0,0,3.6,1,0,0
T100087,2025-04-25,T7,Tram,8.3,17,10,Friday,4,7,0,14.7,Clear,58.0,49.0,0,4.9,1,0,0
T102606,2025-07-14,B61,Bus,7.4,18,8,Monday,7,7,0,23.4,Clear,51.0,71.0,0,5.2,1,0,1
T105632,2025-07-10,B45,Bus,18.0,38,15,Thursday,7,16,0,27.3,Clear,96.0,74.0,0,7.8,1,0,1
T105647,2025-12-15,B45,Bus,18.0,38,15,Monday,12,19,0,2.4,Rain,79.0,109.0,0,11.7,1,0,1
T103535,2025-01-28,T9,Tram,13.6,26,12,Tuesday,1,9,0,-3.6,Clear,68.0,99.0,0,5.1,1,0,1
T103975,2025-09-10,B45,Bus,18.0,38,15,Wednesday,9,19,0,27.2,Rain,59.0,62.0,0,8.2,1,0,1
T104288,2025-10-06,B61,Bus,7.4,18,8,Monday,10,19,1,8.7,Fog,76.0,82.0,0,8.2,1,0,1
T104805,2025-10-02,T3,Tram,11.0,22,8,Thursday,10,13,0,17.3,Clear,13.0,38.0,0,-3.0,0,0,0
T105027,2025-02-05,B61,Bus,7.4,18,8,Wednesday,2,11,0,2.0,Snow,28.0,29.0,0,1.8,0,0,0
T105230,2025-02-19,R1,Train,42.0,11,20,Wednesday,2,9,0,-0.6,Rain,81.0,76.0,0,4.5,1,0,0
T101228,2025-02-26,R1,Train,42.0,11,20,Wednesday,2,18,0,3.6,Snow,63.0,76.0,0,5.6,1,0,1
T102658,2025-09-03,B45,Bus,18.0,38,15,Wednesday,9,6,0,24.4,Clear,26.0,41.0,0,0.2,0,0,0
T104964,2025-12-11,T3,Tram,11.0,22,8,Thursday,12,19,0,5.3,Clear,55.0,92.0,0,6.1,1,0,1
T104431,2025-02-02,T7,Tram,8.3,17,10,Sunday,2,14,0,2.1,Clear,26.0,27.0,0,-3.0,0,1,0
T104089,2025-12-25,B45,Bus,18.0,38,15,Thursday,12,17,0,-1.4,Snow,93.0,103.0,0,13.8,1,0,1
T104968,2025-01-14,B12,Bus,14.5,32,10,Tuesday,1,16,1,7.9,Rain,77.0,93.0,0,8.0,1,0,1
T102853,2025-02-02,B45,Bus,18.0,38,15,Sunday,2,10,0,2.6,Clear,27.0,23.0,1,12.2,0,1,1
T100929,2025-07-30,M3,Metro,12.2,12,6,Wednesday,7,19,0,30.2,Storm,78.0,91.0,0,6.5,1,0,1
T104031,2025-07-10,B61,Bus,7.4,18,8,Thursday,7,5,0,27.7,Rain,34.0,37.0,1,16.5,0,0,1
T103853,2025-05-09,B45,Bus,18.0,38,15,Friday,5,9,0,17.3,Fog,85.0,48.0,1,23.7,1,0,1
T104147,2025-11-09,T9,Tram,13.6,26,12,Sunday,11,16,1,17.1,Clear,64.0,71.0,0,1.3,1,1,0
T101333,2025-10-22,B45,Bus,18.0,38,15,Wednesday,10,17,0,12.2,Clear,69.0,51.0,0,9.6,1,0,1
T100808,2025-05-23,B12,Bus,14.5,32,10,Friday,5,17,0,19.8,Rain,71.0,54.0,0,7.5,1,0,1
T101041,2025-11-09,T9,Tram,13.6,26,12,Sunday,11,9,0,10.0,Clear,60.0,66.0,0,1.4,1,1,0
T102836,2025-12-19,B61,Bus,7.4,18,8,Friday,12,17,0,0.9,Snow,86.0,80.0,0,11.6,1,0,1
T105300,2025-01-25,R4,Train,35.5,9,30,Saturday,1,6,0,1.8,Snow,0.0,25.0,0,1.3,0,1,0
T103478,2025-05-30,B61,Bus,7.4,18,8,Friday,5,7,0,29.0,Clear,56.0,79.0,0,5.8,1,0,1
T100467,2025-08-06,B27,Bus,9.2,24,12,Wednesday,8,14,0,28.9,Rain,43.0,25.0,0,-0.7,0,0,0
T105902,2025-02-04,B45,Bus,18.0,38,15,Tuesday,2,18,0,0.9,Snow,28.0,71.0,0,7.2,1,0,1
T102205,2025-10-19,T9,Tram,13.6,26,12,Sunday,10,9,0,8.1,Rain,47.0,66.0,0,7.7,1,1,1
T102401,2025-07-26,B45,Bus,18.0,38,15,Saturday,7,18,0,13.6,Rain,86.0,69.0,0,8.8,1,1,1
T104837,2025-01-25,B27,Bus,9.2,24,12,Saturday,1,5,0,9.3,Clear,10.0,28.0,0,-2.1,0,1,0
T105694,2025-08-03,R1,Train,42.0,11,20,Sunday,8,19,0,29.4,Clear,32.0,60.0,0,1.8,1,1,0
T103267,2025-09-09,B61,Bus,7.4,18,8,Tuesday,9,7,0,19.2,Clear,61.0,97.0,0,7.0,1,0,1
T105682,2025-05-19,R4,Train,35.5,9,30,Monday,5,5,0,25.7,Rain,35.0,48.0,1,10.5,0,0,1
T102223,2025-06-04,M3,Metro,12.2,12,6,Wednesday,6,14,0,24.3,Clear,40.0,48.0,1,7.4,0,0,1
T100521,2025-02-23,B12,Bus,14.5,32,10,Sunday,2,9,0,12.1,Clear,51.0,75.0,0,4.3,1,1,0
T104637,2025-07-01,T3,Tram,11.0,22,8,Tuesday,7,11,0,24.5,Clear,40.0,31.0,0,-3.0,0,0,0
T102337,2025-10-27,T9,Tram,13.6,26,12,Monday,10,16,0,10.7,Rain,76.0,74.0,0,4.2,1,0,0
T101044,2025-09-16,R1,Train,42.0,11,20,Tuesday,9,17,0,20.3,Clear,61.0,64.0,0,2.8,1,0,0
T100953,2025-06-06,M3,Metro,12.2,12,6,Friday,6,10,1,21.5,Fog,29.0,19.0,0,-3.0,0,0,0
T102521,2025-01-17,R4,Train,35.5,9,30,Friday,1,9,0,5.4,Clear,48.0,98.0,0,2.3,1,0,0
T105528,2025-01-10,M3,Metro,12.2,12,6,Friday,1,15,0,-3.5,Clear,29.0,28.0,0,-3.0,0,0,0
T104410,2025-02-14,M1,Metro,21.0,19,4,Friday,2,16,0,-2.9,Rain,72.0,88.0,0,1.8,1,0,0
T101989,2025-12-04,B45,Bus,18.0,38,15,Thursday,12,13,0,5.6,Clear,23.0,60.0,0,-2.2,0,0,0
T102397,2025-04-16,B45,Bus,18.0,38,15,Wednesday,4,8,0,15.0,Storm,59.0,81.0,0,12.3,1,0,1
T104797,2025-02-15,M2,Metro,16.5,15,5,Saturday,2,8,0,-0.8,Rain,29.0,70.0,0,1.3,1,1,0
T100041,2025-10-04,T3,Tram,11.0,22,8,Saturday,10,8,0,18.2,Fog,66.0,55.0,0,4.1,1,1,0
T101394,2025-03-20,M1,Metro,21.0,19,4,Thursday,3,15,0,14.7,Clear,25.0,36.0,0,-3.0,0,0,0
T100026,2025-05-27,T7,Tram,8.3,17,10,Tuesday,5,16,0,23.2,Rain,74.0,80.0,0,5.8,1,0,1
T103569,2025-03-31,R4,Train,35.5,9,30,Monday,3,14,0,10.1,Storm,43.0,45.0,0,1.6,0,0,0
T102952,2025-12-08,T3,Tram,11.0,22,8,Monday,12,7,0,2.7,Snow,79.0,99.0,0,11.2,1,0,1
T100894,2025-10-01,M2,Metro,16.5,15,5,Wednesday,10,16,0,7.7,Rain,67.0,58.0,0,2.8,1,0,0
T103371,2025-03-28,T3,Tram,11.0,22,8,Friday,3,8,0,3.5,Clear,72.0,66.0,0,7.8,1,0,1
T100203,2025-09-13,B45,Bus,18.0,38,15,Saturday,9,9,0,13.6,Rain,50.0,66.0,0,10.0,1,1,1
T104264,2025-08-07,M1,Metro,21.0,19,4,Thursday,8,8,0,20.8,Rain,67.0,98.0,0,3.9,1,0,0
T103457,2025-01-12,M1,Metro,21.0,19,4,Sunday,1,7,0,8.3,Clear,43.0,80.0,0,0.4,1,1,0
T103254,2025-03-28,R1,Train,42.0,11,20,Friday,3,17,0,13.8,Clear,97.0,90.0,0,5.3,1,0,1
T101529,2025-12-02,B12,Bus,14.5,32,10,Tuesday,12,16,0,4.5,Clear,61.0,109.0,0,7.2,1,0,1
T100981,2025-09-14,M1,Metro,21.0,19,4,Sunday,9,17,0,19.3,Clear,45.0,55.0,0,1.5,1,1,0
T104348,2025-10-07,M2,Metro,16.5,15,5,Tuesday,10,19,0,10.5,Clear,76.0,72.0,0,0.8,1,0,0
T101347,2025-09-13,T3,Tram,11.0,22,8,Saturday,9,14,0,23.2,Rain,7.0,98.0,0,-2.8,0,1,0
T105602,2025-01-04,M3,Metro,12.2,12,6,Saturday,1,7,0,-0.0,Snow,56.0,81.0,0,6.8,1,1,1
T103216,2025-01-02,M2,Metro,16.5,15,5,Thursday,1,9,0,2.2,Snow,67.0,79.0,0,3.6,1,0,0
T104007,2025-08-26,B27,Bus,9.2,24,12,Tuesday,8,22,0,29.0,Rain,23.0,19.0,0,-1.1,0,0,0
T104765,2025-02-24,M3,Metro,12.2,12,6,Monday,2,17,0,9.9,Clear,41.0,96.0,0,2.1,1,0,0
T100445,2025-08-30,M3,Metro,12.2,12,6,Saturday,8,17,0,23.5,Clear,62.0,67.0,0,3.4,1,1,0
T101360,2025-01-31,B12,Bus,14.5,32,10,Friday,1,11,0,9.6,Rain,28.0,13.0,0,-1.7,0,0,0
T105297,2025-08-31,T7,Tram,8.3,17,10,Sunday,8,12,0,20.8,Clear,23.0,20.0,0,-1.2,0,1,0
T105741,2025-08-15,M1,Metro,21.0,19,4,Friday,8,16,0,26.0,Fog,75.0,67.0,0,1.7,1,0,0
T105200,2025-06-09,R4,Train,35.5,9,30,Monday,6,22,0,27.3,Clear,47.0,40.0,0,-3.0,0,0,0
T102802,2025-12-28,M3,Metro,12.2,12,6,Sunday,12,8,0,5.2,Clear,49.0,67.0,0,-1.4,1,1,0
T103006,2025-08-07,M3,Metro,12.2,12,6,Thursday,8,19,0,31.3,Rain,58.0,78.0,0,5.5,1,0,1
T101826,2025-02-08,B61,Bus,7.4,18,8,Saturday,2,15,0,6.4,Clear,20.0,30.0,0,-3.0,0,1,0
T103002,2025-12-06,M2,Metro,16.5,15,5,Saturday,12,17,0,-1.2,Clear,35.0,53.0,0,2.0,1,1,0
T100021,2025-05-16,B61,Bus,7.4,18,8,Friday,5,7,0,27.8,Clear,70.0,59.0,0,7.0,1,0,1
T100966,2025-08-08,R1,Train,42.0,11,20,Friday,8,22,0,24.0,Storm,50.0,47.0,1,14.6,0,0,1
T101303,2025-11-23,B45,Bus,18.0,38,15,Sunday,11,18,0,6.7,Clear,53.0,77.0,0,4.9,1,1,0
T103046,2025-09-23,R4,Train,35.5,9,30,Tuesday,9,16,0,18.5,Clear,65.0,98.0,0,10.3,1,0,1
T103053,2025-05-11,M2,Metro,16.5,15,5,Sunday,5,8,0,14.7,Clear,61.0,99.0,0,3.0,1,1,0
T102693,2025-06-05,M3,Metro,12.2,12,6,Thursday,6,18,0,22.7,Clear,64.0,100.0,0,6.2,1,0,1
T100626,2025-05-04,M3,Metro,12.2,12,6,Sunday,5,12,0,18.3,Clear,3.0,18.0,0,-3.0,0,1,0
T100349,2025-03-02,M2,Metro,16.5,15,5,Sunday,3,6,0,16.2,Clear,34.0,42.0,0,-3.0,0,1,0
T104124,2025-10-15,R1,Train,42.0,11,20,Wednesday,10,9,0,20.4,Rain,58.0,80.0,0,3.2,1,0,0
T100456,2025-02-24,B61,Bus,7.4,18,8,Monday,2,22,0,4.2,Clear,50.0,38.0,0,1.1,0,0,0
T100893,2025-12-24,M2,Metro,16.5,15,5,Wednesday,12,17,0,4.3,Clear,88.0,67.0,0,-0.3,1,0,0
T105826,2025-02-25,T9,Tram,13.6,26,12,Tuesday,2,6,0,-0.7,Clear,44.0,35.0,1,14.8,0,0,1
T103494,2025-12-05,T9,Tram,13.6,26,12,Friday,12,17,0,4.3,Rain,78.0,91.0,1,22.7,1,0,1
T100529,2025-12-03,T3,Tram,11.0,22,8,Wednesday,12,18,1,5.7,Clear,69.0,85.0,0,1.0,1,0,0
T102963,2025-01-25,M1,Metro,21.0,19,4,Saturday,1,19,0,4.2,Clear,70.0,57.0,0,-1.2,1,1,0
T104600,2025-12-27,M2,Metro,16.5,15,5,Saturday,12,7,0,-0.0,Snow,68.0,73.0,0,2.9,1,1,0
T103089,2025-06-20,T3,Tram,11.0,22,8,Friday,6,7,0,24.7,Clear,80.0,96.0,0,5.5,1,0,1
T101235,2025-05-07,B27,Bus,9.2,24,12,Wednesday,5,8,1,13.6,Rain,56.0,79.0,0,4.7,1,0,0
T102289,2025-06-02,T7,Tram,8.3,17,10,Monday,6,9,0,24.0,Clear,62.0,78.0,0,7.4,1,0,1
T102055,2025-05-14,M1,Metro,21.0,19,4,Wednesday,5,22,1,26.2,Clear,28.0,63.0,0,-3.0,0,0,0
T101134,2025-08-13,B12,Bus,14.5,32,10,Wednesday,8,18,0,20.6,Rain,69.0,78.0,0,9.9,1,0,1
T104379,2025-12-06,T9,Tram,13.6,26,12,Saturday,12,18,0,6.9,Storm,44.0,51.0,0,7.3,1,1,1
T105499,2025-01-13,R4,Train,35.5,9,30,Monday,1,19,0,4.3,Clear,75.0,90.0,0,7.3,1,0,1
T102487,2025-01-21,T9,Tram,13.6,26,12,Tuesday,1,8,0,0.7,Rain,70.0,81.0,0,6.7,1,0,1
T103558,2025-03-03,M3,Metro,12.2,12,6,Monday,3,18,0,8.3,Rain,58.0,104.0,0,2.0,1,0,0
T105815,2025-01-22,M1,Metro,21.0,19,4,Wednesday,1,16,1,12.2,Clear,71.0,79.0,0,-3.0,1,0,0
T100232,2025-01-08,B27,Bus,9.2,24,12,Wednesday,1,5,0,0.7,Snow,34.0,42.0,0,0.9,0,0,0
T102517,2025-07-12,R4,Train,35.5,9,30,Saturday,7,7,0,27.4,Clear,57.0,81.0,0,1.4,1,1,0
T101091,2025-06-13,T7,Tram,8.3,17,10,Friday,6,8,0,24.8,Rain,65.0,66.0,0,7.6,1,0,1
T100615,2025-08-22,B12,Bus,14.5,32,10,Friday,8,18,0,26.2,Rain,84.0,82.0,0,10.2,1,0,1
T101742,2025-06-16,R1,Train,42.0,11,20,Monday,6,13,0,25.1,Clear,37.0,46.0,0,-3.0,0,0,0
T104829,2025-06-27,M2,Metro,16.5,15,5,Friday,6,7,1,24.0,Rain,81.0,72.0,0,4.3,1,0,0
T101735,2025-10-19,B61,Bus,7.4,18,8,Sunday,10,17,0,11.1,Clear,76.0,64.0,0,5.6,1,1,1
T100760,2025-03-06,B12,Bus,14.5,32,10,Thursday,3,7,0,0.1,Clear,67.0,86.0,0,8.1,1,0,1
T104114,2025-04-17,M2,Metro,16.5,15,5,Thursday,4,9,0,11.8,Storm,54.0,77.0,0,5.3,1,0,1
T100796,2025-12-20,B12,Bus,14.5,32,10,Saturday,12,19,0,12.7,Clear,40.0,61.0,0,7.0,1,1,1
T104696,2025-01-28,B27,Bus,9.2,24,12,Tuesday,1,12,0,-1.6,Snow,39.0,30.0,0,4.8,0,0,0
T102581,2025-06-18,B27,Bus,9.2,24,12,Wednesday,6,18,0,25.5,Rain,52.0,79.0,0,8.3,1,0,1
T104586,2025-03-20,T3,Tram,11.0,22,8,Thursday,3,6,0,7.6,Rain,32.0,50.0,0,-1.5,0,0,0
T101491,2025-06-28,M2,Metro,16.5,15,5,Saturday,6,8,0,22.3,Fog,71.0,65.0,1,18.6,1,1,1
T101541,2025-03-30,R4,Train,35.5,9,30,Sunday,3,16,0,8.2,Clear,60.0,78.0,0,2.5,1,1,0
T102107,2025-02-20,T7,Tram,8.3,17,10,Thursday,2,17,0,7.5,Rain,80.0,66.0,0,4.9,1,0,0
T101901,2025-07-13,T7,Tram,8.3,17,10,Sunday,7,15,0,23.1,Clear,0.0,5.0,0,-3.0,0,1,0
T104257,2025-02-02,R4,Train,35.5,9,30,Sunday,2,19,0,-1.2,Clear,66.0,79.0,0,5.3,1,1,1
T100933,2025-08-25,M1,Metro,21.0,19,4,Monday,8,20,0,21.0,Clear,35.0,44.0,0,-3.0,0,0,0
T102292,2025-03-27,B12,Bus,14.5,32,10,Thursday,3,22,0,11.7,Rain,40.0,34.0,0,-0.2,0,0,0
T102391,2025-03-12,T9,Tram,13.6,26,12,Wednesday,3,16,0,9.0,Rain,62.0,91.0,0,5.4,1,0,1
T103063,2025-02-16,B61,Bus,7.4,18,8,Sunday,2,7,0,-4.9,Rain,61.0,78.0,0,8.8,1,1,1
T103406,2025-05-10,R1,Train,42.0,11,20,Saturday,5,21,0,21.7,Rain,19.0,21.0,0,-3.0,0,1,0
T101257,2025-07-22,M1,Metro,21.0,19,4,Tuesday,7,18,0,34.4,Rain,68.0,67.0,0,1.5,1,0,0
T103583,2025-04-23,B12,Bus,14.5,32,10,Wednesday,4,15,0,18.2,Rain,54.0,37.0,0,2.7,0,0,0
T104359,2025-12-20,T9,Tram,13.6,26,12,Saturday,12,5,0,-4.7,Snow,14.0,18.0,0,-1.0,0,1,0
T102593,2025-02-04,T7,Tram,8.3,17,10,Tuesday,2,7,0,6.0,Rain,69.0,66.0,0,5.7,1,0,1
T103769,2025-05-02,R1,Train,42.0,11,20,Friday,5,16,0,11.8,Clear,80.0,91.0,0,6.7,1,0,1
T100451,2025-12-04,M3,Metro,12.2,12,6,Thursday,12,8,0,1.3,Fog,86.0,67.0,0,12.4,1,0,1
T105756,2025-05-01,B12,Bus,14.5,32,10,Thursday,5,13,0,22.0,Clear,23.0,42.0,0,0.5,0,0,0
T100105,2025-10-15,M1,Metro,21.0,19,4,Wednesday,10,14,0,12.5,Rain,11.0,54.0,0,-3.0,0,0,0
T104478,2025-11-14,M1,Metro,21.0,19,4,Friday,11,19,0,5.1,Clear,53.0,82.0,0,2.2,1,0,0
T101948,2025-01-01,T9,Tram,13.6,26,12,Wednesday,1,18,0,1.3,Rain,67.0,66.0,0,3.9,1,0,0
T101969,2025-02-25,T3,Tram,11.0,22,8,Tuesday,2,9,0,3.2,Clear,66.0,60.0,1,16.6,1,0,1
T103102,2025-01-06,T7,Tram,8.3,17,10,Monday,1,10,0,5.2,Clear,33.0,43.0,0,-3.0,0,0,0
T102925,2025-03-08,B61,Bus,7.4,18,8,Saturday,3,7,0,13.0,Storm,47.0,66.0,0,8.7,1,1,1
T100375,2025-02-04,R1,Train,42.0,11,20,Tuesday,2,8,0,5.2,Rain,91.0,50.0,0,4.6,1,0,0
T102589,2025-05-07,M3,Metro,12.2,12,6,Wednesday,5,12,1,15.5,Clear,40.0,48.0,0,-3.0,0,0,0
T105385,2025-11-16,T9,Tram,13.6,26,12,Sunday,11,18,0,9.9,Rain,33.0,64.0,0,2.7,1,1,0
T103384,2025-10-19,T7,Tram,8.3,17,10,Sunday,10,18,0,13.850000000000001,Clear,61.0,56.0,0,8.7,1,1,1
T101918,2025-06-14,B12,Bus,14.5,32,10,Saturday,6,12,0,24.5,Storm,26.0,9.0,0,2.8,0,1,0
T101717,2025-05-19,M2,Metro,16.5,15,5,Monday,5,17,0,25.3,Clear,75.0,67.0,0,1.5,1,0,0
T105226,2025-04-24,R4,Train,35.5,9,30,Thursday,4,19,0,14.8,Clear,88.0,78.0,0,3.7,1,0,0
T104146,2025-05-31,R4,Train,35.5,9,30,Saturday,5,7,0,24.2,Clear,31.0,57.0,0,1.7,1,1,0
T100667,2025-11-11,B45,Bus,18.0,38,15,Tuesday,11,15,0,5.4,Snow,47.0,49.0,1,19.5,0,0,1
T100590,2025-10-20,B12,Bus,14.5,32,10,Monday,10,9,0,15.2,Clear,71.0,93.0,0,8.2,1,0,1
T103658,2025-05-03,M3,Metro,12.2,12,6,Saturday,5,17,0,28.4,Clear,43.0,72.0,0,0.1,1,1,0
T104403,2025-12-09,B45,Bus,18.0,38,15,Tuesday,12,6,0,1.0,Rain,33.0,50.0,0,0.8,0,0,0
T100880,2025-02-01,B61,Bus,7.4,18,8,Saturday,2,18,0,5.5,Rain,51.0,83.0,0,6.6,1,1,1
T105776,2025-05-26,M2,Metro,16.5,15,5,Monday,5,16,0,20.5,Rain,97.0,70.0,0,1.4,1,0,0
T103117,2025-08-23,B12,Bus,14.5,32,10,Saturday,8,9,0,33.1,Storm,69.0,81.0,0,11.7,1,1,1
T102392,2025-08-14,R4,Train,35.5,9,30,Thursday,8,19,0,22.9,Rain,87.0,66.0,0,5.6,1,0,1
T103802,2025-10-21,M1,Metro,21.0,19,4,Tuesday,10,14,0,16.1,Rain,42.0,51.0,0,1.5,0,0,0
T100884,2025-10-24,B12,Bus,14.5,32,10,Friday,10,7,0,20.3,Clear,75.0,96.0,0,7.5,1,0,1
T104787,2025-01-04,T7,Tram,8.3,17,10,Saturday,1,19,0,6.5,Rain,67.0,46.0,0,5.4,1,1,1
T104504,2025-01-07,T3,Tram,11.0,22,8,Tuesday,1,5,0,-0.0,Clear,17.0,34.0,0,-3.0,0,0,0
T105655,2025-03-22,B45,Bus,18.0,38,15,Saturday,3,12,0,4.8,Clear,13.0,30.0,0,-3.0,0,1,0
T101054,2025-01-28,R4,Train,35.5,9,30,Tuesday,1,16,1,3.0,Rain,42.0,92.0,0,3.9,1,0,0
T104555,2025-03-20,M2,Metro,16.5,15,5,Thursday,3,11,0,14.7,Rain,43.0,37.0,1,9.1,0,0,1
T101453,2025-03-31,R4,Train,35.5,9,30,Monday,3,10,0,4.0,Clear,14.0,40.0,0,-2.5,0,0,0
T100904,2025-06-17,M1,Metro,21.0,19,4,Tuesday,6,7,0,27.7,Fog,77.0,99.0,0,6.7,1,0,1
T104918,2025-11-05,B27,Bus,9.2,24,12,Wednesday,11,15,0,13.6,Clear,56.0,51.0,0,-1.6,0,0,0
T102009,2025-08-19,T9,Tram,13.6,26,12,Tuesday,8,6,0,27.2,Clear,20.0,35.0,0,0.3,0,0,0
T102217,2025-12-31,R1,Train,42.0,11,20,Wednesday,12,20,0,0.7,Clear,51.0,10.0,0,-1.9,0,0,0
T100914,2025-08-05,B45,Bus,18.0,38,15,Tuesday,8,13,0,22.7,Rain,56.0,53.0,0,10.1,0,0,1
T100686,2025-05-29,B45,Bus,18.0,38,15,Thursday,5,17,0,9.5,Storm,70.0,94.0,0,12.4,1,0,1
T105124,2025-02-12,M1,Metro,21.0,19,4,Wednesday,2,6,0,4.8,Fog,53.0,39.0,0,-1.9,0,0,0
T104265,2025-12-28,B45,Bus,18.0,38,15,Sunday,12,18,0,4.7,Rain,63.0,61.0,0,8.9,1,1,1
T105216,2025-10-15,T9,Tram,13.6,26,12,Wednesday,10,7,0,13.2,Clear,70.0,77.0,0,5.5,1,0,1
T100743,2025-04-09,B12,Bus,14.5,32,10,Wednesday,4,8,0,15.4,Clear,68.0,72.0,0,7.5,1,0,1
T104306,2025-09-27,M1,Metro,21.0,19,4,Saturday,9,11,0,17.4,Clear,15.0,39.0,0,-3.0,0,1,0
T103654,2025-09-02,R4,Train,35.5,9,30,Tuesday,9,14,0,21.4,Clear,40.0,48.0,0,-3.0,0,0,0
T101432,2025-03-04,T3,Tram,11.0,22,8,Tuesday,3,7,0,7.8,Storm,51.0,93.0,0,10.0,1,0,1
T100279,2025-01-31,T3,Tram,11.0,22,8,Friday,1,18,0,6.8,Rain,62.0,60.0,0,6.4,1,0,1
T104644,2025-01-10,R1,Train,42.0,11,20,Friday,1,21,0,1.3,Snow,29.0,44.0,0,3.2,0,0,0
T105251,2025-06-04,M1,Metro,21.0,19,4,Wednesday,6,17,0,23.5,Clear,58.0,83.0,0,1.3,1,0,0
T102822,2025-02-16,M1,Metro,21.0,19,4,Sunday,2,7,0,1.1,Clear,53.0,63.0,0,-1.1,1,1,0
T100606,2025-04-28,R1,Train,42.0,11,20,Monday,4,17,0,15.6,Clear,61.0,112.0,1,17.7,1,0,1
T102808,2025-10-16,M3,Metro,12.2,12,6,Thursday,10,7,0,14.6,Fog,83.0,79.0,0,1.2,1,0,0
T101503,2025-04-28,T9,Tram,13.6,26,12,Monday,4,7,0,14.0,Clear,71.0,66.0,0,3.4,1,0,0
T100261,2025-03-04,T7,Tram,8.3,17,10,Tuesday,3,16,0,6.9,Clear,65.0,59.0,0,2.1,1,0,0
T100368,2025-01-09,B12,Bus,14.5,32,10,Thursday,1,11,1,0.1,Rain,22.0,39.0,0,-3.0,0,0,0
T100702,2025-03-03,T9,Tram,13.6,26,12,Monday,3,17,0,9.0,Rain,71.0,86.0,0,5.3,1,0,1
T103834,2025-02-21,B27,Bus,9.2,24,12,Friday,2,20,0,3.8,Rain,33.0,56.0,0,0.6,0,0,0
T102237,2025-04-09,B61,Bus,7.4,18,8,Wednesday,4,21,0,13.6,Clear,40.0,62.0,0,-0.8,0,0,0
T104546,2025-08-04,R1,Train,42.0,11,20,Monday,8,22,0,22.3,Storm,37.0,34.0,0,0.1,0,0,0
T101545,2025-08-04,M2,Metro,16.5,15,5,Monday,8,17,0,25.4,Rain,52.0,96.0,0,2.8,1,0,0
T104375,2025-08-02,T9,Tram,13.6,26,12,Saturday,8,22,0,20.3,Clear,23.0,29.0,0,-3.0,0,1,0
T101218,2025-10-23,B61,Bus,7.4,18,8,Thursday,10,8,0,21.3,Clear,62.0,74.0,0,4.2,1,0,0
T102556,2025-10-19,R1,Train,42.0,11,20,Sunday,10,16,0,15.2,Rain,48.0,54.0,0,4.5,1,1,0
T101907,2025-02-28,M2,Metro,16.5,15,5,Friday,2,9,0,4.6,Clear,70.0,60.0,0,2.0,1,0,0
T102633,2025-07-25,R4,Train,35.5,9,30,Friday,7,17,0,27.0,Clear,90.0,80.0,0,3.0,1,0,0
T102610,2025-12-21,B45,Bus,18.0,38,15,Sunday,12,17,0,0.5,Snow,42.0,41.0,0,11.0,1,1,1
T105181,2025-10-08,T7,Tram,8.3,17,10,Wednesday,10,19,0,19.9,Clear,69.0,52.0,0,9.7,1,0,1
T104112,2025-02-25,B12,Bus,14.5,32,10,Tuesday,2,19,0,2.8,Snow,67.0,87.0,0,16.7,1,0,1
T100920,2025-11-15,B61,Bus,7.4,18,8,Saturday,11,13,0,14.2,Clear,10.0,66.0,0,-3.0,0,1,0
T105003,2025-09-07,T9,Tram,13.6,26,12,Sunday,9,22,0,20.0,Clear,19.0,22.0,1,9.4,0,1,1
T102823,2025-12-23,B12,Bus,14.5,32,10,Tuesday,12,18,0,-2.7,Clear,81.0,98.0,0,12.9,1,0,1
T102165,2025-12-04,M2,Metro,16.5,15,5,Thursday,12,17,0,3.0,Clear,61.0,67.0,0,0.3,1,0,0
T104157,2025-04-21,T3,Tram,11.0,22,8,Monday,4,19,0,13.4,Storm,69.0,72.0,0,7.7,1,0,1
T104585,2025-08-11,R1,Train,42.0,11,20,Monday,8,22,0,21.0,Rain,54.0,46.0,0,2.5,0,0,0
T103502,2025-04-24,B45,Bus,18.0,38,15,Thursday,4,15,0,10.6,Fog,18.0,77.0,0,-1.0,0,0,0
T102748,2025-06-01,R4,Train,35.5,9,30,Sunday,6,12,0,28.3,Rain,11.0,51.0,0,-2.4,0,1,0
T105641,2025-04-16,M2,Metro,16.5,15,5,Wednesday,4,7,0,15.4,Clear,78.0,70.0,0,-0.6,1,0,0
T104073,2025-12-10,R1,Train,42.0,11,20,Wednesday,12,22,0,3.1,Clear,39.0,36.0,0,-3.0,0,0,0
T100532,2025-02-26,T7,Tram,8.3,17,10,Wednesday,2,12,0,3.6,Rain,42.0,39.0,0,-2.8,0,0,0
T103167,2025-04-08,R4,Train,35.5,9,30,Tuesday,4,17,0,14.9,Rain,70.0,82.0,0,3.2,1,0,0
T103491,2025-08-20,B12,Bus,14.5,32,10,Wednesday,8,15,0,26.5,Rain,40.0,36.0,0,1.6,0,0,0
T104653,2025-03-18,M1,Metro,21.0,19,4,Tuesday,3,9,0,4.5,Clear,66.0,53.0,0,0.9,1,0,0
T105147,2025-10-29,R1,Train,42.0,11,20,Wednesday,10,8,0,8.6,Clear,87.0,60.0,0,1.9,1,0,0
T104831,2025-02-09,T7,Tram,8.3,17,10,Sunday,2,17,0,1.2,Snow,61.0,49.0,0,6.0,1,1,1
T105322,2025-09-09,T9,Tram,13.6,26,12,Tuesday,9,14,1,20.6,Clear,37.0,33.0,0,-3.0,0,0,0
T102543,2025-05-19,T7,Tram,8.3,17,10,Monday,5,22,0,21.7,Storm,44.0,39.0,0,0.6,0,0,0
T105055,2025-11-26,B45,Bus,18.0,38,15,Wednesday,11,20,0,6.9,Storm,35.0,54.0,1,23.5,0,0,1
T100500,2025-02-11,B27,Bus,9.2,24,12,Tuesday,2,9,0,3.8,Snow,56.0,66.0,0,11.7,1,0,1
T104186,2025-04-08,T7,Tram,8.3,17,10,Tuesday,4,22,0,13.2,Clear,31.0,5.0,0,-0.7,0,0,0
T103011,2025-07-04,T3,Tram,11.0,22,8,Friday,7,19,0,22.7,Rain,56.0,35.0,0,4.1,1,0,0
T101103,2025-02-24,T9,Tram,13.6,26,12,Monday,2,9,0,4.3,Clear,55.0,66.0,0,4.6,1,0,0
T105211,2025-02-22,T9,Tram,13.6,26,12,Saturday,2,14,0,7.0,Clear,34.0,43.0,0,-2.9,0,1,0
T105341,2025-08-13,M1,Metro,21.0,19,4,Wednesday,8,16,0,23.8,Clear,78.0,93.0,0,1.5,1,0,0
T104517,2025-01-22,T7,Tram,8.3,17,10,Wednesday,1,11,0,-0.3,Fog,53.0,43.0,0,-0.2,0,0,0
T103667,2025-03-08,M2,Metro,16.5,15,5,Saturday,3,19,0,-1.8,Storm,48.0,61.0,0,7.1,1,1,1
T100873,2025-02-15,B61,Bus,7.4,18,8,Saturday,2,7,0,3.5,Clear,41.0,53.0,0,5.0,1,1,0
T102922,2025-02-15,M1,Metro,21.0,19,4,Saturday,2,7,0,10.2,Rain,59.0,66.0,0,1.9,1,1,0
T102470,2025-11-22,T9,Tram,13.6,26,12,Saturday,11,19,0,-5.5,Clear,52.0,56.0,0,2.0,1,1,0
T101658,2025-11-03,M1,Metro,21.0,19,4,Monday,11,16,0,3.6,Clear,77.0,86.0,0,1.2,1,0,0
T103521,2025-05-02,T9,Tram,13.6,26,12,Friday,5,21,0,17.2,Clear,56.0,28.0,0,-3.0,0,0,0
T103186,2025-10-07,B12,Bus,14.5,32,10,Tuesday,10,20,0,12.4,Clear,25.0,55.0,0,-3.0,0,0,0
T104137,2025-04-05,B61,Bus,7.4,18,8,Saturday,4,5,0,9.3,Rain,5.0,48.0,0,-3.0,0,1,0
T102198,2025-07-28,T9,Tram,13.6,26,12,Monday,7,8,0,29.6,Clear,69.0,107.0,0,9.2,1,0,1
T101620,2025-04-07,R4,Train,35.5,9,30,Monday,4,16,0,16.8,Clear,73.0,74.0,0,2.7,1,0,0
T101361,2025-01-25,M2,Metro,16.5,15,5,Saturday,1,16,0,-0.6,Snow,38.0,44.0,0,4.4,1,1,0
T103010,2025-05-15,T7,Tram,8.3,17,10,Thursday,5,8,0,15.6,Clear,84.0,77.0,0,5.4,1,0,1
T101272,2025-12-07,T9,Tram,13.6,26,12,Sunday,12,17,0,9.3,Storm,67.0,79.0,0,9.7,1,1,1
T102216,2025-06-14,M1,Metro,21.0,19,4,Saturday,6,15,0,21.1,Clear,14.0,25.0,0,-3.0,0,1,0
T100205,2025-04-08,R4,Train,35.5,9,30,Tuesday,4,18,0,18.6,Clear,61.0,100.0,0,2.9,1,0,0
T104973,2025-10-09,R1,Train,42.0,11,20,Thursday,10,8,0,5.1,Clear,55.0,80.0,0,3.5,1,0,0
T105946,2025-04-06,T7,Tram,8.3,17,10,Sunday,4,18,0,16.4,Clear,73.0,69.0,0,4.3,1,1,0
T104741,2025-06-18,B27,Bus,9.2,24,12,Wednesday,6,13,0,21.9,Rain,8.0,52.0,0,-3.0,0,0,0
T101278,2025-01-03,T9,Tram,13.6,26,12,Friday,1,7,0,-0.1,Clear,72.0,71.0,1,18.1,1,0,1
T104827,2025-07-16,B45,Bus,18.0,38,15,Wednesday,7,9,0,23.6,Rain,81.0,87.0,0,11.3,1,0,1
T102285,2025-10-31,B12,Bus,14.5,32,10,Friday,10,8,0,12.9,Clear,55.0,78.0,0,8.5,1,0,1
T101291,2025-11-10,M3,Metro,12.2,12,6,Monday,11,19,0,8.6,Rain,59.0,87.0,0,-0.0,1,0,0
T100575,2025-05-17,T7,Tram,8.3,17,10,Saturday,5,7,0,17.8,Clear,63.0,70.0,0,2.9,1,1,0
T105651,2025-09-27,B27,Bus,9.2,24,12,Saturday,9,21,0,19.1,Fog,17.0,19.0,0,-2.6,0,1,0
T105334,2025-08-10,M1,Metro,21.0,19,4,Sunday,8,19,0,22.2,Storm,68.0,49.0,0,4.8,1,1,0
T104951,2025-01-19,B27,Bus,9.2,24,12,Sunday,1,16,0,2.1,Rain,56.0,60.0,0,6.3,1,1,1
T101048,2025-09-01,M3,Metro,12.2,12,6,Monday,9,10,0,24.2,Clear,52.0,78.0,0,-3.0,0,0,0
T102053,2025-12-12,M1,Metro,21.0,19,4,Friday,12,19,0,0.4,Clear,68.0,75.0,0,3.4,1,0,0
T103566,2025-06-04,B45,Bus,18.0,38,15,Wednesday,6,16,0,28.3,Rain,93.0,92.0,0,11.0,1,0,1
T105240,2025-05-09,M1,Metro,21.0,19,4,Friday,5,7,0,17.2,Clear,77.0,97.0,0,2.6,1,0,0
T101507,2025-06-25,M3,Metro,12.2,12,6,Wednesday,6,14,0,30.1,Rain,54.0,41.0,0,-3.0,0,0,0
T103488,2025-06-11,T9,Tram,13.6,26,12,Wednesday,6,18,0,27.7,Clear,84.0,84.0,0,4.5,1,0,0
T103956,2025-07-10,M3,Metro,12.2,12,6,Thursday,7,5,0,31.4,Fog,34.0,39.0,0,-2.0,0,0,0
T102495,2025-03-16,B12,Bus,14.5,32,10,Sunday,3,6,0,6.1,Storm,16.0,49.0,0,2.4,0,1,0
T101902,2025-09-20,T3,Tram,11.0,22,8,Saturday,9,6,0,17.2,Storm,32.0,41.0,0,1.6,0,1,0
T101292,2025-06-11,B61,Bus,7.4,18,8,Wednesday,6,19,0,25.4,Rain,61.0,94.0,0,8.6,1,0,1
T103244,2025-09-24,M3,Metro,12.2,12,6,Wednesday,9,19,0,16.3,Clear,86.0,81.0,0,-0.2,1,0,0
T101938,2025-12-17,B12,Bus,14.5,32,10,Wednesday,12,17,0,6.9,Fog,53.0,73.0,0,8.3,1,0,1
T102058,2025-05-24,M1,Metro,21.0,19,4,Saturday,5,6,0,14.1,Clear,7.0,44.0,0,-3.0,0,1,0
T101267,2025-05-17,T3,Tram,11.0,22,8,Saturday,5,20,0,17.7,Rain,35.0,13.0,0,-3.0,0,1,0
T104424,2025-04-25,B27,Bus,9.2,24,12,Friday,4,15,0,16.8,Fog,32.0,31.0,0,-0.6,0,0,0
T100671,2025-08-13,T3,Tram,11.0,22,8,Wednesday,8,16,0,21.3,Rain,73.0,83.0,0,4.5,1,0,0
T102404,2025-05-21,R1,Train,42.0,11,20,Wednesday,5,16,0,16.9,Clear,76.0,85.0,0,2.2,1,0,0
T102175,2025-10-06,M1,Metro,21.0,19,4,Monday,10,5,0,10.4,Rain,40.0,45.0,0,-3.0,0,0,0
T105649,2025-12-24,T3,Tram,11.0,22,8,Wednesday,12,14,0,3.5,Snow,22.0,68.0,0,-0.3,0,0,0
T101739,2025-03-16,T7,Tram,8.3,17,10,Sunday,3,8,0,12.5,Rain,45.0,41.0,0,7.1,1,1,1
T104270,2025-10-19,R4,Train,35.5,9,30,Sunday,10,5,0,11.7,Clear,13.0,5.0,0,-3.0,0,1,0
T102260,2025-01-09,M1,Metro,21.0,19,4,Thursday,1,16,0,-0.2,Rain,53.0,73.0,0,1.5,1,0,0
T104199,2025-03-29,R1,Train,42.0,11,20,Saturday,3,22,0,4.5,Clear,18.0,5.0,0,-3.0,0,1,0
T104391,2025-10-25,R4,Train,35.5,9,30,Saturday,10,20,0,8.8,Rain,17.0,40.0,0,-2.9,0,1,0
T101377,2025-10-02,M1,Metro,21.0,19,4,Thursday,10,9,0,14.7,Clear,55.0,79.0,0,2.8,1,0,0
T100094,2025-11-24,B61,Bus,7.4,18,8,Monday,11,17,0,10.0,Clear,56.0,69.0,0,6.1,1,0,1
T100179,2025-07-02,R4,Train,35.5,9,30,Wednesday,7,17,0,25.5,Clear,65.0,76.0,0,5.9,1,0,1
T105765,2025-07-20,M3,Metro,12.2,12,6,Sunday,7,7,0,29.7,Clear,53.0,48.0,0,1.5,1,1,0
T102084,2025-02-17,M2,Metro,16.5,15,5,Monday,2,9,0,5.3,Clear,67.0,87.0,0,-0.2,1,0,0
T100322,2025-08-13,B27,Bus,9.2,24,12,Wednesday,8,21,0,22.5,Fog,58.0,38.0,0,2.5,0,0,0
T104698,2025-04-20,M3,Metro,12.2,12,6,Sunday,4,20,0,17.9,Rain,10.0,14.0,0,-3.0,0,1,0
T102041,2025-11-22,B45,Bus,18.0,38,15,Saturday,11,19,0,11.7,Clear,47.0,55.0,0,4.3,1,1,0
T104346,2025-01-19,R4,Train,35.5,9,30,Sunday,1,9,0,-5.7,Clear,73.0,75.0,0,5.8,1,1,1
T100250,2025-03-07,M2,Metro,16.5,15,5,Friday,3,15,0,15.0,Rain,29.0,44.0,0,-3.0,0,0,0
T101863,2025-05-16,M1,Metro,21.0,19,4,Friday,5,13,0,23.0,Rain,21.0,27.0,0,-3.0,0,0,0
T103436,2025-04-18,B12,Bus,14.5,32,10,Friday,4,8,0,15.0,Storm,93.0,85.0,0,14.4,1,0,1
T102577,2025-06-14,R4,Train,35.5,9,30,Saturday,6,16,0,21.4,Storm,59.0,53.0,1,19.8,1,1,1
T102840,2025-06-09,B61,Bus,7.4,18,8,Monday,6,17,0,25.6,Rain,76.0,85.0,0,8.5,1,0,1
T104329,2025-11-17,M1,Metro,21.0,19,4,Monday,11,17,0,5.9,Fog,73.0,70.0,0,1.6,1,0,0
T103899,2025-12-04,M2,Metro,16.5,15,5,Thursday,12,8,0,-2.7,Fog,72.0,85.0,0,1.2,1,0,0
T101386,2025-07-24,M3,Metro,12.2,12,6,Thursday,7,5,0,27.4,Rain,38.0,47.0,0,-3.0,0,0,0
T105422,2025-01-27,R1,Train,42.0,11,20,Monday,1,20,0,8.3,Rain,19.0,61.0,0,-3.0,0,0,0
T104282,2025-03-03,B12,Bus,14.5,32,10,Monday,3,7,0,2.1,Clear,79.0,69.0,0,6.4,1,0,1
T100238,2025-04-23,R4,Train,35.5,9,30,Wednesday,4,10,0,13.8,Clear,35.0,27.0,0,-3.0,0,0,0
T100125,2025-07-26,B45,Bus,18.0,38,15,Saturday,7,17,0,25.4,Clear,30.0,63.0,0,6.5,1,1,1
T103822,2025-07-20,B45,Bus,18.0,38,15,Sunday,7,14,0,22.8,Clear,9.0,36.0,0,-1.7,0,1,0
T104066,2025-11-08,M3,Metro,12.2,12,6,Saturday,11,19,0,6.7,Clear,60.0,67.0,0,-0.7,1,1,0
T100023,2025-12-05,R1,Train,42.0,11,20,Friday,12,10,0,-1.7,Snow,12.0,60.0,0,0.7,0,0,0
T103312,2025-12-06,T3,Tram,11.0,22,8,Saturday,12,17,0,13.850000000000001,Snow,56.0,60.0,0,6.0,1,1,1
T103495,2025-07-14,M1,Metro,21.0,19,4,Monday,7,16,0,28.1,Clear,58.0,90.0,0,1.6,1,0,0
T101553,2025-08-14,M2,Metro,16.5,15,5,Thursday,8,9,0,24.7,Fog,64.0,81.0,0,1.6,1,0,0
T101972,2025-09-06,T7,Tram,8.3,17,10,Saturday,9,21,0,20.9,Rain,22.0,17.0,0,-3.0,0,1,0
T102031,2025-03-06,T9,Tram,13.6,26,12,Thursday,3,8,0,11.5,Rain,67.0,66.0,0,7.1,1,0,1
T102872,2025-10-26,M3,Metro,12.2,12,6,Sunday,10,17,0,10.5,Rain,63.0,70.0,0,1.7,1,1,0
T103255,2025-03-10,B61,Bus,7.4,18,8,Monday,3,9,0,8.3,Clear,69.0,86.0,0,7.7,1,0,1
T102764,2025-03-16,B61,Bus,7.4,18,8,Sunday,3,17,0,1.5,Rain,46.0,72.0,0,5.5,1,1,1
T100563,2025-03-08,B12,Bus,14.5,32,10,Saturday,3,7,1,6.3,Clear,76.0,83.0,0,6.9,1,1,1
T105138,2025-01-30,T9,Tram,13.6,26,12,Thursday,1,22,0,-0.1,Clear,49.0,40.0,0,-1.4,0,0,0
T102759,2025-06-06,B12,Bus,14.5,32,10,Friday,6,19,0,13.6,Clear,82.0,88.0,0,11.8,1,0,1
T105570,2025-10-06,B27,Bus,9.2,24,12,Monday,10,17,0,11.2,Fog,80.0,47.0,0,10.5,1,0,1
T105146,2025-06-23,T3,Tram,11.0,22,8,Monday,6,8,0,33.0,Clear,81.0,77.0,0,5.3,1,0,1
T103528,2025-03-10,B27,Bus,9.2,24,12,Monday,3,18,0,4.1,Rain,56.0,82.0,0,6.4,1,0,1
T103376,2025-07-04,T7,Tram,8.3,17,10,Friday,7,13,0,20.9,Clear,29.0,26.0,0,-3.0,0,0,0
T103064,2025-09-16,M1,Metro,21.0,19,4,Tuesday,9,9,0,22.2,Clear,87.0,64.0,0,0.6,1,0,0
T101698,2025-05-12,B12,Bus,14.5,32,10,Monday,5,18,0,20.6,Fog,71.0,102.0,0,9.2,1,0,1
T101373,2025-06-03,T3,Tram,11.0,22,8,Tuesday,6,22,0,17.0,Rain,24.0,50.0,0,-3.0,0,0,0
T102894,2025-04-06,T7,Tram,8.3,17,10,Sunday,4,19,0,3.4,Clear,67.0,51.0,0,3.2,1,1,0
T101140,2025-11-18,B45,Bus,18.0,38,15,Tuesday,11,7,0,1.4,Clear,100.0,86.0,0,11.3,1,0,1
T102364,2025-10-05,R1,Train,42.0,11,20,Sunday,10,13,0,9.6,Clear,9.0,39.0,0,-3.0,0,1,0
T104862,2025-11-22,B12,Bus,14.5,32,10,Saturday,11,18,0,6.1,Storm,64.0,65.0,0,14.2,1,1,1
T105110,2025-07-20,B61,Bus,7.4,18,8,Sunday,7,17,0,23.6,Clear,76.0,82.0,0,6.7,1,1,1
T105178,2025-02-01,R4,Train,35.5,9,30,Saturday,2,6,0,2.3,Fog,28.0,12.0,0,-3.0,0,1,0
T100465,2025-12-19,T9,Tram,13.6,26,12,Friday,12,9,0,7.5,Clear,93.0,79.0,0,6.2,1,0,1
T104178,2025-06-17,M3,Metro,12.2,12,6,Tuesday,6,9,0,22.5,Clear,66.0,77.0,0,-0.2,1,0,0
T103482,2025-10-18,B12,Bus,14.5,32,10,Saturday,10,16,0,20.8,Fog,29.0,55.0,0,4.8,1,1,0
T104622,2025-10-29,R4,Train,35.5,9,30,Wednesday,10,19,0,14.1,Clear,54.0,80.0,0,2.0,1,0,0
T105835,2025-11-08,M3,Metro,12.2,12,6,Saturday,11,12,0,5.6,Rain,19.0,36.0,0,-3.0,0,1,0
T104470,2025-05-27,M1,Metro,21.0,19,4,Tuesday,5,16,0,23.1,Rain,43.0,52.0,0,4.1,1,0,0
T100879,2025-08-18,M1,Metro,21.0,19,4,Monday,8,9,0,22.3,Clear,99.0,68.0,0,2.1,1,0,0
T105310,2025-11-29,R4,Train,35.5,9,30,Saturday,11,7,0,15.2,Clear,40.0,75.0,0,2.0,1,1,0
T105648,2025-12-22,T7,Tram,8.3,17,10,Monday,12,8,0,7.7,Fog,64.0,79.0,0,6.9,1,0,1
T104091,2025-01-16,R4,Train,35.5,9,30,Thursday,1,8,0,-1.8,Storm,66.0,77.0,0,9.0,1,0,1
T105796,2025-11-13,T7,Tram,8.3,17,10,Thursday,11,8,0,1.7,Clear,77.0,68.0,1,16.2,1,0,1
T103830,2025-11-24,B12,Bus,14.5,32,10,Monday,11,21,0,13.2,Clear,33.0,49.0,0,-2.0,0,0,0
T105446,2025-09-01,M2,Metro,16.5,15,5,Monday,9,16,0,14.9,Clear,46.0,69.0,0,1.5,1,0,0
T103423,2025-05-20,B45,Bus,18.0,38,15,Tuesday,5,17,0,17.1,Rain,89.0,66.0,0,9.2,1,0,1
T103021,2025-02-17,M1,Metro,21.0,19,4,Monday,2,10,0,1.6,Rain,67.0,67.0,0,-1.4,0,0,0
T104239,2025-03-29,T9,Tram,13.6,26,12,Saturday,3,8,0,4.7,Rain,55.0,67.0,0,2.9,1,1,0
T105415,2025-03-25,R1,Train,42.0,11,20,Tuesday,3,9,0,7.5,Clear,63.0,97.0,0,3.8,1,0,0
T102738,2025-06-29,M2,Metro,16.5,15,5,Sunday,6,5,0,26.1,Rain,12.0,14.0,0,-3.0,0,1,0
T104398,2025-01-26,B45,Bus,18.0,38,15,Sunday,1,5,0,7.6,Clear,13.0,27.0,0,-2.6,0,1,0
T105492,2025-03-06,B12,Bus,14.5,32,10,Thursday,3,18,0,8.0,Rain,81.0,69.0,0,9.0,1,0,1
T105347,2025-06-22,T9,Tram,13.6,26,12,Sunday,6,16,0,24.2,Rain,43.0,66.0,0,3.4,1,1,0
T105464,2025-03-14,B27,Bus,9.2,24,12,Friday,3,5,0,9.8,Fog,18.0,19.0,0,-3.0,0,0,0
T103678,2025-07-16,M3,Metro,12.2,12,6,Wednesday,7,7,0,30.6,Clear,85.0,69.0,0,3.3,1,0,0
T102842,2025-10-06,M1,Metro,21.0,19,4,Monday,10,18,0,14.7,Storm,82.0,75.0,0,5.3,1,0,1
T103607,2025-09-11,T7,Tram,8.3,17,10,Thursday,9,18,0,18.4,Fog,57.0,67.0,0,4.7,1,0,0
T101212,2025-06-18,T9,Tram,13.6,26,12,Wednesday,6,21,0,29.0,Clear,46.0,37.0,0,-2.2,0,0,0
T105115,2025-04-06,B61,Bus,7.4,18,8,Sunday,4,20,0,18.4,Clear,4.0,31.0,0,-3.0,0,1,0
T104293,2025-02-04,R1,Train,42.0,11,20,Tuesday,2,9,0,8.1,Clear,65.0,41.0,0,4.1,1,0,0
T102100,2025-11-30,T7,Tram,8.3,17,10,Sunday,11,7,0,10.7,Rain,55.0,66.0,0,3.0,1,1,0
T100610,2025-11-01,T3,Tram,11.0,22,8,Saturday,11,16,0,0.9,Clear,69.0,45.0,0,2.8,1,1,0
T102086,2025-09-25,M2,Metro,16.5,15,5,Thursday,9,5,0,27.4,Fog,31.0,36.0,0,-3.0,0,0,0
T101414,2025-08-02,B45,Bus,18.0,38,15,Saturday,8,6,0,31.2,Clear,56.0,5.0,0,-3.0,0,1,0
T103241,2025-03-17,B45,Bus,18.0,38,15,Monday,3,17,0,7.1,Clear,53.0,61.0,0,4.5,1,0,0
T103434,2025-03-27,T7,Tram,8.3,17,10,Thursday,3,21,0,5.1,Storm,60.0,61.0,0,2.0,0,0,0
T101204,2025-08-26,B12,Bus,14.5,32,10,Tuesday,8,19,0,16.0,Clear,73.0,43.0,0,5.4,1,0,1
T102852,2025-02-11,T9,Tram,13.6,26,12,Tuesday,2,7,0,1.8,Fog,57.0,66.0,0,7.5,1,0,1
T102008,2025-10-15,B61,Bus,7.4,18,8,Wednesday,10,18,0,19.1,Clear,79.0,71.0,0,5.3,1,0,1
T103275,2025-12-04,M2,Metro,16.5,15,5,Thursday,12,8,0,0.1,Rain,49.0,90.0,0,2.9,1,0,0
T100943,2025-06-23,T7,Tram,8.3,17,10,Monday,6,12,0,26.1,Clear,34.0,6.0,0,-3.0,0,0,0
T102873,2025-03-21,M3,Metro,12.2,12,6,Friday,3,13,0,10.1,Clear,22.0,37.0,0,-3.0,0,0,0
T104522,2025-07-16,B61,Bus,7.4,18,8,Wednesday,7,8,0,29.0,Fog,67.0,79.0,0,10.1,1,0,1
T100544,2025-10-31,B45,Bus,18.0,38,15,Friday,10,19,0,15.3,Rain,78.0,93.0,0,10.1,1,0,1
T103584,2025-10-02,M3,Metro,12.2,12,6,Thursday,10,5,0,6.0,Rain,24.0,9.0,0,-2.8,0,0,0
T104906,2025-04-15,R1,Train,42.0,11,20,Tuesday,4,17,0,13.5,Clear,59.0,76.0,0,3.5,1,0,0
T101460,2025-10-16,T9,Tram,13.6,26,12,Thursday,10,9,0,13.5,Rain,60.0,87.0,0,4.8,1,0,0
T100492,2025-10-02,B61,Bus,7.4,18,8,Thursday,10,6,1,6.4,Clear,39.0,45.0,0,-3.0,0,0,0
T104069,2025-02-06,M1,Metro,21.0,19,4,Thursday,2,17,0,-4.3,Clear,70.0,57.0,0,-0.2,1,0,0
T105400,2025-11-07,T3,Tram,11.0,22,8,Friday,11,5,0,10.1,Rain,20.0,62.0,1,13.3,0,0,1
T100779,2025-11-07,B61,Bus,7.4,18,8,Friday,11,7,0,12.2,Clear,68.0,61.0,0,6.4,1,0,1
T104042,2025-10-05,T3,Tram,11.0,22,8,Sunday,10,18,0,13.2,Rain,66.0,70.0,0,3.8,1,1,0
T105778,2025-09-16,R4,Train,35.5,9,30,Tuesday,9,16,0,19.6,Clear,81.0,73.0,0,2.1,1,0,0
T100158,2025-07-04,M3,Metro,12.2,12,6,Friday,7,16,0,18.5,Storm,73.0,89.0,0,8.3,1,0,1
T100961,2025-05-30,T7,Tram,8.3,17,10,Friday,5,19,0,24.4,Clear,72.0,90.0,0,4.4,1,0,0
T101344,2025-03-10,M2,Metro,16.5,15,5,Monday,3,9,0,0.8,Rain,71.0,62.0,0,5.4,1,0,1
T103594,2025-04-01,T7,Tram,8.3,17,10,Tuesday,4,9,0,10.6,Clear,57.0,72.0,0,5.7,1,0,1
T104811,2025-04-01,M2,Metro,16.5,15,5,Tuesday,4,16,0,10.7,Clear,50.0,83.0,0,5.4,1,0,1
T104999,2025-07-01,B61,Bus,7.4,18,8,Tuesday,7,9,0,27.3,Fog,89.0,76.0,0,9.4,1,0,1
T100213,2025-06-14,B61,Bus,7.4,18,8,Saturday,6,13,0,21.8,Clear,37.0,28.0,0,-2.2,0,1,0
T103826,2025-05-04,R1,Train,42.0,11,20,Sunday,5,6,0,18.7,Clear,12.0,14.0,0,-2.8,0,1,0
T102343,2025-09-27,M2,Metro,16.5,15,5,Saturday,9,8,0,12.3,Clear,61.0,67.0,0,-1.0,1,1,0
T102333,2025-10-28,B12,Bus,14.5,32,10,Tuesday,10,15,0,16.9,Storm,69.0,46.0,0,5.0,0,0,0
T102883,2025-01-18,B61,Bus,7.4,18,8,Saturday,1,7,1,5.7,Rain,58.0,66.0,0,5.1,1,1,1
T104292,2025-06-29,B12,Bus,14.5,32,10,Sunday,6,7,0,23.4,Rain,62.0,47.0,0,8.6,1,1,1
T100640,2025-09-02,B61,Bus,7.4,18,8,Tuesday,9,16,0,17.5,Clear,56.0,78.0,0,5.6,1,0,1
T101051,2025-05-14,T7,Tram,8.3,17,10,Wednesday,5,8,0,30.8,Clear,72.0,70.0,0,2.4,1,0,0
T104710,2025-04-15,B61,Bus,7.4,18,8,Tuesday,4,16,0,15.1,Rain,43.0,86.0,0,8.6,1,0,1
T101746,2025-12-27,M3,Metro,12.2,12,6,Saturday,12,17,0,7.0,Clear,45.0,79.0,0,1.5,1,1,0
T100285,2025-12-09,R4,Train,35.5,9,30,Tuesday,12,5,0,7.4,Clear,14.0,39.0,0,-3.0,0,0,0
T101127,2025-08-21,B45,Bus,18.0,38,15,Thursday,8,21,0,13.6,Fog,24.0,54.0,0,-1.8,0,0,0
T103764,2025-05-31,M3,Metro,12.2,12,6,Saturday,5,18,0,19.7,Rain,39.0,86.0,0,1.7,1,1,0
T104236,2025-12-11,R4,Train,35.5,9,30,Thursday,12,17,0,4.4,Clear,76.0,100.0,0,5.5,1,0,1
T100591,2025-11-26,R4,Train,35.5,9,30,Wednesday,11,8,0,1.4,Clear,65.0,73.0,0,6.2,1,0,1
T101203,2025-10-05,B27,Bus,9.2,24,12,Sunday,10,8,0,11.8,Clear,73.0,65.0,0,5.4,1,1,1
T100567,2025-04-02,B27,Bus,9.2,24,12,Wednesday,4,19,0,14.4,Clear,66.0,72.0,0,6.9,1,0,1
T105363,2025-11-08,T3,Tram,11.0,22,8,Saturday,11,18,0,13.4,Clear,57.0,74.0,0,2.0,1,1,0
T101740,2025-06-07,B27,Bus,9.2,24,12,Saturday,6,11,0,26.8,Clear,13.0,5.0,0,-3.0,0,1,0
T105736,2025-04-20,B27,Bus,9.2,24,12,Sunday,4,6,0,11.3,Rain,40.0,25.0,1,14.7,0,1,1
T105052,2025-12-18,R4,Train,35.5,9,30,Thursday,12,20,0,4.3,Clear,57.0,45.0,0,-3.0,0,0,0
T103333,2025-11-06,M3,Metro,12.2,12,6,Thursday,11,18,0,7.8,Clear,64.0,74.0,0,1.9,1,0,0
T102919,2025-05-19,M3,Metro,12.2,12,6,Monday,5,11,0,21.0,Rain,34.0,35.0,0,-3.0,0,0,0
T103629,2025-10-30,T7,Tram,8.3,17,10,Thursday,10,21,0,12.2,Clear,26.0,33.0,0,-0.5,0,0,0
T102079,2025-02-15,M3,Metro,12.2,12,6,Saturday,2,6,0,13.2,Clear,58.0,26.0,0,-3.0,0,1,0
T102557,2025-11-13,B61,Bus,7.4,18,8,Thursday,11,17,0,11.8,Clear,66.0,83.0,0,5.4,1,0,1
T103947,2025-05-15,R1,Train,42.0,11,20,Thursday,5,16,0,18.8,Rain,73.0,94.0,0,6.3,1,0,1
T105142,2025-08-29,M3,Metro,12.2,12,6,Friday,8,7,0,22.8,Clear,62.0,67.0,0,-1.8,1,0,0
T101403,2025-04-28,B45,Bus,18.0,38,15,Monday,4,21,0,13.5,Rain,50.0,62.0,0,0.3,0,0,0
T103512,2025-02-16,T7,Tram,8.3,17,10,Sunday,2,19,0,8.8,Clear,53.0,54.0,0,1.2,1,1,0
T101663,2025-07-22,M1,Metro,21.0,19,4,Tuesday,7,11,0,24.2,Clear,16.0,33.0,0,-3.0,0,0,0
T102138,2025-07-16,R1,Train,42.0,11,20,Wednesday,7,13,0,27.9,Clear,36.0,67.0,1,9.9,0,0,1
T100519,2025-08-05,B12,Bus,14.5,32,10,Tuesday,8,18,0,25.6,Clear,69.0,101.0,0,6.9,1,0,1
T103541,2025-07-31,M1,Metro,21.0,19,4,Thursday,7,22,0,33.8,Fog,34.0,19.0,0,-3.0,0,0,0
T102871,2025-12-23,T9,Tram,13.6,26,12,Tuesday,12,17,0,1.9,Rain,73.0,89.0,0,5.5,1,0,1
T101623,2025-01-07,B27,Bus,9.2,24,12,Tuesday,1,17,0,9.1,Rain,54.0,92.0,0,10.1,1,0,1
T104866,2025-06-20,B61,Bus,7.4,18,8,Friday,6,7,0,27.5,Storm,67.0,52.0,0,13.4,1,0,1
T105476,2025-04-04,B12,Bus,14.5,32,10,Friday,4,18,0,11.6,Clear,73.0,68.0,0,7.9,1,0,1
T105306,2025-05-24,B45,Bus,18.0,38,15,Saturday,5,18,0,11.0,Rain,51.0,64.0,0,11.8,1,1,1
T101470,2025-11-24,M2,Metro,16.5,15,5,Monday,11,19,0,6.0,Clear,62.0,78.0,0,-0.5,1,0,0
T103960,2025-12-12,B27,Bus,9.2,24,12,Friday,12,20,0,2.6,Clear,13.0,34.0,0,-1.9,0,0,0
T101028,2025-07-26,T7,Tram,8.3,17,10,Saturday,7,17,1,33.9,Clear,70.0,72.0,0,1.1,1,1,0
T102882,2025-07-25,B61,Bus,7.4,18,8,Friday,7,18,0,13.6,Storm,72.0,84.0,0,13.1,1,0,1
T101142,2025-12-06,R4,Train,35.5,9,30,Saturday,12,19,0,2.4,Fog,40.0,44.0,0,3.8,1,1,0
T105011,2025-01-20,T3,Tram,11.0,22,8,Monday,1,16,1,0.5,Storm,64.0,70.0,0,5.9,1,0,1
T105751,2025-03-21,T7,Tram,8.3,17,10,Friday,3,17,0,12.2,Clear,63.0,68.0,0,1.9,1,0,0
T103252,2025-02-27,B61,Bus,7.4,18,8,Thursday,2,16,0,5.3,Storm,46.0,87.0,0,11.6,1,0,1
T105351,2025-07-02,R1,Train,42.0,11,20,Wednesday,7,7,0,19.7,Fog,80.0,71.0,0,5.8,1,0,1
T102023,2025-08-07,B45,Bus,18.0,38,15,Thursday,8,17,1,21.9,Clear,85.0,87.0,0,6.9,1,0,1
T103776,2025-07-14,R1,Train,42.0,11,20,Monday,7,9,1,21.2,Clear,65.0,73.0,0,-0.6,1,0,0
T105547,2025-01-18,T9,Tram,13.6,26,12,Saturday,1,9,0,2.2,Clear,56.0,74.0,0,2.4,1,1,0
T105182,2025-08-21,M1,Metro,21.0,19,4,Thursday,8,8,0,23.4,Clear,63.0,79.0,0,-0.4,1,0,0
T101888,2025-01-23,M3,Metro,12.2,12,6,Thursday,1,18,0,0.5,Snow,70.0,69.0,0,20.3,1,0,1
T102632,2025-11-30,T7,Tram,8.3,17,10,Sunday,11,18,0,9.5,Rain,42.0,65.0,0,2.9,1,1,0
T105864,2025-11-30,R1,Train,42.0,11,20,Sunday,11,17,0,2.1,Rain,46.0,67.0,0,2.7,1,1,0
T103242,2025-11-24,M1,Metro,21.0,19,4,Monday,11,17,0,8.1,Clear,75.0,73.0,0,1.7,1,0,0
T103913,2025-07-20,R1,Train,42.0,11,20,Sunday,7,8,0,26.9,Clear,43.0,105.0,1,16.7,1,1,1
T105720,2025-12-24,T7,Tram,8.3,17,10,Wednesday,12,17,0,4.6,Clear,81.0,74.0,0,5.0,1,0,0
T104134,2025-12-27,B12,Bus,14.5,32,10,Saturday,12,10,0,4.9,Rain,27.0,11.0,0,4.0,0,1,0
T100009,2025-02-04,B27,Bus,9.2,24,12,Tuesday,2,13,0,2.2,Rain,48.0,44.0,0,0.9,0,0,0
T101126,2025-11-08,R1,Train,42.0,11,20,Saturday,11,8,0,3.7,Snow,62.0,46.0,0,5.5,1,1,1
T103812,2025-09-04,T3,Tram,11.0,22,8,Thursday,9,9,0,19.3,Clear,63.0,71.0,0,3.2,1,0,0
T105344,2025-04-15,M2,Metro,16.5,15,5,Tuesday,4,13,1,13.9,Clear,49.0,25.0,0,-3.0,0,0,0
T103226,2025-07-31,M2,Metro,16.5,15,5,Thursday,7,15,0,29.7,Clear,53.0,34.0,1,7.6,0,0,1
T102434,2025-06-14,T3,Tram,11.0,22,8,Saturday,6,19,0,24.2,Rain,47.0,42.0,0,5.1,1,1,1
T102661,2025-10-10,B27,Bus,9.2,24,12,Friday,10,8,0,14.1,Rain,80.0,68.0,0,9.1,1,0,1
T103004,2025-09-15,M3,Metro,12.2,12,6,Monday,9,17,0,15.1,Clear,64.0,59.0,0,5.0,1,0,0
T105354,2025-10-14,R4,Train,35.5,9,30,Tuesday,10,8,0,14.5,Clear,76.0,80.0,0,30.199999999999996,1,0,1
T102326,2025-05-05,B61,Bus,7.4,18,8,Monday,5,21,0,24.5,Rain,56.0,24.0,0,-3.0,0,0,0
T101217,2025-09-25,B45,Bus,18.0,38,15,Thursday,9,8,0,16.5,Rain,63.0,71.0,0,6.7,1,0,1
T101057,2025-10-09,R1,Train,42.0,11,20,Thursday,10,17,0,16.4,Clear,68.0,70.0,1,16.7,1,0,1
T102078,2025-04-05,B12,Bus,14.5,32,10,Saturday,4,5,0,13.4,Rain,27.0,34.0,0,-1.7,0,1,0
T104793,2025-04-05,B61,Bus,7.4,18,8,Saturday,4,5,0,13.4,Clear,19.0,48.0,0,-1.9,0,1,0
T101120,2025-01-06,T9,Tram,13.6,26,12,Monday,1,16,0,4.3,Clear,63.0,74.0,0,2.2,1,0,0
T105265,2025-11-21,T7,Tram,8.3,17,10,Friday,11,18,0,6.6,Storm,61.0,84.0,0,7.9,1,0,1
T105705,2025-10-25,B12,Bus,14.5,32,10,Saturday,10,17,0,15.8,Clear,48.0,60.0,0,6.1,1,1,1
T104720,2025-07-28,T3,Tram,11.0,22,8,Monday,7,17,0,25.9,Clear,62.0,67.0,0,3.1,1,0,0
T105516,2025-07-11,T7,Tram,8.3,17,10,Friday,7,22,0,26.0,Clear,25.0,25.0,0,-3.0,0,0,0
T105127,2025-07-08,B45,Bus,18.0,38,15,Tuesday,7,18,0,29.9,Storm,73.0,76.0,0,11.4,1,0,1
T102875,2025-07-08,B45,Bus,18.0,38,15,Tuesday,7,9,0,32.1,Clear,30.0,57.0,0,2.7,1,0,0
T100471,2025-10-21,B27,Bus,9.2,24,12,Tuesday,10,21,0,11.8,Rain,62.0,38.0,0,-0.3,0,0,0
T103204,2025-04-20,M1,Metro,21.0,19,4,Sunday,4,19,0,19.3,Storm,53.0,74.0,0,8.7,1,1,1
T102103,2025-02-17,M2,Metro,16.5,15,5,Monday,2,13,0,5.5,Clear,47.0,32.0,0,-3.0,0,0,0
T100820,2025-01-09,M3,Metro,12.2,12,6,Thursday,1,5,0,3.7,Snow,10.0,38.0,0,30.199999999999996,0,0,1
T101915,2025-07-08,R4,Train,35.5,9,30,Tuesday,7,16,0,22.6,Storm,78.0,69.0,0,8.8,1,0,1
T101263,2025-10-28,R4,Train,35.5,9,30,Tuesday,10,18,0,10.6,Clear,43.0,78.0,0,5.4,1,0,1
T100346,2025-12-28,T9,Tram,13.6,26,12,Sunday,12,13,0,7.3,Clear,17.0,5.0,0,-3.0,0,1,0
T101631,2025-11-24,T3,Tram,11.0,22,8,Monday,11,18,0,2.5,Fog,75.0,76.0,0,4.8,1,0,0
T102472,2025-06-01,T7,Tram,8.3,17,10,Sunday,6,17,0,26.6,Clear,47.0,63.0,0,3.4,1,1,0
T101275,2025-09-18,B45,Bus,18.0,38,15,Thursday,9,9,1,20.6,Rain,72.0,72.0,0,5.0,1,0,0
T101046,2025-03-29,M1,Metro,21.0,19,4,Saturday,3,17,0,2.5,Clear,62.0,76.0,0,1.4,1,1,0
T105579,2025-05-21,T7,Tram,8.3,17,10,Wednesday,5,7,0,17.9,Clear,51.0,59.0,0,0.8,1,0,0
T104158,2025-03-14,R1,Train,42.0,11,20,Friday,3,9,0,3.4,Fog,75.0,86.0,0,5.9,1,0,1
T102054,2025-09-18,M2,Metro,16.5,15,5,Thursday,9,9,0,22.5,Storm,72.0,81.0,0,5.1,1,0,1
T105941,2025-06-21,T3,Tram,11.0,22,8,Saturday,6,19,0,29.2,Storm,53.0,69.0,0,6.8,1,1,1
T104832,2025-05-23,T3,Tram,11.0,22,8,Friday,5,18,0,15.4,Storm,44.0,72.0,0,9.8,1,0,1
T101307,2025-03-28,B45,Bus,18.0,38,15,Friday,3,10,0,6.1,Clear,48.0,66.0,0,-0.7,0,0,0
T102509,2025-02-14,R1,Train,42.0,11,20,Friday,2,8,0,1.3,Clear,73.0,95.0,0,2.7,1,0,0
T101935,2025-03-01,B27,Bus,9.2,24,12,Saturday,3,8,0,4.7,Fog,50.0,71.0,0,5.7,1,1,1
T102163,2025-11-30,B61,Bus,7.4,18,8,Sunday,11,9,0,13.7,Clear,49.0,64.0,0,5.8,1,1,1
T100367,2025-04-26,B45,Bus,18.0,38,15,Saturday,4,17,0,12.6,Storm,68.0,65.0,0,11.0,1,1,1
T100371,2025-08-30,B12,Bus,14.5,32,10,Saturday,8,9,0,26.3,Rain,41.0,66.0,0,5.2,1,1,1
T102463,2025-08-02,B12,Bus,14.5,32,10,Saturday,8,20,0,17.4,Rain,41.0,29.0,0,1.1,0,1,0
T103969,2025-08-14,B61,Bus,7.4,18,8,Thursday,8,15,0,24.5,Rain,42.0,42.0,0,-0.1,0,0,0
T104781,2025-08-05,T9,Tram,13.6,26,12,Tuesday,8,14,1,24.8,Clear,41.0,55.0,0,-3.0,0,0,0
T101253,2025-10-17,R1,Train,42.0,11,20,Friday,10,13,0,6.2,Clear,40.0,38.0,0,-3.0,0,0,0
T105272,2025-03-30,T9,Tram,13.6,26,12,Sunday,3,16,0,7.2,Storm,66.0,29.0,1,25.5,1,1,1
T103877,2025-03-31,M1,Metro,21.0,19,4,Monday,3,20,0,8.4,Clear,34.0,27.0,0,-3.0,0,0,0
T103601,2025-08-11,T7,Tram,8.3,17,10,Monday,8,9,0,28.3,Clear,61.0,65.0,0,2.4,1,0,0
T105205,2025-06-16,R1,Train,42.0,11,20,Monday,6,16,0,18.2,Rain,67.0,91.0,0,4.2,1,0,0
T105030,2025-04-26,B45,Bus,18.0,38,15,Saturday,4,7,0,15.6,Clear,45.0,47.0,0,6.4,1,1,1
T105089,2025-07-12,T9,Tram,13.6,26,12,Saturday,7,16,0,23.4,Clear,46.0,72.0,0,2.2,1,1,0
T104763,2025-03-28,M2,Metro,16.5,15,5,Friday,3,13,0,8.4,Fog,27.0,42.0,0,-2.6,0,0,0
T100537,2025-02-12,R4,Train,35.5,9,30,Wednesday,2,5,0,-2.3,Clear,57.0,67.0,0,-3.0,0,0,0
T104801,2025-08-06,M2,Metro,16.5,15,5,Wednesday,8,7,0,19.1,Rain,61.0,130.0,0,7.4,1,0,1
T104107,2025-11-04,B27,Bus,9.2,24,12,Tuesday,11,10,0,11.5,Clear,35.0,58.0,0,0.6,0,0,0
T104773,2025-12-27,B27,Bus,9.2,24,12,Saturday,12,18,1,-2.8,Snow,35.0,74.0,0,5.9,1,1,1
T103985,2025-05-05,M2,Metro,16.5,15,5,Monday,5,16,0,19.7,Clear,81.0,85.0,0,0.3,1,0,0
T103296,2025-03-19,M3,Metro,12.2,12,6,Wednesday,3,19,0,2.3,Clear,47.0,68.0,0,-0.8,1,0,0
T104226,2025-06-14,T3,Tram,11.0,22,8,Saturday,6,14,0,22.8,Snow,9.0,20.0,0,-2.2,0,1,0
T103207,2025-10-25,M1,Metro,21.0,19,4,Saturday,10,8,0,10.4,Rain,66.0,91.0,1,16.1,1,1,1
T104625,2025-05-21,T3,Tram,11.0,22,8,Wednesday,5,8,1,23.3,Clear,68.0,94.0,0,1.4,1,0,0
T103032,2025-07-25,M1,Metro,21.0,19,4,Friday,7,9,0,31.8,Clear,68.0,86.0,0,1.2,1,0,0
T105888,2025-08-31,R1,Train,42.0,11,20,Sunday,8,9,0,23.9,Clear,44.0,53.0,0,3.5,1,1,0
T102809,2025-03-11,T7,Tram,8.3,17,10,Tuesday,3,13,0,9.0,Storm,13.0,20.0,0,-0.7,0,0,0
T100439,2025-05-26,B61,Bus,7.4,18,8,Monday,5,14,0,17.0,Rain,39.0,37.0,0,-1.8,0,0,0
T101173,2025-03-06,T3,Tram,11.0,22,8,Thursday,3,6,0,4.1,Rain,57.0,50.0,0,-3.0,0,0,0
T104244,2025-05-09,B27,Bus,9.2,24,12,Friday,5,8,0,21.1,Clear,71.0,45.0,0,8.1,1,0,1
T105006,2025-07-01,T7,Tram,8.3,17,10,Tuesday,7,21,0,26.3,Rain,37.0,37.0,1,10.5,0,0,1
T103105,2025-04-21,B12,Bus,14.5,32,10,Monday,4,18,1,22.9,Clear,70.0,106.0,0,14.0,1,0,1
T103480,2025-10-19,M1,Metro,21.0,19,4,Sunday,10,18,0,19.8,Clear,37.0,62.0,0,-0.2,1,1,0
T101032,2025-09-24,R1,Train,42.0,11,20,Wednesday,9,19,0,18.7,Clear,84.0,77.0,0,2.9,1,0,0
T105069,2025-12-16,R1,Train,42.0,11,20,Tuesday,12,19,0,9.8,Rain,69.0,83.0,0,6.4,1,0,1
T103315,2025-11-06,B27,Bus,9.2,24,12,Thursday,11,8,0,7.7,Clear,89.0,89.0,1,21.2,1,0,1
T104893,2025-01-18,M3,Metro,12.2,12,6,Saturday,1,11,0,-0.6,Rain,34.0,20.0,0,-3.0,0,1,0
T103561,2025-03-03,B61,Bus,7.4,18,8,Monday,3,9,0,10.6,Rain,81.0,66.0,0,10.1,1,0,1
T100838,2025-01-06,B12,Bus,14.5,32,10,Monday,1,7,0,13.6,Clear,74.0,66.0,0,6.0,1,0,1
T101458,2025-04-07,B27,Bus,9.2,24,12,Monday,4,19,0,7.1,Rain,57.0,89.0,0,8.5,1,0,1
T102005,2025-02-17,R1,Train,42.0,11,20,Monday,2,9,0,4.3,Clear,68.0,71.0,0,1.3,1,0,0
T100241,2025-08-02,B27,Bus,9.2,24,12,Saturday,8,9,0,13.6,Clear,54.0,97.0,0,6.6,1,1,1
T104099,2025-05-03,R4,Train,35.5,9,30,Saturday,5,7,0,13.3,Rain,58.0,68.0,0,5.4,1,1,1
T100977,2025-07-28,B45,Bus,18.0,38,15,Monday,7,19,0,32.6,Clear,65.0,84.0,0,6.8,1,0,1
T104161,2025-05-24,B45,Bus,18.0,38,15,Saturday,5,19,0,17.2,Rain,53.0,40.0,0,6.1,1,1,1
T105541,2025-03-01,M3,Metro,12.2,12,6,Saturday,3,8,0,11.4,Clear,70.0,62.0,0,0.4,1,1,0
T104118,2025-03-17,T9,Tram,13.6,26,12,Monday,3,17,0,1.6,Rain,71.0,63.0,0,5.9,1,0,1
T101745,2025-12-24,B27,Bus,9.2,24,12,Wednesday,12,6,0,3.3,Snow,35.0,43.0,0,3.4,0,0,0
T104018,2025-03-10,M3,Metro,12.2,12,6,Monday,3,9,0,15.1,Clear,64.0,58.0,0,-0.6,1,0,0
T101316,2025-09-17,M2,Metro,16.5,15,5,Wednesday,9,20,0,18.4,Clear,24.0,43.0,0,-3.0,0,0,0
T104434,2025-08-02,M1,Metro,21.0,19,4,Saturday,8,7,0,20.6,Rain,37.0,84.0,0,1.3,1,1,0
T102439,2025-01-25,M2,Metro,16.5,15,5,Saturday,1,16,1,2.7,Fog,48.0,54.0,0,0.1,1,1,0
T103341,2025-04-22,B27,Bus,9.2,24,12,Tuesday,4,19,0,17.2,Clear,74.0,90.0,0,8.6,1,0,1
T102379,2025-08-27,T7,Tram,8.3,17,10,Wednesday,8,18,0,31.8,Clear,69.0,81.0,0,2.8,1,0,0
T102215,2025-05-23,M2,Metro,16.5,15,5,Friday,5,9,0,15.5,Clear,57.0,87.0,0,0.2,1,0,0
T105821,2025-09-15,R4,Train,35.5,9,30,Monday,9,8,0,24.0,Clear,59.0,95.0,0,6.1,1,0,1
T103352,2025-02-08,B12,Bus,14.5,32,10,Saturday,2,17,0,7.9,Clear,56.0,83.0,1,24.3,1,1,1
T105598,2025-10-02,T9,Tram,13.6,26,12,Thursday,10,7,0,14.4,Clear,51.0,69.0,0,4.8,1,0,0
T101820,2025-04-25,B27,Bus,9.2,24,12,Friday,4,20,0,18.3,Rain,33.0,40.0,0,0.6,0,0,0
T102667,2025-12-19,T7,Tram,8.3,17,10,Friday,12,19,0,2.1,Clear,97.0,76.0,0,5.0,1,0,0
T103405,2025-05-09,T3,Tram,11.0,22,8,Friday,5,6,0,16.8,Rain,8.0,15.0,0,-3.0,0,0,0
T100528,2025-12-01,R1,Train,42.0,11,20,Monday,12,13,0,-4.8,Fog,22.0,38.0,0,-3.0,0,0,0
T100715,2025-10-19,T7,Tram,8.3,17,10,Sunday,10,10,0,15.6,Fog,10.0,21.0,1,10.7,0,1,1
T105943,2025-08-26,B12,Bus,14.5,32,10,Tuesday,8,17,0,18.4,Fog,75.0,83.0,0,8.4,1,0,1
T105534,2025-02-02,R1,Train,42.0,11,20,Sunday,2,19,0,4.4,Clear,69.0,57.0,0,1.0,1,1,0
T103453,2025-05-08,M3,Metro,12.2,12,6,Thursday,5,21,0,23.6,Rain,38.0,49.0,0,-3.0,0,0,0
T102686,2025-03-31,B27,Bus,9.2,24,12,Monday,3,6,0,10.7,Clear,6.0,40.0,0,-3.0,0,0,0
T105028,2025-09-14,T3,Tram,11.0,22,8,Sunday,9,6,0,24.7,Clear,36.0,49.0,0,-2.9,0,1,0
T102438,2025-11-05,B61,Bus,7.4,18,8,Wednesday,11,15,0,18.0,Clear,42.0,35.0,0,-0.4,0,0,0
T105343,2025-06-13,R1,Train,42.0,11,20,Friday,6,8,0,20.9,Fog,73.0,83.0,0,10.5,1,0,1
T102376,2025-11-08,B45,Bus,18.0,38,15,Saturday,11,18,0,8.0,Clear,58.0,83.0,0,7.2,1,1,1
T102921,2025-10-09,T7,Tram,8.3,17,10,Thursday,10,9,1,12.6,Clear,50.0,62.0,0,30.199999999999996,1,0,1
T103438,2025-12-08,T3,Tram,11.0,22,8,Monday,12,7,0,1.9,Clear,53.0,78.0,0,3.7,1,0,0
T101187,2025-08-07,B27,Bus,9.2,24,12,Thursday,8,9,0,24.8,Fog,67.0,83.0,0,9.7,1,0,1
T102939,2025-03-03,B45,Bus,18.0,38,15,Monday,3,9,0,-1.7,Snow,81.0,87.0,0,13.2,1,0,1
T104412,2025-05-02,R4,Train,35.5,9,30,Friday,5,18,0,13.9,Storm,65.0,70.0,0,6.1,1,0,1
T105049,2025-11-29,B61,Bus,7.4,18,8,Saturday,11,19,0,-0.3,Rain,59.0,59.0,0,7.3,1,1,1
T100236,2025-08-31,M3,Metro,12.2,12,6,Sunday,8,18,0,27.3,Fog,75.0,54.0,0,4.5,1,1,0
T100812,2025-09-07,T3,Tram,11.0,22,8,Sunday,9,16,0,26.4,Clear,57.0,69.0,0,5.0,1,1,0
T101561,2025-04-03,B27,Bus,9.2,24,12,Thursday,4,7,0,14.3,Clear,29.0,98.0,0,7.7,1,0,1
T101651,2025-01-07,T9,Tram,13.6,26,12,Tuesday,1,18,0,-0.9,Snow,62.0,105.0,0,8.5,1,0,1
T105031,2025-11-02,R4,Train,35.5,9,30,Sunday,11,17,0,8.0,Clear,47.0,65.0,0,5.4,1,1,1
T100850,2025-12-24,T3,Tram,11.0,22,8,Wednesday,12,19,0,3.9,Clear,72.0,99.0,0,5.9,1,0,1
T103286,2025-02-17,T7,Tram,8.3,17,10,Monday,2,7,0,0.8,Clear,42.0,84.0,0,2.9,1,0,0
T102849,2025-05-12,M1,Metro,21.0,19,4,Monday,5,17,0,19.2,Rain,83.0,74.0,0,0.7,1,0,0
T103832,2025-10-23,T3,Tram,11.0,22,8,Thursday,10,6,0,12.4,Rain,40.0,29.0,0,-3.0,0,0,0
T104820,2025-07-16,R1,Train,42.0,11,20,Wednesday,7,22,0,27.3,Rain,21.0,53.0,0,-3.0,0,0,0
T105184,2025-10-12,B61,Bus,7.4,18,8,Sunday,10,17,0,24.3,Clear,48.0,55.0,0,5.3,1,1,1
T100206,2025-10-06,M2,Metro,16.5,15,5,Monday,10,9,0,15.1,Clear,62.0,79.0,0,5.4,1,0,1
T103059,2025-04-10,T9,Tram,13.6,26,12,Thursday,4,5,0,7.0,Clear,31.0,29.0,0,-3.0,0,0,0
T104654,2025-02-14,B61,Bus,7.4,18,8,Friday,2,9,0,-4.1,Clear,61.0,69.0,0,9.2,1,0,1
T103261,2025-06-24,B61,Bus,7.4,18,8,Tuesday,6,8,0,24.1,Clear,43.0,84.0,0,5.9,1,0,1
T104401,2025-02-13,B61,Bus,7.4,18,8,Thursday,2,16,0,3.6,Rain,42.0,62.0,0,4.8,1,0,0
T102745,2025-05-28,T9,Tram,13.6,26,12,Wednesday,5,7,0,21.8,Clear,88.0,71.0,0,3.6,1,0,0
T104853,2025-01-26,R4,Train,35.5,9,30,Sunday,1,13,0,10.3,Clear,28.0,49.0,0,-2.7,0,1,0
T101370,2025-11-18,M3,Metro,12.2,12,6,Tuesday,11,7,0,14.5,Clear,54.0,93.0,0,3.0,1,0,0
T103061,2025-04-23,M3,Metro,12.2,12,6,Wednesday,4,15,0,14.7,Clear,34.0,42.0,0,-3.0,0,0,0
T104454,2025-08-12,B12,Bus,14.5,32,10,Tuesday,8,18,0,26.1,Clear,69.0,95.0,0,8.0,1,0,1
T102402,2025-09-30,B12,Bus,14.5,32,10,Tuesday,9,15,1,22.7,Storm,41.0,58.0,0,5.2,0,0,1
T104760,2025-12-20,B45,Bus,18.0,38,15,Saturday,12,19,0,0.4,Rain,43.0,41.0,0,6.4,1,1,1
T102979,2025-06-23,T9,Tram,13.6,26,12,Monday,6,11,0,13.850000000000001,Clear,46.0,40.0,0,-2.5,0,0,0
T102195,2025-10-25,M1,Metro,21.0,19,4,Saturday,10,6,0,11.4,Clear,18.0,44.0,0,30.199999999999996,0,1,1
T101073,2025-07-11,B45,Bus,18.0,38,15,Friday,7,14,0,30.1,Storm,60.0,39.0,0,4.3,0,0,0
T104940,2025-09-23,T3,Tram,11.0,22,8,Tuesday,9,22,1,18.1,Clear,47.0,33.0,0,-3.0,0,0,0
T105372,2025-05-12,M3,Metro,12.2,12,6,Monday,5,18,0,20.9,Clear,64.0,97.0,0,1.8,1,0,0
T105708,2025-07-15,T7,Tram,8.3,17,10,Tuesday,7,17,0,19.4,Clear,68.0,81.0,1,16.9,1,0,1
T101625,2025-12-29,T9,Tram,13.6,26,12,Monday,12,7,0,2.1,Clear,46.0,108.0,0,8.4,1,0,1
T100749,2025-02-27,T9,Tram,13.6,26,12,Thursday,2,18,0,3.3,Rain,72.0,94.0,0,5.0,1,0,0
T104009,2025-02-12,B12,Bus,14.5,32,10,Wednesday,2,7,0,3.8,Fog,92.0,66.0,0,10.2,1,0,1
T103525,2025-03-19,R4,Train,35.5,9,30,Wednesday,3,10,0,6.9,Clear,32.0,26.0,0,-3.0,0,0,0
T100093,2025-05-22,T7,Tram,8.3,17,10,Thursday,5,6,0,20.8,Rain,30.0,24.0,0,-2.7,0,0,0
T105563,2025-02-07,R4,Train,35.5,9,30,Friday,2,17,0,3.0,Fog,82.0,86.0,0,5.1,1,0,1
T105606,2025-06-14,M2,Metro,16.5,15,5,Saturday,6,14,0,25.6,Fog,44.0,25.0,0,-2.9,0,1,0
T100738,2025-09-27,T3,Tram,11.0,22,8,Saturday,9,14,0,23.7,Rain,45.0,23.0,0,-3.0,0,1,0
T100649,2025-11-06,M1,Metro,21.0,19,4,Thursday,11,9,0,8.5,Clear,84.0,80.0,1,14.8,1,0,1
T100885,2025-09-26,B12,Bus,14.5,32,10,Friday,9,17,0,17.7,Rain,77.0,81.0,0,30.199999999999996,1,0,1
T100696,2025-09-21,R1,Train,42.0,11,20,Sunday,9,17,0,14.0,Rain,57.0,66.0,0,2.5,1,1,0
T101349,2025-08-06,M3,Metro,12.2,12,6,Wednesday,8,9,0,27.6,Storm,82.0,99.0,0,6.2,1,0,1
T104109,2025-04-29,M3,Metro,12.2,12,6,Tuesday,4,9,0,14.2,Clear,87.0,49.0,0,-0.8,1,0,0
T100134,2025-10-18,M1,Metro,21.0,19,4,Saturday,10,17,0,8.5,Rain,38.0,78.0,0,2.0,1,1,0
T104133,2025-07-03,M1,Metro,21.0,19,4,Thursday,7,10,0,25.8,Clear,39.0,50.0,0,-3.0,0,0,0
T102119,2025-09-14,M3,Metro,12.2,12,6,Sunday,9,12,0,20.0,Storm,12.0,53.0,0,-2.2,0,1,0
T104901,2025-08-28,B12,Bus,14.5,32,10,Thursday,8,18,0,15.7,Fog,48.0,97.0,0,7.6,1,0,1
T105227,2025-10-10,M1,Metro,21.0,19,4,Friday,10,15,0,11.3,Fog,14.0,30.0,0,-3.0,0,0,0
T105726,2025-07-11,M2,Metro,16.5,15,5,Friday,7,6,0,14.7,Fog,41.0,48.0,0,-1.8,0,0,0
T104479,2025-07-16,T9,Tram,13.6,26,12,Wednesday,7,5,0,23.7,Rain,32.0,44.0,0,-3.0,0,0,0
T102382,2025-12-02,T3,Tram,11.0,22,8,Tuesday,12,8,0,10.7,Rain,65.0,78.0,0,4.1,1,0,0
T101583,2025-06-01,B61,Bus,7.4,18,8,Sunday,6,20,0,24.8,Fog,27.0,18.0,0,1.7,0,1,0
T101825,2025-11-26,R1,Train,42.0,11,20,Wednesday,11,9,0,3.6,Storm,66.0,85.0,0,7.2,1,0,1
T102170,2025-01-08,R1,Train,42.0,11,20,Wednesday,1,21,0,2.8,Snow,22.0,30.0,0,0.1,0,0,0
T102042,2025-09-30,R4,Train,35.5,9,30,Tuesday,9,21,0,25.9,Fog,20.0,47.0,0,-1.8,0,0,0
T100577,2025-07-11,B27,Bus,9.2,24,12,Friday,7,18,0,25.8,Clear,89.0,71.0,0,10.0,1,0,1
T105267,2025-08-19,B12,Bus,14.5,32,10,Tuesday,8,21,0,24.1,Clear,27.0,33.0,0,-3.0,0,0,0
T100955,2025-08-12,R1,Train,42.0,11,20,Tuesday,8,19,0,27.3,Fog,94.0,71.0,0,4.2,1,0,0
T105114,2025-03-28,T9,Tram,13.6,26,12,Friday,3,11,0,13.850000000000001,Clear,35.0,56.0,0,-3.0,0,0,0
T101839,2025-07-21,T7,Tram,8.3,17,10,Monday,7,17,0,25.4,Rain,76.0,92.0,0,3.4,1,0,0
T101965,2025-09-28,T9,Tram,13.6,26,12,Sunday,9,17,0,17.5,Rain,41.0,80.0,0,4.1,1,1,0
T104520,2025-12-28,R4,Train,35.5,9,30,Sunday,12,16,0,5.4,Clear,46.0,71.0,1,14.7,1,1,1
T104645,2025-05-28,R1,Train,42.0,11,20,Wednesday,5,19,0,14.3,Clear,80.0,79.0,0,3.1,1,0,0
T101111,2025-03-26,M3,Metro,12.2,12,6,Wednesday,3,15,0,10.0,Clear,33.0,35.0,0,-3.0,0,0,0
T105277,2025-10-28,B12,Bus,14.5,32,10,Tuesday,10,9,0,18.1,Clear,64.0,74.0,0,7.9,1,0,1
T101593,2025-01-07,M1,Metro,21.0,19,4,Tuesday,1,5,0,-0.6,Snow,36.0,69.0,0,-0.3,0,0,0
T103461,2025-12-11,B61,Bus,7.4,18,8,Thursday,12,17,0,2.3,Snow,54.0,103.0,0,10.4,1,0,1
T102349,2025-07-04,M3,Metro,12.2,12,6,Friday,7,7,0,27.8,Rain,50.0,80.0,0,1.0,1,0,0
T101064,2025-10-02,B12,Bus,14.5,32,10,Thursday,10,8,0,13.2,Fog,50.0,92.0,0,8.3,1,0,1
T104740,2025-04-07,M1,Metro,21.0,19,4,Monday,4,10,0,14.1,Rain,18.0,41.0,0,-3.0,0,0,0
T100331,2025-05-16,M2,Metro,16.5,15,5,Friday,5,8,0,23.9,Clear,81.0,55.0,0,-0.3,1,0,0
T101723,2025-09-24,B12,Bus,14.5,32,10,Wednesday,9,19,0,20.3,Clear,77.0,91.0,0,6.7,1,0,1
T103389,2025-09-05,T3,Tram,11.0,22,8,Friday,9,8,0,13.850000000000001,Rain,69.0,58.0,0,5.4,1,0,1
T105707,2025-04-28,B61,Bus,7.4,18,8,Monday,4,8,0,17.5,Rain,68.0,80.0,0,7.4,1,0,1
T101011,2025-10-19,T9,Tram,13.6,26,12,Sunday,10,19,0,11.3,Clear,51.0,66.0,0,9.6,1,1,1
T103202,2025-10-08,T3,Tram,11.0,22,8,Wednesday,10,8,0,19.2,Clear,66.0,100.0,0,4.8,1,0,0
T105949,2025-07-04,R4,Train,35.5,9,30,Friday,7,7,0,25.5,Rain,83.0,77.0,0,5.0,1,0,0
T104850,2025-12-05,B27,Bus,9.2,24,12,Friday,12,6,0,2.4,Clear,38.0,33.0,0,-0.3,0,0,0
T102904,2025-08-26,M1,Metro,21.0,19,4,Tuesday,8,14,0,17.6,Clear,29.0,31.0,0,-3.0,0,0,0
T103119,2025-11-13,M2,Metro,16.5,15,5,Thursday,11,5,0,9.6,Rain,34.0,36.0,0,-3.0,0,0,0
T105798,2025-07-25,R4,Train,35.5,9,30,Friday,7,9,0,26.3,Clear,79.0,82.0,1,16.0,1,0,1
T103598,2025-04-14,T9,Tram,13.6,26,12,Monday,4,7,0,12.7,Clear,68.0,97.0,0,4.3,1,0,0
T105595,2025-05-09,R1,Train,42.0,11,20,Friday,5,7,0,23.1,Clear,71.0,71.0,0,1.1,1,0,0
T104863,2025-09-20,T7,Tram,8.3,17,10,Saturday,9,17,1,22.1,Rain,56.0,77.0,0,1.2,1,1,0
T103159,2025-11-15,B12,Bus,14.5,32,10,Saturday,11,8,0,1.9,Clear,59.0,67.0,0,6.2,1,1,1
T103800,2025-12-03,M2,Metro,16.5,15,5,Wednesday,12,17,0,2.6,Clear,54.0,95.0,0,0.6,1,0,0
T100761,2025-07-21,B61,Bus,7.4,18,8,Monday,7,9,1,24.8,Clear,74.0,93.0,0,7.0,1,0,1
T100020,2025-07-02,B61,Bus,7.4,18,8,Wednesday,7,19,0,22.6,Storm,59.0,69.0,0,12.7,1,0,1
T102893,2025-11-30,T3,Tram,11.0,22,8,Sunday,11,19,0,9.3,Clear,64.0,90.0,0,5.6,1,1,1
T103162,2025-02-28,M1,Metro,21.0,19,4,Friday,2,9,0,1.0,Clear,70.0,102.0,0,3.2,1,0,0
T105919,2025-11-30,B61,Bus,7.4,18,8,Sunday,11,8,0,12.6,Clear,52.0,77.0,0,4.4,1,1,0
T100186,2025-03-02,T3,Tram,11.0,22,8,Sunday,3,16,0,2.4,Clear,41.0,75.0,0,0.7,1,1,0
T105368,2025-08-31,R1,Train,42.0,11,20,Sunday,8,16,0,22.9,Clear,41.0,60.0,0,1.4,1,1,0
T101395,2025-08-04,B12,Bus,14.5,32,10,Monday,8,5,0,25.1,Rain,35.0,15.0,0,-0.7,0,0,0
T105486,2025-03-19,B61,Bus,7.4,18,8,Wednesday,3,15,0,6.0,Rain,37.0,29.0,0,-1.9,0,0,0
T101743,2025-01-09,B45,Bus,18.0,38,15,Thursday,1,22,0,13.6,Snow,41.0,53.0,0,3.4,0,0,0
T101410,2025-01-23,B12,Bus,14.5,32,10,Thursday,1,22,0,3.2,Clear,57.0,32.0,0,-1.8,0,0,0
T103195,2025-03-06,B45,Bus,18.0,38,15,Thursday,3,18,0,11.5,Clear,87.0,65.0,0,6.7,1,0,1
T104253,2025-05-04,T7,Tram,8.3,17,10,Sunday,5,9,0,22.4,Storm,55.0,59.0,0,8.6,1,1,1
T101905,2025-03-31,R4,Train,35.5,9,30,Monday,3,8,0,8.3,Rain,71.0,33.0,0,3.3,1,0,0
T103867,2025-10-23,B61,Bus,7.4,18,8,Thursday,10,14,0,19.4,Clear,36.0,38.0,0,-0.4,0,0,0
T105123,2025-09-05,T3,Tram,11.0,22,8,Friday,9,19,0,23.0,Clear,59.0,86.0,0,2.9,1,0,0
T105956,2025-03-21,R1,Train,42.0,11,20,Friday,3,11,0,6.4,Clear,57.0,46.0,0,-3.0,0,0,0
T100666,2025-07-03,B12,Bus,14.5,32,10,Thursday,7,10,0,31.7,Clear,36.0,38.0,0,-2.3,0,0,0
T101171,2025-08-19,M3,Metro,12.2,12,6,Tuesday,8,16,0,26.5,Rain,63.0,74.0,0,5.4,1,0,1
T105893,2025-04-29,B12,Bus,14.5,32,10,Tuesday,4,11,0,17.8,Clear,56.0,54.0,0,-2.8,0,0,0
T104513,2025-11-29,M1,Metro,21.0,19,4,Saturday,11,7,0,3.0,Rain,51.0,74.0,0,1.6,1,1,0
T104266,2025-05-09,B61,Bus,7.4,18,8,Friday,5,19,0,18.7,Clear,65.0,66.0,0,6.8,1,0,1
T105122,2025-08-13,B61,Bus,7.4,18,8,Wednesday,8,17,0,22.5,Clear,55.0,71.0,0,4.6,1,0,0
T100092,2025-11-04,B45,Bus,18.0,38,15,Tuesday,11,12,0,14.5,Rain,55.0,43.0,0,0.9,0,0,0
T105080,2025-04-26,B27,Bus,9.2,24,12,Saturday,4,20,0,18.2,Snow,27.0,23.0,0,3.8,0,1,0
T105067,2025-01-07,T3,Tram,11.0,22,8,Tuesday,1,8,0,3.9,Rain,63.0,94.0,0,4.6,1,0,0
T101008,2025-09-25,R4,Train,35.5,9,30,Thursday,9,7,1,28.1,Storm,67.0,67.0,0,6.4,1,0,1
T103375,2025-07-04,T7,Tram,8.3,17,10,Friday,7,9,0,19.0,Rain,57.0,109.0,0,8.3,1,0,1
T103623,2025-06-10,M2,Metro,16.5,15,5,Tuesday,6,21,0,26.3,Clear,35.0,24.0,0,-3.0,0,0,0
T103504,2025-01-07,B12,Bus,14.5,32,10,Tuesday,1,10,0,3.0,Snow,32.0,43.0,1,18.7,0,0,1
T101123,2025-03-30,T9,Tram,13.6,26,12,Sunday,3,21,1,13.850000000000001,Clear,8.0,17.0,0,-3.0,0,1,0
T100111,2025-10-12,T7,Tram,8.3,17,10,Sunday,10,16,0,12.9,Rain,43.0,60.0,0,2.6,1,1,0
T100157,2025-07-23,M1,Metro,21.0,19,4,Wednesday,7,7,0,30.8,Clear,73.0,84.0,0,0.2,1,0,0
T103426,2025-06-25,T7,Tram,8.3,17,10,Wednesday,6,16,0,33.4,Clear,53.0,66.0,0,2.4,1,0,0
T101675,2025-12-25,B12,Bus,14.5,32,10,Thursday,12,20,0,-1.5,Snow,47.0,23.0,0,3.3,0,0,0
T105840,2025-10-12,T9,Tram,13.6,26,12,Sunday,10,6,0,20.3,Storm,0.0,8.0,0,2.7,0,1,0
T105087,2025-04-02,M1,Metro,21.0,19,4,Wednesday,4,11,0,8.5,Rain,53.0,64.0,0,-3.0,0,0,0
T104761,2025-11-06,B45,Bus,18.0,38,15,Thursday,11,21,0,9.9,Clear,23.0,58.0,0,-0.6,0,0,0
T101056,2025-06-14,T3,Tram,11.0,22,8,Saturday,6,11,0,25.9,Clear,17.0,46.0,0,-3.0,0,1,0
T100641,2025-12-01,B12,Bus,14.5,32,10,Monday,12,18,0,-3.4,Rain,76.0,69.0,0,8.6,1,0,1
T103283,2025-02-05,B12,Bus,14.5,32,10,Wednesday,2,18,0,13.1,Storm,45.0,79.0,0,10.0,1,0,1
T103257,2025-03-13,B45,Bus,18.0,38,15,Thursday,3,7,0,5.7,Clear,70.0,76.0,0,6.0,1,0,1
T101169,2025-12-01,R1,Train,42.0,11,20,Monday,12,17,0,-3.5,Clear,55.0,53.0,1,16.1,1,0,1
T100550,2025-10-21,T9,Tram,13.6,26,12,Tuesday,10,20,0,3.5,Fog,42.0,7.0,0,-1.7,0,0,0
T103824,2025-08-05,B12,Bus,14.5,32,10,Tuesday,8,8,0,20.3,Clear,87.0,75.0,0,6.6,1,0,1
T102959,2025-06-24,R4,Train,35.5,9,30,Tuesday,6,11,0,20.8,Rain,26.0,58.0,0,-1.5,0,0,0
T104222,2025-10-29,T7,Tram,8.3,17,10,Wednesday,10,8,0,16.7,Rain,63.0,61.0,0,6.1,1,0,1
T105556,2025-02-07,T3,Tram,11.0,22,8,Friday,2,8,0,9.5,Clear,72.0,82.0,1,17.4,1,0,1
T104911,2025-07-16,T9,Tram,13.6,26,12,Wednesday,7,21,0,22.4,Rain,37.0,45.0,0,-1.7,0,0,0
T102656,2025-01-22,T3,Tram,11.0,22,8,Wednesday,1,19,0,3.3,Clear,70.0,66.0,0,3.3,1,0,0
T100531,2025-03-02,B45,Bus,18.0,38,15,Sunday,3,5,0,11.0,Clear,9.0,19.0,1,10.0,0,1,1
T102088,2025-04-22,M3,Metro,12.2,12,6,Tuesday,4,8,0,18.5,Rain,63.0,102.0,0,4.9,1,0,0
T102185,2025-04-16,R1,Train,42.0,11,20,Wednesday,4,8,0,13.4,Fog,71.0,76.0,0,5.3,1,0,1
T105019,2025-08-23,M1,Metro,21.0,19,4,Saturday,8,6,0,19.3,Clear,20.0,26.0,0,-3.0,0,1,0
T104629,2025-05-09,T3,Tram,11.0,22,8,Friday,5,14,0,10.9,Clear,7.0,37.0,0,-3.0,0,0,0
T101563,2025-12-02,R1,Train,42.0,11,20,Tuesday,12,18,0,3.6,Snow,73.0,79.0,0,8.9,1,0,1
T104305,2025-10-09,T7,Tram,8.3,17,10,Thursday,10,16,0,13.5,Clear,66.0,82.0,0,3.6,1,0,0
T104316,2025-12-24,B61,Bus,7.4,18,8,Wednesday,12,9,0,-4.9,Rain,78.0,74.0,1,23.7,1,0,1
T102227,2025-12-07,T9,Tram,13.6,26,12,Sunday,12,7,0,3.3,Fog,73.0,70.0,0,7.1,1,1,1
T103446,2025-04-27,R4,Train,35.5,9,30,Sunday,4,10,0,14.5,Rain,10.0,11.0,0,-3.0,0,1,0
T101711,2025-06-21,B45,Bus,18.0,38,15,Saturday,6,21,1,23.2,Clear,24.0,9.0,0,-2.1,0,1,0
T103160,2025-02-13,M2,Metro,16.5,15,5,Thursday,2,8,0,-1.9,Clear,58.0,79.0,0,30.199999999999996,1,0,1
T103928,2025-08-30,B45,Bus,18.0,38,15,Saturday,8,18,0,23.4,Clear,69.0,55.0,0,6.1,1,1,1
T105657,2025-10-24,T9,Tram,13.6,26,12,Friday,10,14,0,10.5,Fog,21.0,54.0,0,-3.0,0,0,0
T104898,2025-10-04,M1,Metro,21.0,19,4,Saturday,10,7,0,16.2,Clear,67.0,81.0,0,3.2,1,1,0
T105355,2025-10-26,T9,Tram,13.6,26,12,Sunday,10,18,1,15.4,Rain,62.0,73.0,0,3.5,1,1,0
T104825,2025-06-02,B61,Bus,7.4,18,8,Monday,6,5,0,30.4,Clear,13.0,52.0,0,-1.7,0,0,0
T104117,2025-02-17,M1,Metro,21.0,19,4,Monday,2,12,0,4.6,Clear,51.0,31.0,0,-3.0,0,0,0
T103553,2025-09-18,T7,Tram,8.3,17,10,Thursday,9,16,0,26.8,Clear,79.0,76.0,0,3.5,1,0,0
T100008,2025-03-15,B12,Bus,14.5,32,10,Saturday,3,15,0,7.0,Clear,10.0,31.0,0,-2.7,0,1,0
T103520,2025-10-29,B61,Bus,7.4,18,8,Wednesday,10,18,0,5.4,Clear,75.0,101.0,0,8.4,1,0,1
T104179,2025-06-20,B61,Bus,7.4,18,8,Friday,6,17,0,13.6,Rain,78.0,77.0,0,7.3,1,0,1
T105042,2025-05-26,B61,Bus,7.4,18,8,Monday,5,10,0,20.9,Clear,19.0,37.0,0,-3.0,0,0,0
T102644,2025-06-15,B12,Bus,14.5,32,10,Sunday,6,7,0,21.8,Fog,34.0,72.0,0,5.0,1,1,0
T100198,2025-05-04,B27,Bus,9.2,24,12,Sunday,5,5,0,20.3,Rain,21.0,13.0,0,-0.8,0,1,0
T102966,2025-03-29,M2,Metro,16.5,15,5,Saturday,3,20,0,12.0,Clear,14.0,14.0,0,-3.0,0,1,0
T102099,2025-04-01,M2,Metro,16.5,15,5,Tuesday,4,18,0,8.8,Clear,97.0,81.0,0,1.4,1,0,0
T103047,2025-10-05,R1,Train,42.0,11,20,Sunday,10,8,0,14.4,Rain,64.0,73.0,0,4.0,1,1,0
T102418,2025-04-16,M2,Metro,16.5,15,5,Wednesday,4,17,0,21.3,Fog,67.0,99.0,0,2.5,1,0,0
T100940,2025-09-10,M3,Metro,12.2,12,6,Wednesday,9,16,0,23.3,Storm,72.0,72.0,0,4.7,1,0,0
T105719,2025-06-17,B61,Bus,7.4,18,8,Tuesday,6,17,0,30.2,Clear,64.0,87.0,0,5.4,1,0,1
T101129,2025-08-25,R4,Train,35.5,9,30,Monday,8,9,0,24.9,Storm,77.0,64.0,0,6.9,1,0,1
T100450,2025-12-17,M3,Metro,12.2,12,6,Wednesday,12,16,0,6.3,Fog,77.0,89.0,0,2.9,1,0,0
T102712,2025-12-10,R1,Train,42.0,11,20,Wednesday,12,12,0,5.8,Clear,11.0,62.0,0,-3.0,0,0,0
T103563,2025-10-18,R4,Train,35.5,9,30,Saturday,10,20,0,14.3,Rain,23.0,6.0,0,-3.0,0,1,0
T101241,2025-10-11,M1,Metro,21.0,19,4,Saturday,10,18,0,15.0,Clear,38.0,66.0,0,0.0,1,1,0
T100031,2025-03-24,M2,Metro,16.5,15,5,Monday,3,21,0,10.9,Clear,68.0,48.0,0,-3.0,0,0,0
T103366,2025-08-15,T3,Tram,11.0,22,8,Friday,8,16,0,28.9,Clear,62.0,78.0,0,3.8,1,0,0
T102574,2025-10-10,R4,Train,35.5,9,30,Friday,10,10,0,16.2,Clear,9.0,28.0,0,-2.8,0,0,0
T102866,2025-04-26,B27,Bus,9.2,24,12,Saturday,4,16,0,6.9,Fog,45.0,60.0,0,6.3,1,1,1
T102245,2025-10-31,R1,Train,42.0,11,20,Friday,10,9,0,16.0,Clear,77.0,73.0,0,1.2,1,0,0
T100905,2025-09-16,B12,Bus,14.5,32,10,Tuesday,9,20,0,18.1,Clear,49.0,62.0,0,0.3,0,0,0
T101300,2025-10-05,M3,Metro,12.2,12,6,Sunday,10,18,0,12.8,Fog,77.0,58.0,0,5.2,1,1,1
T105177,2025-06-14,T7,Tram,8.3,17,10,Saturday,6,15,0,13.850000000000001,Clear,15.0,37.0,0,-3.0,0,1,0
T103567,2025-02-26,M1,Metro,21.0,19,4,Wednesday,2,7,0,6.3,Fog,72.0,113.0,0,3.1,1,0,0
T100534,2025-07-30,R4,Train,35.5,9,30,Wednesday,7,17,0,22.2,Clear,72.0,88.0,0,2.6,1,0,0
T103724,2025-01-04,B61,Bus,7.4,18,8,Saturday,1,16,0,4.9,Rain,67.0,66.0,0,8.9,1,1,1
T103953,2025-06-19,T7,Tram,8.3,17,10,Thursday,6,5,0,20.5,Clear,55.0,40.0,0,-3.0,0,0,0
T102433,2025-04-25,M2,Metro,16.5,15,5,Friday,4,16,0,12.6,Rain,81.0,81.0,0,1.4,1,0,0
T105887,2025-03-03,M3,Metro,12.2,12,6,Monday,3,8,0,12.1,Clear,71.0,80.0,0,2.8,1,0,0
T101196,2025-09-18,B61,Bus,7.4,18,8,Thursday,9,16,0,19.2,Clear,85.0,66.0,0,7.0,1,0,1
T102845,2025-06-16,M1,Metro,21.0,19,4,Monday,6,15,0,20.5,Fog,20.0,70.0,0,-2.6,0,0,0
T103351,2025-12-09,B27,Bus,9.2,24,12,Tuesday,12,21,0,0.8,Rain,27.0,56.0,0,-0.8,0,0,0
T101891,2025-03-31,R1,Train,42.0,11,20,Monday,3,8,0,8.9,Rain,87.0,80.0,0,9.6,1,0,1
T103685,2025-02-26,B61,Bus,7.4,18,8,Wednesday,2,18,0,5.2,Rain,75.0,71.0,0,10.1,1,0,1
T102150,2025-04-30,M3,Metro,12.2,12,6,Wednesday,4,22,0,17.7,Rain,50.0,60.0,0,-3.0,0,0,0
T104290,2025-01-25,B61,Bus,7.4,18,8,Saturday,1,18,0,4.1,Fog,60.0,50.0,0,8.2,1,1,1
T105005,2025-12-13,B27,Bus,9.2,24,12,Saturday,12,16,0,4.5,Rain,27.0,79.0,0,6.8,1,1,1
T104747,2025-04-02,M1,Metro,21.0,19,4,Wednesday,4,13,0,16.1,Clear,29.0,24.0,0,-3.0,0,0,0
T105779,2025-02-16,B27,Bus,9.2,24,12,Sunday,2,11,0,6.3,Storm,30.0,6.0,0,4.3,0,1,0
T100478,2025-08-31,M2,Metro,16.5,15,5,Sunday,8,7,0,23.5,Clear,51.0,89.0,0,-0.6,1,1,0
T100839,2025-11-29,R1,Train,42.0,11,20,Saturday,11,5,0,5.2,Clear,10.0,67.0,0,-2.0,0,1,0
T101513,2025-05-01,B61,Bus,7.4,18,8,Thursday,5,9,0,18.6,Rain,82.0,66.0,0,9.8,1,0,1
T103813,2025-06-11,R1,Train,42.0,11,20,Wednesday,6,9,0,27.4,Rain,65.0,70.0,0,6.5,1,0,1
T102886,2025-12-07,M2,Metro,16.5,15,5,Sunday,12,7,0,7.6,Clear,59.0,61.0,0,1.0,1,1,0
T102199,2025-03-03,R1,Train,42.0,11,20,Monday,3,9,0,4.7,Rain,70.0,68.0,0,3.4,1,0,0
T100617,2025-04-08,M1,Metro,21.0,19,4,Tuesday,4,16,0,7.9,Clear,58.0,58.0,0,0.9,1,0,0
T104103,2025-01-06,T7,Tram,8.3,17,10,Monday,1,10,0,-2.1,Rain,52.0,18.0,0,-1.6,0,0,0
T100895,2025-08-12,M3,Metro,12.2,12,6,Tuesday,8,17,0,14.7,Rain,58.0,86.0,0,3.5,1,0,0
T102715,2025-06-19,B61,Bus,7.4,18,8,Thursday,6,7,0,25.7,Clear,75.0,94.0,0,6.8,1,0,1
T100216,2025-01-29,T7,Tram,8.3,17,10,Wednesday,1,20,0,13.850000000000001,Rain,48.0,37.0,0,-1.8,0,0,0
T101229,2025-04-16,M1,Metro,21.0,19,4,Wednesday,4,15,0,16.3,Rain,53.0,31.0,1,11.2,0,0,1
T101980,2025-08-29,R1,Train,42.0,11,20,Friday,8,18,0,20.5,Rain,53.0,67.0,0,2.7,1,0,0
T105892,2025-02-15,B45,Bus,18.0,38,15,Saturday,2,7,0,3.4,Clear,60.0,51.0,0,8.5,1,1,1
T104246,2025-04-10,B61,Bus,7.4,18,8,Thursday,4,9,0,13.7,Rain,58.0,101.0,0,7.8,1,0,1
T102139,2025-05-27,B45,Bus,18.0,38,15,Tuesday,5,17,0,20.4,Clear,69.0,67.0,0,8.8,1,0,1
T104509,2025-12-19,M3,Metro,12.2,12,6,Friday,12,17,0,3.1,Clear,69.0,77.0,0,5.1,1,0,1
T103529,2025-02-13,T7,Tram,8.3,17,10,Thursday,2,17,0,-4.9,Rain,79.0,95.0,0,5.0,1,0,0
T100146,2025-01-13,T9,Tram,13.6,26,12,Monday,1,20,0,0.5,Snow,61.0,66.0,0,1.0,0,0,0
T101021,2025-01-27,R4,Train,35.5,9,30,Monday,1,6,0,4.5,Clear,24.0,67.0,0,-3.0,0,0,0
T102603,2025-07-25,M2,Metro,16.5,15,5,Friday,7,17,0,21.2,Clear,96.0,81.0,0,0.9,1,0,0
T105475,2025-07-13,M2,Metro,16.5,15,5,Sunday,7,16,0,21.4,Storm,58.0,50.0,0,4.0,1,1,0
T102251,2025-07-21,B27,Bus,9.2,24,12,Monday,7,8,0,24.0,Fog,83.0,77.0,0,9.1,1,0,1
T103571,2025-11-04,R1,Train,42.0,11,20,Tuesday,11,15,0,8.3,Clear,33.0,51.0,0,-3.0,0,0,0
T104451,2025-04-03,T7,Tram,8.3,17,10,Thursday,4,10,0,14.4,Clear,42.0,33.0,1,10.5,0,0,1
T102475,2025-06-04,R1,Train,42.0,11,20,Wednesday,6,17,0,25.2,Rain,98.0,93.0,0,4.0,1,0,0
T100800,2025-01-05,R1,Train,42.0,11,20,Sunday,1,17,0,-8.0,Rain,43.0,67.0,0,5.2,1,1,1
T105986,2025-11-30,T7,Tram,8.3,17,10,Sunday,11,16,0,12.4,Clear,56.0,85.0,0,6.4,1,1,1
T101260,2025-04-08,B45,Bus,18.0,38,15,Tuesday,4,15,0,15.5,Fog,18.0,51.0,0,-1.7,0,0,0
T100015,2025-10-14,B27,Bus,9.2,24,12,Tuesday,10,19,0,19.1,Storm,75.0,67.0,0,11.0,1,0,1
T100144,2025-12-29,B12,Bus,14.5,32,10,Monday,12,21,0,1.9,Rain,36.0,35.0,0,-1.6,0,0,0
T104136,2025-12-22,T3,Tram,11.0,22,8,Monday,12,17,0,1.1,Snow,83.0,72.0,0,8.1,1,0,1
T102494,2025-06-02,B61,Bus,7.4,18,8,Monday,6,22,0,26.1,Clear,27.0,24.0,0,-3.0,0,0,0
T103136,2025-07-31,M1,Metro,21.0,19,4,Thursday,7,20,0,26.8,Rain,51.0,48.0,0,-3.0,0,0,0
T102486,2025-03-31,T7,Tram,8.3,17,10,Monday,3,7,0,7.5,Clear,57.0,87.0,0,8.0,1,0,1
T105913,2025-02-27,T9,Tram,13.6,26,12,Thursday,2,8,0,-3.2,Fog,74.0,77.0,0,5.4,1,0,1
T101315,2025-04-20,T7,Tram,8.3,17,10,Sunday,4,18,0,13.5,Clear,45.0,76.0,0,1.2,1,1,0
T100447,2025-12-15,M2,Metro,16.5,15,5,Monday,12,14,0,-2.3,Fog,39.0,22.0,0,-3.0,0,0,0
T105503,2025-09-22,T3,Tram,11.0,22,8,Monday,9,11,0,20.8,Clear,30.0,44.0,0,-3.0,0,0,0
T103590,2025-02-10,B45,Bus,18.0,38,15,Monday,2,21,0,6.7,Clear,45.0,59.0,0,-1.4,0,0,0
T105841,2025-12-31,T7,Tram,8.3,17,10,Wednesday,12,9,0,13.850000000000001,Clear,51.0,66.0,0,2.0,1,0,0
T101920,2025-05-24,T3,Tram,11.0,22,8,Saturday,5,7,0,13.850000000000001,Clear,49.0,56.0,0,4.1,1,1,0
T101231,2025-09-25,M2,Metro,16.5,15,5,Thursday,9,18,0,19.2,Clear,88.0,87.0,0,0.1,1,0,0
T104840,2025-10-06,R4,Train,35.5,9,30,Monday,10,7,0,11.3,Storm,88.0,61.0,0,12.5,1,0,1
T105890,2025-09-29,T7,Tram,8.3,17,10,Monday,9,10,0,23.0,Clear,34.0,28.0,0,-3.0,0,0,0
T101391,2025-07-13,T7,Tram,8.3,17,10,Sunday,7,18,0,18.0,Rain,37.0,66.0,0,3.0,1,1,0
T101087,2025-12-28,B45,Bus,18.0,38,15,Sunday,12,16,0,13.4,Clear,68.0,58.0,0,8.1,1,1,1
T100128,2025-07-29,B61,Bus,7.4,18,8,Tuesday,7,16,0,33.7,Clear,69.0,76.0,0,6.1,1,0,1
T103149,2025-02-09,R1,Train,42.0,11,20,Sunday,2,16,1,7.4,Clear,62.0,53.0,0,4.2,1,1,0
T103562,2025-06-03,M1,Metro,21.0,19,4,Tuesday,6,8,0,28.7,Clear,74.0,68.0,0,0.2,1,0,0
T100718,2025-03-28,B45,Bus,18.0,38,15,Friday,3,18,0,8.2,Rain,65.0,81.0,0,13.1,1,0,1
T100321,2025-02-09,R4,Train,35.5,9,30,Sunday,2,7,0,2.0,Clear,56.0,80.0,0,1.9,1,1,0
T103156,2025-10-09,R1,Train,42.0,11,20,Thursday,10,8,0,9.5,Fog,67.0,103.0,0,6.6,1,0,1
T103814,2025-05-20,T9,Tram,13.6,26,12,Tuesday,5,22,0,25.9,Rain,45.0,33.0,0,-3.0,0,0,0
T104256,2025-04-30,M3,Metro,12.2,12,6,Wednesday,4,13,0,11.6,Fog,12.0,24.0,0,-3.0,0,0,0
T105332,2025-05-23,R4,Train,35.5,9,30,Friday,5,8,0,15.6,Rain,55.0,111.0,0,4.7,1,0,0
T102019,2025-06-18,M1,Metro,21.0,19,4,Wednesday,6,17,0,25.5,Storm,56.0,105.0,0,6.5,1,0,1
T103112,2025-01-22,R1,Train,42.0,11,20,Wednesday,1,17,0,-1.8,Clear,77.0,72.0,0,3.4,1,0,0
T101409,2025-04-14,B12,Bus,14.5,32,10,Monday,4,9,0,13.6,Clear,48.0,82.0,0,6.1,1,0,1
T101136,2025-09-22,T9,Tram,13.6,26,12,Monday,9,9,0,13.5,Storm,76.0,76.0,0,11.7,1,0,1
T105220,2025-04-21,M1,Metro,21.0,19,4,Monday,4,18,0,11.2,Clear,77.0,75.0,0,0.2,1,0,0
T101277,2025-10-10,M3,Metro,12.2,12,6,Friday,10,12,0,24.1,Rain,22.0,39.0,0,-3.0,0,0,0
T102372,2025-01-23,M1,Metro,21.0,19,4,Thursday,1,17,0,1.1,Clear,55.0,80.0,0,-0.9,1,0,0
T104291,2025-12-06,R1,Train,42.0,11,20,Saturday,12,21,0,3.7,Storm,13.0,35.0,0,0.6,0,1,0
T105401,2025-09-09,M3,Metro,12.2,12,6,Tuesday,9,18,0,22.4,Clear,66.0,67.0,0,0.4,1,0,0
T100983,2025-08-25,B12,Bus,14.5,32,10,Monday,8,6,1,19.3,Rain,34.0,30.0,0,-2.3,0,0,0
T102314,2025-03-24,B12,Bus,14.5,32,10,Monday,3,16,0,9.7,Storm,92.0,81.0,0,16.6,1,0,1
T104885,2025-03-15,M3,Metro,12.2,12,6,Saturday,3,7,0,7.8,Storm,58.0,67.0,0,5.0,1,1,0
T103345,2025-10-05,B12,Bus,14.5,32,10,Sunday,10,7,0,12.9,Clear,45.0,64.0,0,4.7,1,1,0
T102331,2025-11-11,B45,Bus,18.0,38,15,Tuesday,11,6,0,2.0,Snow,26.0,37.0,0,2.4,0,0,0
T105683,2025-06-08,B61,Bus,7.4,18,8,Sunday,6,12,0,22.6,Storm,29.0,19.0,0,2.4,0,1,0
T105789,2025-12-27,B12,Bus,14.5,32,10,Saturday,12,9,0,4.4,Clear,26.0,35.0,0,1.9,1,1,0
T102522,2025-03-18,M2,Metro,16.5,15,5,Tuesday,3,16,0,10.0,Fog,70.0,76.0,0,2.9,1,0,0
T102502,2025-10-02,B61,Bus,7.4,18,8,Thursday,10,16,0,15.9,Clear,83.0,79.0,0,6.3,1,0,1
T101182,2025-09-10,B12,Bus,14.5,32,10,Wednesday,9,16,0,22.1,Clear,92.0,72.0,0,12.9,1,0,1
T105051,2025-02-25,R1,Train,42.0,11,20,Tuesday,2,17,0,7.2,Rain,73.0,58.0,0,4.3,1,0,0
T105740,2025-10-01,M1,Metro,21.0,19,4,Wednesday,10,7,0,15.9,Rain,89.0,72.0,0,-0.9,1,0,0
T101769,2025-03-13,R4,Train,35.5,9,30,Thursday,3,17,1,7.6,Clear,46.0,100.0,0,1.2,1,0,0
T102105,2025-04-11,T9,Tram,13.6,26,12,Friday,4,8,0,14.6,Clear,74.0,90.0,0,4.4,1,0,0
T105091,2025-05-17,B61,Bus,7.4,18,8,Saturday,5,16,0,24.3,Fog,51.0,97.0,0,9.6,1,1,1
T101879,2025-02-06,B27,Bus,9.2,24,12,Thursday,2,7,0,1.7,Snow,69.0,79.0,0,10.3,1,0,1
T105692,2025-11-20,M2,Metro,16.5,15,5,Thursday,11,18,0,12.1,Rain,57.0,76.0,0,2.9,1,0,0
T101843,2025-11-05,R1,Train,42.0,11,20,Wednesday,11,18,0,2.5,Rain,58.0,77.0,0,4.9,1,0,0
T101483,2025-02-10,B45,Bus,18.0,38,15,Monday,2,14,0,5.6,Clear,43.0,33.0,0,-0.8,0,0,0
T102945,2025-02-09,M1,Metro,21.0,19,4,Sunday,2,8,0,5.5,Rain,61.0,62.0,0,3.7,1,1,0
T105628,2025-06-12,T7,Tram,8.3,17,10,Thursday,6,8,0,22.8,Clear,57.0,70.0,0,4.9,1,0,0
T102868,2025-11-11,M2,Metro,16.5,15,5,Tuesday,11,17,0,10.0,Clear,69.0,89.0,0,-0.2,1,0,0
T102678,2025-07-31,T9,Tram,13.6,26,12,Thursday,7,11,0,29.4,Rain,40.0,31.0,0,-3.0,0,0,0
T104473,2025-02-19,B45,Bus,18.0,38,15,Wednesday,2,17,0,8.4,Clear,53.0,91.0,0,8.7,1,0,1
T103620,2025-12-30,B45,Bus,18.0,38,15,Tuesday,12,9,0,2.3,Fog,92.0,66.0,0,10.2,1,0,1
T104010,2025-05-09,M1,Metro,21.0,19,4,Friday,5,11,0,15.8,Snow,22.0,40.0,0,-1.6,0,0,0
T102471,2025-02-06,B45,Bus,18.0,38,15,Thursday,2,6,0,13.6,Rain,46.0,37.0,0,-0.0,0,0,0
T105489,2025-05-12,M2,Metro,16.5,15,5,Monday,5,13,0,17.2,Clear,15.0,34.0,1,8.3,0,0,1
T101776,2025-05-02,M3,Metro,12.2,12,6,Friday,5,19,0,19.2,Rain,68.0,74.0,1,15.2,1,0,1
T100642,2025-11-08,R4,Train,35.5,9,30,Saturday,11,9,0,5.2,Clear,57.0,79.0,0,6.4,1,1,1
T100685,2025-10-20,B27,Bus,9.2,24,12,Monday,10,7,0,20.0,Rain,68.0,63.0,0,8.6,1,0,1
T103101,2025-02-17,B12,Bus,14.5,32,10,Monday,2,9,0,1.7,Clear,55.0,73.0,0,6.4,1,0,1
T102453,2025-06-21,M1,Metro,21.0,19,4,Saturday,6,22,0,22.5,Clear,31.0,13.0,0,-3.0,0,1,0
T104012,2025-09-09,M1,Metro,21.0,19,4,Tuesday,9,9,0,14.6,Clear,94.0,96.0,0,1.9,1,0,0
T100379,2025-04-06,B61,Bus,7.4,18,8,Sunday,4,8,0,9.4,Rain,74.0,62.0,0,7.8,1,1,1
T104521,2025-09-12,M1,Metro,21.0,19,4,Friday,9,16,0,15.6,Clear,54.0,87.0,0,-0.0,1,0,0
T101269,2025-01-18,M1,Metro,21.0,19,4,Saturday,1,7,1,6.3,Clear,52.0,55.0,0,-2.2,1,1,0
T105210,2025-02-07,T7,Tram,8.3,17,10,Friday,2,14,0,5.7,Clear,20.0,15.0,0,-3.0,0,0,0
T101444,2025-02-20,M2,Metro,16.5,15,5,Thursday,2,17,0,4.9,Clear,57.0,73.0,0,1.5,1,0,0
T100898,2025-01-26,R4,Train,35.5,9,30,Sunday,1,11,0,6.5,Fog,26.0,40.0,0,-1.5,0,1,0
T102951,2025-07-05,M1,Metro,21.0,19,4,Saturday,7,19,0,28.5,Clear,72.0,24.0,0,0.5,1,1,0
T105573,2025-09-08,R1,Train,42.0,11,20,Monday,9,12,0,20.1,Rain,32.0,45.0,0,-2.8,0,0,0
T104596,2025-11-25,B61,Bus,7.4,18,8,Tuesday,11,18,1,9.5,Storm,76.0,79.0,0,17.7,1,0,1
T101868,2025-01-12,M1,Metro,21.0,19,4,Sunday,1,9,0,4.2,Rain,40.0,77.0,0,1.8,1,1,0
T103100,2025-05-14,B45,Bus,18.0,38,15,Wednesday,5,19,0,21.9,Clear,76.0,92.0,0,10.6,1,0,1
T105193,2025-02-02,R1,Train,42.0,11,20,Sunday,2,5,0,8.7,Clear,10.0,49.0,0,-0.8,0,1,0
T101866,2025-02-10,M2,Metro,16.5,15,5,Monday,2,17,0,4.6,Rain,70.0,90.0,0,2.9,1,0,0
T102387,2025-12-23,R1,Train,42.0,11,20,Tuesday,12,19,1,3.4,Clear,76.0,74.0,0,1.5,1,0,0
T102499,2025-12-06,M3,Metro,12.2,12,6,Saturday,12,7,0,5.1,Clear,65.0,64.0,0,3.2,1,1,0
T104443,2025-06-15,T9,Tram,13.6,26,12,Sunday,6,10,0,30.9,Storm,28.0,58.0,0,1.0,0,1,0
T104269,2025-07-04,R1,Train,42.0,11,20,Friday,7,18,0,28.0,Storm,71.0,89.0,0,11.5,1,0,1
T104320,2025-08-29,R4,Train,35.5,9,30,Friday,8,17,0,29.0,Clear,52.0,77.0,0,2.6,1,0,0
T101207,2025-09-21,B45,Bus,18.0,38,15,Sunday,9,8,0,22.1,Rain,25.0,59.0,0,3.5,1,1,0
T100077,2025-03-24,B45,Bus,18.0,38,15,Monday,3,18,0,3.2,Rain,66.0,61.0,0,7.6,1,0,1
T100123,2025-06-21,T7,Tram,8.3,17,10,Saturday,6,18,0,23.6,Rain,55.0,76.0,0,6.9,1,1,1
T104202,2025-05-06,M3,Metro,12.2,12,6,Tuesday,5,16,0,20.8,Clear,61.0,67.0,1,12.8,1,0,1
T100517,2025-01-25,T9,Tram,13.6,26,12,Saturday,1,8,0,4.9,Clear,63.0,63.0,0,5.7,1,1,1
T102541,2025-12-21,R4,Train,35.5,9,30,Sunday,12,9,0,8.2,Storm,62.0,74.0,0,7.9,1,1,1
T100934,2025-06-11,T3,Tram,11.0,22,8,Wednesday,6,9,0,25.6,Clear,59.0,62.0,0,4.6,1,0,0
T100255,2025-02-22,B27,Bus,9.2,24,12,Saturday,2,8,0,0.8,Snow,44.0,57.0,0,30.199999999999996,1,1,1
T105043,2025-07-25,B45,Bus,18.0,38,15,Friday,7,9,0,25.4,Rain,58.0,90.0,0,14.1,1,0,1
T102918,2025-11-07,M2,Metro,16.5,15,5,Friday,11,18,0,10.6,Clear,68.0,92.0,0,6.0,1,0,1
T100836,2025-10-23,M2,Metro,16.5,15,5,Thursday,10,19,0,19.5,Rain,69.0,80.0,1,16.3,1,0,1
T104255,2025-04-30,B45,Bus,18.0,38,15,Wednesday,4,17,0,11.8,Clear,59.0,65.0,0,8.9,1,0,1
T105870,2025-10-15,B45,Bus,18.0,38,15,Wednesday,10,16,0,9.1,Clear,66.0,72.0,0,5.8,1,0,1
T102445,2025-11-23,T3,Tram,11.0,22,8,Sunday,11,17,0,11.9,Storm,71.0,58.0,1,23.2,1,1,1
T104238,2025-10-05,T3,Tram,11.0,22,8,Sunday,10,9,0,18.7,Clear,57.0,68.0,0,4.6,1,1,0
T105555,2025-07-07,T9,Tram,13.6,26,12,Monday,7,8,0,13.850000000000001,Clear,67.0,62.0,0,1.4,1,0,0
T103125,2025-11-21,B61,Bus,7.4,18,8,Friday,11,6,0,7.8,Clear,32.0,45.0,0,-2.2,0,0,0
T103840,2025-11-15,R4,Train,35.5,9,30,Saturday,11,7,0,4.1,Rain,58.0,53.0,0,3.6,1,1,0
T103857,2025-01-07,M2,Metro,16.5,15,5,Tuesday,1,7,0,2.3,Clear,89.0,76.0,0,-0.2,1,0,0
T105724,2025-03-20,B61,Bus,7.4,18,8,Thursday,3,8,0,8.0,Clear,66.0,73.0,1,21.0,1,0,1
T102276,2025-03-18,M3,Metro,12.2,12,6,Tuesday,3,7,0,1.5,Clear,60.0,111.0,0,4.9,1,0,0
T103148,2025-12-28,T7,Tram,8.3,17,10,Sunday,12,9,0,-0.5,Clear,57.0,88.0,0,2.8,1,1,0
T104738,2025-05-08,B12,Bus,14.5,32,10,Thursday,5,17,1,18.7,Rain,56.0,66.0,0,5.2,1,0,1
T100038,2025-04-12,T7,Tram,8.3,17,10,Saturday,4,19,0,17.3,Clear,58.0,69.0,0,1.9,1,1,0
T100000,2025-02-02,M1,Metro,21.0,19,4,Sunday,2,9,0,2.8,Snow,56.0,82.0,0,7.5,1,1,1
T104925,2025-02-02,B27,Bus,9.2,24,12,Sunday,2,17,0,-3.7,Clear,48.0,38.0,0,3.4,1,1,0
T103890,2025-07-27,T9,Tram,13.6,26,12,Sunday,7,13,0,19.2,Clear,13.0,25.0,0,-3.0,0,1,0
T105638,2025-02-09,B61,Bus,7.4,18,8,Sunday,2,19,0,5.2,Rain,56.0,51.0,0,6.8,1,1,1
T102323,2025-08-27,B61,Bus,7.4,18,8,Wednesday,8,9,0,27.0,Clear,86.0,70.0,0,6.5,1,0,1
T100853,2025-03-29,B27,Bus,9.2,24,12,Saturday,3,17,0,9.6,Clear,81.0,37.0,0,6.8,1,1,1
T100778,2025-04-09,B27,Bus,9.2,24,12,Wednesday,4,16,1,14.3,Clear,87.0,75.0,1,24.3,1,0,1
T104792,2025-12-21,B61,Bus,7.4,18,8,Sunday,12,17,0,1.7,Fog,54.0,55.0,0,8.5,1,1,1
T101466,2025-08-20,M1,Metro,21.0,19,4,Wednesday,8,17,0,23.5,Clear,84.0,67.0,0,2.6,1,0,0
T105438,2025-06-04,R4,Train,35.5,9,30,Wednesday,6,22,0,28.3,Rain,57.0,37.0,0,-2.3,0,0,0
T105238,2025-11-30,R4,Train,35.5,9,30,Sunday,11,6,0,3.9,Rain,14.0,28.0,0,2.5,0,1,0
T101493,2025-05-02,B61,Bus,7.4,18,8,Friday,5,18,0,21.0,Rain,85.0,65.0,0,9.1,1,0,1
T105718,2025-01-03,R4,Train,35.5,9,30,Friday,1,20,0,4.0,Rain,35.0,57.0,0,-3.0,0,0,0
T104294,2025-12-05,M3,Metro,12.2,12,6,Friday,12,8,0,3.6,Snow,100.0,108.0,0,5.6,1,0,1
T104041,2025-08-26,R4,Train,35.5,9,30,Tuesday,8,16,0,27.1,Clear,66.0,90.0,0,6.3,1,0,1
T101548,2025-06-30,T7,Tram,8.3,17,10,Monday,6,8,0,18.6,Rain,80.0,66.0,0,7.8,1,0,1
T102766,2025-05-15,B45,Bus,18.0,38,15,Thursday,5,6,0,22.0,Rain,27.0,18.0,0,-2.3,0,0,0
T100862,2025-02-13,B45,Bus,18.0,38,15,Thursday,2,7,0,4.7,Clear,75.0,70.0,0,10.7,1,0,1
T100555,2025-07-04,T9,Tram,13.6,26,12,Friday,7,17,0,25.8,Clear,57.0,59.0,0,2.1,1,0,0
T100422,2025-10-07,B45,Bus,18.0,38,15,Tuesday,10,9,0,19.5,Rain,59.0,74.0,0,6.3,1,0,1
T105472,2025-10-19,R1,Train,42.0,11,20,Sunday,10,7,0,13.4,Clear,79.0,78.0,0,5.8,1,1,1
T101176,2025-04-26,M2,Metro,16.5,15,5,Saturday,4,9,0,18.4,Rain,47.0,76.0,0,2.1,1,1,0
T101094,2025-04-30,R4,Train,35.5,9,30,Wednesday,4,22,0,6.8,Clear,37.0,35.0,0,-1.8,0,0,0
T103991,2025-10-03,B45,Bus,18.0,38,15,Friday,10,8,0,14.6,Clear,63.0,86.0,0,8.9,1,0,1
T100228,2025-07-19,B12,Bus,14.5,32,10,Saturday,7,14,1,22.7,Clear,26.0,66.0,0,-3.0,0,1,0
T104606,2025-03-29,T9,Tram,13.6,26,12,Saturday,3,17,0,-0.8,Snow,60.0,77.0,0,8.7,1,1,1
T102908,2025-02-16,B61,Bus,7.4,18,8,Sunday,2,9,0,5.1,Rain,57.0,52.0,0,8.0,1,1,1
T100389,2025-02-25,M1,Metro,21.0,19,4,Tuesday,2,8,0,9.8,Storm,63.0,89.0,0,8.0,1,0,1
T105007,2025-10-30,M1,Metro,21.0,19,4,Thursday,10,15,0,15.5,Clear,28.0,41.0,1,7.2,0,0,1
T103951,2025-03-22,T3,Tram,11.0,22,8,Saturday,3,7,0,10.0,Rain,39.0,79.0,0,7.1,1,1,1
T104210,2025-02-25,B45,Bus,18.0,38,15,Tuesday,2,8,0,2.9,Clear,59.0,85.0,1,20.0,1,0,1
T102896,2025-08-29,B61,Bus,7.4,18,8,Friday,8,8,0,28.5,Clear,62.0,90.0,0,7.8,1,0,1
T100209,2025-10-12,M1,Metro,21.0,19,4,Sunday,10,12,1,9.3,Rain,24.0,44.0,0,-3.0,0,1,0
T102012,2025-02-25,B12,Bus,14.5,32,10,Tuesday,2,19,0,10.3,Clear,67.0,75.0,0,7.2,1,0,1
T101030,2025-06-27,R1,Train,42.0,11,20,Friday,6,16,0,24.5,Clear,83.0,90.0,0,6.2,1,0,1
T101274,2025-10-06,B12,Bus,14.5,32,10,Monday,10,6,0,12.2,Rain,22.0,52.0,0,-2.2,0,0,0
T103550,2025-06-10,M3,Metro,12.2,12,6,Tuesday,6,6,0,33.2,Clear,31.0,51.0,1,7.6,0,0,1
T104457,2025-01-15,B45,Bus,18.0,38,15,Wednesday,1,18,0,-0.9,Snow,60.0,53.0,0,11.7,1,0,1
T100557,2025-11-16,B61,Bus,7.4,18,8,Sunday,11,16,0,4.0,Clear,55.0,61.0,0,7.7,1,1,1
T101796,2025-12-23,R1,Train,42.0,11,20,Tuesday,12,7,0,4.3,Clear,52.0,81.0,0,1.9,1,0,0
T105253,2025-07-24,M2,Metro,16.5,15,5,Thursday,7,18,0,24.8,Fog,70.0,72.0,0,6.5,1,0,1
T103869,2025-09-17,M1,Metro,21.0,19,4,Wednesday,9,16,0,19.9,Rain,59.0,92.0,1,17.4,1,0,1
T103229,2025-11-01,B61,Bus,7.4,18,8,Saturday,11,19,0,9.8,Rain,33.0,50.0,0,4.8,1,1,0
T102861,2025-12-06,B61,Bus,7.4,18,8,Saturday,12,19,0,4.6,Clear,64.0,56.0,0,7.8,1,1,1
T101059,2025-04-24,T7,Tram,8.3,17,10,Thursday,4,8,0,9.8,Clear,62.0,84.0,0,2.3,1,0,0
T103028,2025-03-23,M1,Metro,21.0,19,4,Sunday,3,17,0,3.2,Clear,85.0,64.0,1,14.4,1,1,1
T103258,2025-07-25,B45,Bus,18.0,38,15,Friday,7,16,0,22.0,Clear,65.0,76.0,0,5.5,1,0,1
T101376,2025-12-18,M1,Metro,21.0,19,4,Thursday,12,7,0,12.5,Rain,59.0,109.0,0,2.8,1,0,0
T105450,2025-04-03,M3,Metro,12.2,12,6,Thursday,4,14,0,14.0,Storm,40.0,27.0,0,1.0,0,0,0
T100741,2025-10-06,R1,Train,42.0,11,20,Monday,10,19,1,8.0,Clear,70.0,83.0,0,0.3,1,0,0
T104235,2025-01-15,M3,Metro,12.2,12,6,Wednesday,1,7,0,-2.1,Clear,58.0,79.0,0,1.4,1,0,0
T104919,2025-07-12,B12,Bus,14.5,32,10,Saturday,7,9,0,30.5,Clear,45.0,66.0,0,3.7,1,1,0
T101726,2025-12-13,B12,Bus,14.5,32,10,Saturday,12,8,0,2.3,Fog,56.0,69.0,0,6.4,1,1,1
T105095,2025-03-05,M1,Metro,21.0,19,4,Wednesday,3,19,0,3.4,Snow,79.0,87.0,0,6.4,1,0,1
T100564,2025-11-21,B12,Bus,14.5,32,10,Friday,11,17,0,9.4,Clear,90.0,90.0,0,8.3,1,0,1
T104912,2025-01-10,B45,Bus,18.0,38,15,Friday,1,19,0,-3.8,Fog,73.0,72.0,0,8.0,1,0,1
T101119,2025-06-30,T9,Tram,13.6,26,12,Monday,6,22,0,27.7,Clear,50.0,32.0,0,-3.0,0,0,0
T104396,2025-04-18,M2,Metro,16.5,15,5,Friday,4,8,0,16.2,Rain,64.0,68.0,0,0.9,1,0,0
T105397,2025-05-24,R1,Train,42.0,11,20,Saturday,5,17,0,21.8,Storm,33.0,86.0,0,9.0,1,1,1
T100029,2025-06-11,B61,Bus,7.4,18,8,Wednesday,6,9,0,28.3,Rain,64.0,107.0,0,10.6,1,0,1
T105786,2025-08-24,T9,Tram,13.6,26,12,Sunday,8,6,0,26.9,Fog,15.0,29.0,0,-3.0,0,1,0
T101100,2025-06-25,T7,Tram,8.3,17,10,Wednesday,6,9,0,18.5,Clear,57.0,72.0,0,2.5,1,0,0
T102193,2025-03-21,M1,Metro,21.0,19,4,Friday,3,12,0,12.4,Clear,46.0,43.0,0,-3.0,0,0,0
T100768,2025-02-21,T9,Tram,13.6,26,12,Friday,2,16,0,4.6,Rain,74.0,70.0,0,8.7,1,0,1
T103736,2025-05-19,B45,Bus,18.0,38,15,Monday,5,17,1,19.4,Storm,49.0,103.0,1,26.8,1,0,1
T102320,2025-02-06,M1,Metro,21.0,19,4,Thursday,2,7,0,3.4,Clear,90.0,77.0,0,0.6,1,0,0
T101622,2025-12-04,R1,Train,42.0,11,20,Thursday,12,7,0,2.7,Clear,61.0,83.0,0,2.8,1,0,0
T102082,2025-04-29,T9,Tram,13.6,26,12,Tuesday,4,16,0,13.9,Rain,100.0,89.0,0,7.4,1,0,1
T102547,2025-08-02,R1,Train,42.0,11,20,Saturday,8,16,0,21.1,Clear,71.0,58.0,0,2.2,1,1,0
T104937,2025-08-04,T9,Tram,13.6,26,12,Monday,8,19,0,21.2,Rain,63.0,70.0,0,5.8,1,0,1
T105360,2025-08-27,R1,Train,42.0,11,20,Wednesday,8,8,0,15.1,Clear,69.0,82.0,1,17.6,1,0,1
T102657,2025-04-09,R1,Train,42.0,11,20,Wednesday,4,7,0,9.4,Clear,62.0,80.0,0,30.199999999999996,1,0,1
T101614,2025-01-22,M3,Metro,12.2,12,6,Wednesday,1,8,0,2.7,Snow,82.0,89.0,0,3.8,1,0,0
T102375,2025-12-28,B27,Bus,9.2,24,12,Sunday,12,19,0,1.5,Rain,69.0,66.0,0,7.0,1,1,1
T104300,2025-04-11,B12,Bus,14.5,32,10,Friday,4,16,0,16.9,Rain,59.0,83.0,0,7.9,1,0,1
T101400,2025-11-08,M2,Metro,16.5,15,5,Saturday,11,12,0,8.7,Clear,5.0,24.0,0,-3.0,0,1,0
T100538,2025-07-17,B61,Bus,7.4,18,8,Thursday,7,7,0,30.4,Storm,87.0,82.0,0,12.8,1,0,1
T105498,2025-12-28,B12,Bus,14.5,32,10,Sunday,12,10,0,4.3,Rain,8.0,38.0,0,-1.8,0,1,0
T102741,2025-02-05,B61,Bus,7.4,18,8,Wednesday,2,11,0,4.0,Fog,42.0,45.0,0,0.0,0,0,0
T100498,2025-12-05,B61,Bus,7.4,18,8,Friday,12,17,0,-1.3,Snow,73.0,81.0,0,11.6,1,0,1
T101013,2025-04-25,T7,Tram,8.3,17,10,Friday,4,21,0,15.2,Clear,45.0,47.0,0,-2.2,0,0,0
T100234,2025-06-29,M3,Metro,12.2,12,6,Sunday,6,9,0,21.5,Rain,81.0,65.0,0,7.4,1,1,1
T105782,2025-11-19,R1,Train,42.0,11,20,Wednesday,11,12,0,6.4,Rain,41.0,27.0,0,-2.6,0,0,0
T102085,2025-08-28,B27,Bus,9.2,24,12,Thursday,8,8,0,29.5,Clear,85.0,86.0,0,10.3,1,0,1
T102981,2025-01-23,T9,Tram,13.6,26,12,Thursday,1,13,0,-4.7,Snow,40.0,60.0,0,-0.7,0,0,0
T103340,2025-07-17,M2,Metro,16.5,15,5,Thursday,7,16,0,25.7,Rain,74.0,102.0,0,3.3,1,0,0
T103401,2025-12-02,R4,Train,35.5,9,30,Tuesday,12,11,0,6.2,Clear,9.0,14.0,0,-3.0,0,0,0
T100418,2025-04-19,R4,Train,35.5,9,30,Saturday,4,17,0,12.8,Rain,41.0,92.0,0,7.2,1,1,1
T103095,2025-10-02,B61,Bus,7.4,18,8,Thursday,10,13,0,12.2,Clear,29.0,36.0,0,-3.0,0,0,0
T100915,2025-06-17,R1,Train,42.0,11,20,Tuesday,6,11,0,28.8,Clear,32.0,30.0,0,-2.1,0,0,0
T102032,2025-02-03,M1,Metro,21.0,19,4,Monday,2,17,0,3.2,Fog,55.0,81.0,0,5.2,1,0,1
T103373,2025-07-03,B61,Bus,7.4,18,8,Thursday,7,22,0,24.8,Clear,29.0,39.0,0,-3.0,0,0,0
T101674,2025-09-19,R4,Train,35.5,9,30,Friday,9,7,0,18.2,Rain,66.0,78.0,0,2.7,1,0,0
T104803,2025-10-17,B45,Bus,18.0,38,15,Friday,10,8,0,14.3,Rain,61.0,121.0,0,10.0,1,0,1
T102370,2025-01-17,R4,Train,35.5,9,30,Friday,1,7,0,-0.6,Snow,85.0,113.0,0,10.9,1,0,1
T102181,2025-03-29,B27,Bus,9.2,24,12,Saturday,3,9,0,-0.7,Clear,64.0,85.0,0,6.6,1,1,1
T104076,2025-12-24,T9,Tram,13.6,26,12,Wednesday,12,17,0,3.9,Rain,57.0,75.0,0,4.2,1,0,0
T101967,2025-06-21,B45,Bus,18.0,38,15,Saturday,6,6,1,31.0,Rain,48.0,37.0,0,-0.4,0,1,0
T102367,2025-03-06,T7,Tram,8.3,17,10,Thursday,3,5,0,12.3,Clear,30.0,37.0,0,-3.0,0,0,0
T103068,2025-02-24,T9,Tram,13.6,26,12,Monday,2,7,0,6.1,Clear,58.0,65.0,0,2.6,1,0,0
T101546,2025-09-08,M1,Metro,21.0,19,4,Monday,9,19,0,13.7,Clear,82.0,82.0,1,14.8,1,0,1
T104540,2025-08-07,T7,Tram,8.3,17,10,Thursday,8,8,0,23.6,Storm,86.0,54.0,0,8.2,1,0,1
T102335,2025-07-16,T3,Tram,11.0,22,8,Wednesday,7,19,0,13.850000000000001,Rain,78.0,73.0,0,9.4,1,0,1
T103878,2025-03-07,T9,Tram,13.6,26,12,Friday,3,19,0,9.5,Fog,67.0,66.0,1,22.3,1,0,1
T101832,2025-08-03,T3,Tram,11.0,22,8,Sunday,8,7,0,20.7,Rain,42.0,25.0,0,2.7,1,1,0
T101733,2025-11-12,T9,Tram,13.6,26,12,Wednesday,11,8,0,18.5,Fog,61.0,90.0,0,4.9,1,0,0
T102120,2025-10-08,T7,Tram,8.3,17,10,Wednesday,10,8,0,18.4,Clear,58.0,56.0,0,3.6,1,0,0
T105312,2025-03-18,M2,Metro,16.5,15,5,Tuesday,3,19,0,3.6,Clear,77.0,92.0,0,1.5,1,0,0
T101762,2025-01-04,T9,Tram,13.6,26,12,Saturday,1,16,0,0.1,Clear,50.0,66.0,0,5.6,1,1,1
T100948,2025-12-12,T3,Tram,11.0,22,8,Friday,12,8,0,-0.6,Snow,89.0,75.0,0,11.3,1,0,1
T101959,2025-03-10,M1,Metro,21.0,19,4,Monday,3,22,0,1.8,Clear,45.0,62.0,0,-3.0,0,0,0
T103074,2025-08-01,T7,Tram,8.3,17,10,Friday,8,16,0,28.7,Clear,73.0,91.0,0,3.2,1,0,0
T105825,2025-07-14,T9,Tram,13.6,26,12,Monday,7,17,0,27.9,Storm,52.0,80.0,0,10.5,1,0,1
T104358,2025-09-02,R4,Train,35.5,9,30,Tuesday,9,21,0,20.0,Storm,57.0,36.0,0,0.9,0,0,0
T105465,2025-07-22,M2,Metro,16.5,15,5,Tuesday,7,19,0,34.3,Fog,70.0,86.0,0,5.0,1,0,0
T105164,2025-05-10,M1,Metro,21.0,19,4,Saturday,5,20,0,20.4,Rain,12.0,34.0,0,-3.0,0,1,0
T102559,2025-08-04,M2,Metro,16.5,15,5,Monday,8,5,0,23.7,Clear,20.0,44.0,0,-3.0,0,0,0
T101125,2025-11-04,R1,Train,42.0,11,20,Tuesday,11,16,0,8.4,Fog,76.0,81.0,0,4.1,1,0,0
T105889,2025-04-14,B12,Bus,14.5,32,10,Monday,4,18,0,19.8,Clear,85.0,55.0,0,6.4,1,0,1
T104752,2025-10-22,B61,Bus,7.4,18,8,Wednesday,10,19,0,16.0,Clear,61.0,78.0,0,6.0,1,0,1
T102485,2025-05-12,T7,Tram,8.3,17,10,Monday,5,20,0,18.7,Clear,29.0,51.0,0,-3.0,0,0,0
T102813,2025-12-18,R4,Train,35.5,9,30,Thursday,12,10,0,2.4,Clear,21.0,40.0,0,-3.0,0,0,0
T101763,2025-08-08,R1,Train,42.0,11,20,Friday,8,17,0,23.9,Rain,55.0,67.0,0,6.0,1,0,1
T104299,2025-02-04,B61,Bus,7.4,18,8,Tuesday,2,7,0,5.5,Rain,80.0,83.0,0,12.7,1,0,1
T103782,2025-02-08,R4,Train,35.5,9,30,Saturday,2,21,0,5.3,Fog,5.0,40.0,1,11.9,0,1,1
T105520,2025-06-09,M2,Metro,16.5,15,5,Monday,6,19,0,30.2,Clear,76.0,113.0,0,4.3,1,0,0
T100308,2025-04-26,T3,Tram,11.0,22,8,Saturday,4,17,0,10.7,Clear,51.0,67.0,0,4.8,1,1,0
T101727,2025-07-28,T3,Tram,11.0,22,8,Monday,7,8,0,25.1,Snow,71.0,80.0,0,7.4,1,0,1
T105150,2025-02-27,B12,Bus,14.5,32,10,Thursday,2,7,0,4.4,Clear,63.0,99.0,1,22.0,1,0,1
T100994,2025-07-13,M2,Metro,16.5,15,5,Sunday,7,7,0,23.6,Clear,89.0,67.0,0,2.6,1,1,0
T100194,2025-12-17,B61,Bus,7.4,18,8,Wednesday,12,17,0,4.5,Rain,88.0,77.0,0,8.9,1,0,1
T102435,2025-07-25,B12,Bus,14.5,32,10,Friday,7,12,0,28.6,Storm,19.0,41.0,0,5.4,0,0,1
T102665,2025-07-15,B12,Bus,14.5,32,10,Tuesday,7,21,0,23.8,Clear,47.0,49.0,1,13.7,0,0,1
T105871,2025-06-22,T9,Tram,13.6,26,12,Sunday,6,13,0,25.2,Clear,34.0,18.0,0,-3.0,0,1,0
T105696,2025-01-28,M2,Metro,16.5,15,5,Tuesday,1,13,0,0.6,Clear,36.0,65.0,0,-3.0,0,0,0
T100676,2025-07-31,M3,Metro,12.2,12,6,Thursday,7,18,0,30.6,Clear,82.0,77.0,0,3.6,1,0,0
T104823,2025-12-22,M3,Metro,12.2,12,6,Monday,12,7,0,7.3,Rain,72.0,86.0,0,0.8,1,0,0
T104758,2025-06-14,M1,Metro,21.0,19,4,Saturday,6,5,0,27.7,Clear,0.0,22.0,0,-3.0,0,1,0
T103017,2025-03-20,M3,Metro,12.2,12,6,Thursday,3,8,0,6.6,Clear,68.0,80.0,0,-1.3,1,0,0
T103544,2025-01-14,M1,Metro,21.0,19,4,Tuesday,1,12,0,14.7,Snow,34.0,47.0,0,-2.9,0,0,0
T103771,2025-05-01,R1,Train,42.0,11,20,Thursday,5,9,0,23.6,Rain,62.0,67.0,0,4.6,1,0,0
T102683,2025-10-24,B27,Bus,9.2,24,12,Friday,10,17,0,17.9,Clear,68.0,53.0,0,9.0,1,0,1
T100971,2025-06-02,M2,Metro,16.5,15,5,Monday,6,17,0,24.4,Clear,67.0,86.0,0,-0.6,1,0,0
T103298,2025-07-16,R1,Train,42.0,11,20,Wednesday,7,22,0,23.3,Clear,41.0,22.0,0,-3.0,0,0,0
T105775,2025-12-10,B27,Bus,9.2,24,12,Wednesday,12,18,1,13.1,Rain,56.0,72.0,0,5.7,1,0,1
T103357,2025-11-16,B12,Bus,14.5,32,10,Sunday,11,20,0,12.1,Clear,21.0,24.0,0,-3.0,0,1,0
T102674,2025-12-06,R4,Train,35.5,9,30,Saturday,12,19,0,6.5,Fog,58.0,35.0,0,2.3,1,1,0
T104719,2025-02-24,M3,Metro,12.2,12,6,Monday,2,20,0,6.7,Rain,26.0,32.0,0,-3.0,0,0,0
T105792,2025-05-24,B61,Bus,7.4,18,8,Saturday,5,22,0,19.4,Clear,19.0,37.0,0,-1.5,0,1,0
T100922,2025-06-12,T7,Tram,8.3,17,10,Thursday,6,18,0,29.1,Fog,70.0,94.0,0,4.8,1,0,0
T103374,2025-09-03,B61,Bus,7.4,18,8,Wednesday,9,6,0,16.8,Clear,17.0,47.0,0,0.8,0,0,0
T104037,2025-08-13,M1,Metro,21.0,19,4,Wednesday,8,16,0,23.6,Clear,62.0,76.0,0,-0.9,1,0,0
T101450,2025-04-18,M3,Metro,12.2,12,6,Friday,4,19,0,15.0,Clear,62.0,87.0,0,-0.4,1,0,0
T100601,2025-10-12,R4,Train,35.5,9,30,Sunday,10,8,0,14.3,Snow,68.0,89.0,1,20.3,1,1,1
T102825,2025-11-04,M2,Metro,16.5,15,5,Tuesday,11,16,0,11.4,Clear,93.0,69.0,0,0.2,1,0,0
T100958,2025-12-21,B61,Bus,7.4,18,8,Sunday,12,9,0,6.8,Rain,51.0,62.0,0,7.8,1,1,1
T105505,2025-11-02,M3,Metro,12.2,12,6,Sunday,11,9,0,11.8,Rain,43.0,55.0,0,0.9,1,1,0
T101053,2025-12-16,B27,Bus,9.2,24,12,Tuesday,12,17,0,6.7,Clear,65.0,73.0,0,6.3,1,0,1
T105457,2025-05-24,R1,Train,42.0,11,20,Saturday,5,19,0,25.2,Clear,57.0,56.0,0,3.8,1,1,0
T101139,2025-07-16,B61,Bus,7.4,18,8,Wednesday,7,16,0,26.7,Clear,66.0,77.0,0,4.8,1,0,0
T104366,2025-03-02,B45,Bus,18.0,38,15,Sunday,3,20,0,2.9,Rain,2.0,13.0,0,-2.7,0,1,0
T100670,2025-12-14,B45,Bus,18.0,38,15,Sunday,12,8,0,1.9,Clear,62.0,56.0,0,6.2,1,1,1
T100993,2025-06-07,M2,Metro,16.5,15,5,Saturday,6,17,0,20.3,Fog,66.0,67.0,0,4.9,1,1,0
T105439,2025-07-23,B27,Bus,9.2,24,12,Wednesday,7,11,0,30.1,Clear,59.0,65.0,0,-0.6,0,0,0
T104776,2025-05-03,T3,Tram,11.0,22,8,Saturday,5,6,0,15.8,Rain,23.0,25.0,0,-2.7,0,1,0
T102455,2025-06-23,B45,Bus,18.0,38,15,Monday,6,16,0,22.3,Rain,76.0,109.0,0,11.2,1,0,1
T103472,2025-09-26,M3,Metro,12.2,12,6,Friday,9,17,0,13.3,Clear,73.0,60.0,0,1.3,1,0,0
T103178,2025-03-20,B45,Bus,18.0,38,15,Thursday,3,20,1,5.6,Clear,15.0,28.0,0,-3.0,0,0,0
T102731,2025-07-10,B27,Bus,9.2,24,12,Thursday,7,5,0,26.2,Storm,29.0,43.0,0,2.0,0,0,0
T105349,2025-08-01,T9,Tram,13.6,26,12,Friday,8,17,0,22.8,Fog,64.0,73.0,0,4.9,1,0,0
T104070,2025-02-05,B45,Bus,18.0,38,15,Wednesday,2,13,0,4.4,Fog,27.0,42.0,0,-1.0,0,0,0
T103740,2025-03-24,T3,Tram,11.0,22,8,Monday,3,17,0,12.5,Rain,67.0,75.0,0,4.8,1,0,0
T101423,2025-09-04,M3,Metro,12.2,12,6,Thursday,9,12,0,29.8,Rain,15.0,34.0,0,-3.0,0,0,0
T105875,2025-02-01,T3,Tram,11.0,22,8,Saturday,2,7,0,13.850000000000001,Snow,57.0,77.0,0,10.1,1,1,1
T104916,2025-02-08,T7,Tram,8.3,17,10,Saturday,2,19,0,5.3,Rain,50.0,54.0,0,3.3,1,1,0
T104815,2025-04-19,B27,Bus,9.2,24,12,Saturday,4,17,0,17.0,Clear,62.0,58.0,0,9.6,1,1,1
T101168,2025-12-31,T3,Tram,11.0,22,8,Wednesday,12,6,0,6.8,Storm,49.0,44.0,0,5.4,0,0,1
T100899,2025-08-13,M3,Metro,12.2,12,6,Wednesday,8,9,0,23.1,Rain,65.0,68.0,0,1.4,1,0,0
T105785,2025-08-14,T9,Tram,13.6,26,12,Thursday,8,8,0,31.7,Clear,58.0,74.0,0,5.0,1,0,0
T102916,2025-08-15,B61,Bus,7.4,18,8,Friday,8,8,0,25.2,Rain,63.0,87.0,0,8.3,1,0,1
T102588,2025-12-21,T9,Tram,13.6,26,12,Sunday,12,15,0,8.4,Clear,24.0,36.0,0,-3.0,0,1,0
T105679,2025-01-17,B45,Bus,18.0,38,15,Friday,1,7,0,4.2,Clear,76.0,73.0,0,7.2,1,0,1
T105701,2025-05-19,R4,Train,35.5,9,30,Monday,5,13,0,24.0,Storm,51.0,34.0,1,14.0,0,0,1
T103134,2025-09-17,B45,Bus,18.0,38,15,Wednesday,9,7,0,19.2,Storm,87.0,84.0,0,14.8,1,0,1
T100101,2025-03-14,R1,Train,42.0,11,20,Friday,3,16,0,6.4,Rain,34.0,118.0,1,21.6,1,0,1
T100200,2025-05-14,R4,Train,35.5,9,30,Wednesday,5,8,0,23.5,Clear,89.0,105.0,0,5.0,1,0,0
T103407,2025-08-21,T3,Tram,11.0,22,8,Thursday,8,16,0,22.8,Clear,58.0,73.0,0,1.2,1,0,0
T102846,2025-11-11,B45,Bus,18.0,38,15,Tuesday,11,16,0,7.4,Clear,70.0,66.0,0,6.5,1,0,1
T104616,2025-04-17,R4,Train,35.5,9,30,Thursday,4,18,0,6.9,Clear,72.0,128.0,0,6.2,1,0,1
T102261,2025-12-31,M2,Metro,16.5,15,5,Wednesday,12,17,0,2.2,Clear,95.0,83.0,0,-0.1,1,0,0
T105589,2025-11-06,M3,Metro,12.2,12,6,Thursday,11,9,0,1.6,Rain,69.0,71.0,0,-0.0,1,0,0
T105537,2025-11-04,T3,Tram,11.0,22,8,Tuesday,11,8,1,1.6,Storm,65.0,83.0,0,8.5,1,0,1
T101294,2025-12-14,B45,Bus,18.0,38,15,Sunday,12,9,0,9.4,Rain,37.0,44.0,0,6.8,1,1,1
T101834,2025-05-30,R4,Train,35.5,9,30,Friday,5,11,0,21.1,Storm,53.0,22.0,0,6.4,0,0,1
T105418,2025-07-23,M1,Metro,21.0,19,4,Wednesday,7,12,0,26.1,Storm,28.0,36.0,0,-1.8,0,0,0
T103439,2025-10-30,B27,Bus,9.2,24,12,Thursday,10,7,0,15.0,Rain,74.0,83.0,0,8.9,1,0,1
T100997,2025-05-12,T3,Tram,11.0,22,8,Monday,5,8,0,18.1,Clear,59.0,80.0,0,4.8,1,0,0
T100992,2025-03-13,B45,Bus,18.0,38,15,Thursday,3,6,0,8.9,Clear,56.0,28.0,0,-3.0,0,0,0
T103184,2025-08-18,R4,Train,35.5,9,30,Monday,8,11,0,29.2,Rain,32.0,25.0,0,-0.1,0,0,0
T101710,2025-05-06,B61,Bus,7.4,18,8,Tuesday,5,8,0,19.7,Rain,56.0,86.0,0,7.0,1,0,1
T101757,2025-08-11,B12,Bus,14.5,32,10,Monday,8,17,0,26.4,Clear,78.0,83.0,0,13.7,1,0,1
T103921,2025-08-13,B27,Bus,9.2,24,12,Wednesday,8,21,0,21.3,Clear,31.0,39.0,0,-2.0,0,0,0
T104002,2025-01-13,T9,Tram,13.6,26,12,Monday,1,19,0,4.8,Clear,76.0,80.0,0,2.4,1,0,0
T104594,2025-08-14,M1,Metro,21.0,19,4,Thursday,8,10,0,27.5,Fog,23.0,48.0,0,-0.3,0,0,0
T101443,2025-06-08,T9,Tram,13.6,26,12,Sunday,6,7,0,27.8,Clear,40.0,37.0,0,5.3,1,1,1
T104081,2025-04-14,B45,Bus,18.0,38,15,Monday,4,16,0,13.1,Rain,83.0,84.0,0,11.4,1,0,1
T103793,2025-08-28,B45,Bus,18.0,38,15,Thursday,8,9,0,22.7,Storm,58.0,71.0,0,11.1,1,0,1
T105118,2025-11-15,B61,Bus,7.4,18,8,Saturday,11,17,0,5.7,Storm,55.0,75.0,1,23.8,1,1,1
T103433,2025-05-03,T3,Tram,11.0,22,8,Saturday,5,14,0,27.8,Clear,28.0,40.0,0,-3.0,0,1,0
T101295,2025-07-07,T3,Tram,11.0,22,8,Monday,7,19,0,20.1,Clear,65.0,106.0,0,7.2,1,0,1
T102441,2025-01-01,B45,Bus,18.0,38,15,Wednesday,1,16,0,1.7,Snow,70.0,100.0,0,13.1,1,0,1
T103872,2025-11-12,M3,Metro,12.2,12,6,Wednesday,11,21,0,6.1,Rain,24.0,30.0,0,-3.0,0,0,0
T101585,2025-04-26,B12,Bus,14.5,32,10,Saturday,4,16,0,10.9,Rain,72.0,88.0,0,10.1,1,1,1
T103879,2025-01-16,B45,Bus,18.0,38,15,Thursday,1,19,0,-0.3,Snow,56.0,91.0,1,24.8,1,0,1
T104085,2025-08-19,B61,Bus,7.4,18,8,Tuesday,8,7,0,26.6,Rain,53.0,96.0,0,6.7,1,0,1
T105141,2025-01-06,B27,Bus,9.2,24,12,Monday,1,19,0,2.1,Clear,66.0,85.0,0,12.4,1,0,1
T105229,2025-04-09,M1,Metro,21.0,19,4,Wednesday,4,11,0,17.8,Storm,28.0,52.0,0,1.5,0,0,0
T104426,2025-04-04,M3,Metro,12.2,12,6,Friday,4,19,0,14.7,Rain,76.0,80.0,0,2.3,1,0,0
T101542,2025-02-02,T3,Tram,11.0,22,8,Sunday,2,14,0,6.8,Clear,19.0,19.0,0,-3.0,0,1,0
T100006,2025-02-01,B61,Bus,7.4,18,8,Saturday,2,15,0,3.0,Rain,20.0,50.0,0,-2.4,0,1,0
T101569,2025-12-26,T9,Tram,13.6,26,12,Friday,12,13,0,10.8,Clear,37.0,58.0,0,-0.6,0,0,0
T101406,2025-05-07,R4,Train,35.5,9,30,Wednesday,5,9,0,18.5,Clear,83.0,80.0,0,3.4,1,0,0
T101970,2025-10-30,B45,Bus,18.0,38,15,Thursday,10,20,0,16.3,Clear,40.0,37.0,0,0.3,0,0,0
T103115,2025-07-01,M2,Metro,16.5,15,5,Tuesday,7,14,0,18.6,Rain,55.0,19.0,0,-3.0,0,0,0
T101975,2025-01-19,T7,Tram,8.3,17,10,Sunday,1,15,0,6.0,Fog,19.0,19.0,0,-2.9,0,1,0
T104297,2025-10-09,R1,Train,42.0,11,20,Thursday,10,17,0,14.0,Clear,59.0,54.0,0,2.7,1,0,0
T101696,2025-06-21,T9,Tram,13.6,26,12,Saturday,6,16,0,22.8,Clear,48.0,64.0,0,2.9,1,1,0
T105468,2025-07-21,M3,Metro,12.2,12,6,Monday,7,11,0,27.2,Snow,46.0,38.0,0,0.3,0,0,0
T103681,2025-01-12,R1,Train,42.0,11,20,Sunday,1,7,0,8.1,Clear,59.0,78.0,0,1.5,1,1,0
T102767,2025-12-29,T7,Tram,8.3,17,10,Monday,12,6,0,3.6,Rain,34.0,41.0,1,11.5,0,0,1
T105908,2025-10-18,T9,Tram,13.6,26,12,Saturday,10,19,0,20.8,Clear,50.0,77.0,1,15.5,1,1,1
T101238,2025-04-19,B61,Bus,7.4,18,8,Saturday,4,20,0,15.5,Clear,13.0,22.0,0,-2.4,0,1,0
T102670,2025-10-17,M2,Metro,16.5,15,5,Friday,10,16,0,8.6,Rain,64.0,58.0,0,0.7,1,0,0
T103109,2025-03-28,B61,Bus,7.4,18,8,Friday,3,19,0,1.4,Rain,72.0,89.0,0,10.5,1,0,1
T103532,2025-01-23,T9,Tram,13.6,26,12,Thursday,1,6,0,9.4,Clear,32.0,23.0,0,-3.0,0,0,0
T101646,2025-05-06,T9,Tram,13.6,26,12,Tuesday,5,17,0,21.1,Snow,50.0,98.0,0,8.0,1,0,1
T101476,2025-06-29,R4,Train,35.5,9,30,Sunday,6,14,0,28.7,Clear,20.0,26.0,0,-3.0,0,1,0
T104327,2025-06-05,T3,Tram,11.0,22,8,Thursday,6,17,0,23.2,Rain,63.0,107.0,0,6.1,1,0,1
T105039,2025-03-20,T9,Tram,13.6,26,12,Thursday,3,19,0,9.3,Clear,68.0,53.0,0,4.3,1,0,0
T103560,2025-01-25,T9,Tram,13.6,26,12,Saturday,1,11,0,3.0,Clear,12.0,71.0,0,-3.0,0,1,0
T105501,2025-03-24,B12,Bus,14.5,32,10,Monday,3,13,0,12.7,Fog,24.0,28.0,0,-1.5,0,0,0
T102666,2025-03-29,R1,Train,42.0,11,20,Saturday,3,18,0,3.3,Rain,76.0,54.0,0,4.3,1,1,0
T103714,2025-09-22,M2,Metro,16.5,15,5,Monday,9,19,0,21.1,Clear,53.0,101.0,0,2.2,1,0,0
T104187,2025-03-20,T3,Tram,11.0,22,8,Thursday,3,17,0,7.1,Clear,60.0,75.0,0,4.1,1,0,0
T103030,2025-09-25,B45,Bus,18.0,38,15,Thursday,9,7,0,21.8,Rain,56.0,74.0,0,7.9,1,0,1
T102532,2025-12-04,B61,Bus,7.4,18,8,Thursday,12,19,0,8.0,Fog,80.0,72.0,0,9.9,1,0,1
T103038,2025-04-14,R4,Train,35.5,9,30,Monday,4,19,0,25.1,Clear,48.0,99.0,0,3.4,1,0,0
T105044,2025-10-22,B45,Bus,18.0,38,15,Wednesday,10,19,0,7.9,Clear,99.0,53.0,0,7.5,1,0,1
T102352,2025-09-18,T3,Tram,11.0,22,8,Thursday,9,6,0,26.4,Clear,37.0,36.0,0,-3.0,0,0,0
T100818,2025-08-31,M2,Metro,16.5,15,5,Sunday,8,17,0,22.2,Storm,52.0,72.0,0,6.1,1,1,1
T100148,2025-10-27,B27,Bus,9.2,24,12,Monday,10,7,0,22.6,Clear,70.0,66.0,1,22.0,1,0,1
T100852,2025-12-18,M2,Metro,16.5,15,5,Thursday,12,6,0,13.3,Rain,46.0,37.0,1,9.9,0,0,1
T100777,2025-02-13,T7,Tram,8.3,17,10,Thursday,2,16,0,-7.3,Snow,58.0,102.0,1,23.5,1,0,1
T100781,2025-08-21,B27,Bus,9.2,24,12,Thursday,8,9,0,22.7,Rain,57.0,78.0,0,6.7,1,0,1
T105833,2025-03-31,M3,Metro,12.2,12,6,Monday,3,18,0,4.1,Rain,94.0,92.0,0,2.5,1,0,0
T101947,2025-12-01,B45,Bus,18.0,38,15,Monday,12,18,0,11.2,Clear,83.0,65.0,0,8.9,1,0,1
T105250,2025-02-24,R1,Train,42.0,11,20,Monday,2,6,0,-1.4,Rain,25.0,44.0,0,-2.5,0,0,0
T100891,2025-09-17,T3,Tram,11.0,22,8,Wednesday,9,8,0,21.9,Clear,95.0,77.0,0,4.3,1,0,0
T102360,2025-08-25,B45,Bus,18.0,38,15,Monday,8,17,1,13.6,Rain,60.0,63.0,0,5.1,1,0,1
T101452,2025-01-19,R1,Train,42.0,11,20,Sunday,1,9,0,3.2,Snow,67.0,79.0,0,7.9,1,1,1
T103882,2025-07-29,T3,Tram,11.0,22,8,Tuesday,7,6,0,31.9,Rain,31.0,54.0,0,-3.0,0,0,0
T100578,2025-11-23,B27,Bus,9.2,24,12,Sunday,11,13,0,4.0,Storm,5.0,41.0,0,2.5,0,1,0
T104568,2025-04-23,R4,Train,35.5,9,30,Wednesday,4,19,0,13.4,Clear,55.0,63.0,0,3.0,1,0,0
T101199,2025-08-15,T7,Tram,8.3,17,10,Friday,8,16,0,22.6,Clear,84.0,70.0,0,2.5,1,0,0
T103381,2025-10-15,T7,Tram,8.3,17,10,Wednesday,10,7,0,14.9,Clear,86.0,81.0,0,7.8,1,0,1
T103652,2025-05-30,R1,Train,42.0,11,20,Friday,5,7,0,14.0,Rain,84.0,79.0,0,4.6,1,0,0
T103773,2025-02-16,B27,Bus,9.2,24,12,Sunday,2,17,0,4.8,Clear,60.0,61.0,0,5.3,1,1,1
T103846,2025-10-09,T9,Tram,13.6,26,12,Thursday,10,12,1,17.7,Clear,59.0,46.0,0,-3.0,0,0,0
T103673,2025-01-01,B12,Bus,14.5,32,10,Wednesday,1,14,0,9.6,Rain,9.0,47.0,0,-2.0,0,0,0
T102839,2025-12-21,T9,Tram,13.6,26,12,Sunday,12,7,0,2.6,Rain,58.0,76.0,0,3.9,1,1,0
T103908,2025-03-13,M1,Metro,21.0,19,4,Thursday,3,18,0,14.2,Clear,56.0,91.0,0,-0.3,1,0,0
T101206,2025-07-08,R4,Train,35.5,9,30,Tuesday,7,22,1,28.1,Rain,49.0,48.0,0,-3.0,0,0,0
T105935,2025-04-14,B61,Bus,7.4,18,8,Monday,4,14,0,16.1,Clear,20.0,57.0,0,-2.6,0,0,0
T103518,2025-09-05,R1,Train,42.0,11,20,Friday,9,7,0,19.5,Rain,57.0,99.0,0,6.2,1,0,1
T102338,2025-01-16,M1,Metro,21.0,19,4,Thursday,1,17,0,-1.4,Clear,60.0,77.0,0,-0.0,1,0,0
T101404,2025-03-06,T7,Tram,8.3,17,10,Thursday,3,19,0,10.1,Fog,68.0,80.0,0,4.2,1,0,0
T100070,2025-10-18,B27,Bus,9.2,24,12,Saturday,10,8,0,21.6,Clear,43.0,105.0,0,5.2,1,1,1
T104669,2025-06-06,T3,Tram,11.0,22,8,Friday,6,7,0,26.9,Rain,68.0,83.0,0,4.6,1,0,0
T101224,2025-06-02,T9,Tram,13.6,26,12,Monday,6,7,0,18.7,Rain,86.0,96.0,0,7.5,1,0,1
T100654,2025-07-21,B27,Bus,9.2,24,12,Monday,7,19,0,19.8,Rain,52.0,88.0,0,9.0,1,0,1
T101741,2025-09-29,T3,Tram,11.0,22,8,Monday,9,9,0,21.9,Clear,73.0,77.0,0,4.3,1,0,0
T104498,2025-03-31,M2,Metro,16.5,15,5,Monday,3,5,0,8.7,Clear,49.0,59.0,0,-3.0,0,0,0
T101188,2025-07-26,B61,Bus,7.4,18,8,Saturday,7,19,0,28.0,Clear,56.0,60.0,0,5.7,1,1,1
T103517,2025-11-26,B12,Bus,14.5,32,10,Wednesday,11,8,0,8.4,Rain,58.0,83.0,0,7.9,1,0,1
T104809,2025-10-22,T9,Tram,13.6,26,12,Wednesday,10,10,0,7.0,Rain,43.0,30.0,0,0.5,0,0,0
T100240,2025-02-21,M1,Metro,21.0,19,4,Friday,2,10,0,7.1,Rain,22.0,27.0,0,-2.8,0,0,0
T100583,2025-01-19,M2,Metro,16.5,15,5,Sunday,1,18,0,-1.8,Snow,71.0,68.0,0,5.7,1,1,1
T104170,2025-05-17,B12,Bus,14.5,32,10,Saturday,5,14,0,23.8,Clear,19.0,38.0,1,10.4,0,1,1
T103938,2025-09-21,M1,Metro,21.0,19,4,Sunday,9,8,1,17.8,Rain,47.0,61.0,0,-1.4,1,1,0
T100229,2025-03-06,T7,Tram,8.3,17,10,Thursday,3,17,0,8.6,Rain,90.0,86.0,0,9.0,1,0,1
T104961,2025-07-04,B12,Bus,14.5,32,10,Friday,7,18,0,21.3,Rain,70.0,80.0,0,7.5,1,0,1
T102850,2025-03-13,B61,Bus,7.4,18,8,Thursday,3,7,0,12.3,Clear,56.0,65.0,0,6.4,1,0,1
T104730,2025-12-02,T7,Tram,8.3,17,10,Tuesday,12,6,0,0.7,Snow,16.0,52.0,0,-1.9,0,0,0
T101914,2025-04-30,B27,Bus,9.2,24,12,Wednesday,4,7,0,14.8,Storm,58.0,67.0,0,11.6,1,0,1
T105763,2025-02-04,B45,Bus,18.0,38,15,Tuesday,2,18,0,0.5,Storm,65.0,100.0,0,13.4,1,0,1
T104259,2025-01-10,R4,Train,35.5,9,30,Friday,1,6,0,14.3,Fog,25.0,30.0,0,1.3,0,0,0
T104689,2025-09-22,B61,Bus,7.4,18,8,Monday,9,5,0,14.0,Rain,34.0,48.0,0,-2.2,0,0,0
T101655,2025-03-26,B61,Bus,7.4,18,8,Wednesday,3,20,0,8.8,Fog,46.0,36.0,0,-0.6,0,0,0
T101089,2025-02-21,B61,Bus,7.4,18,8,Friday,2,16,0,2.4,Storm,79.0,120.0,0,14.7,1,0,1
T100192,2025-08-10,B61,Bus,7.4,18,8,Sunday,8,17,0,20.0,Clear,50.0,66.0,0,6.0,1,1,1
T101686,2025-06-06,B12,Bus,14.5,32,10,Friday,6,9,0,22.5,Rain,83.0,105.0,0,11.3,1,0,1
T105128,2025-09-05,R4,Train,35.5,9,30,Friday,9,9,0,20.0,Clear,65.0,96.0,0,3.0,1,0,0
T101886,2025-08-26,B61,Bus,7.4,18,8,Tuesday,8,7,0,30.3,Fog,56.0,54.0,0,9.5,1,0,1
T100938,2025-06-18,M3,Metro,12.2,12,6,Wednesday,6,18,0,16.6,Clear,100.0,65.0,0,-0.7,1,0,0
T103158,2025-09-01,M1,Metro,21.0,19,4,Monday,9,16,0,18.7,Clear,74.0,90.0,0,1.0,1,0,0
T102829,2025-02-16,B61,Bus,7.4,18,8,Sunday,2,14,0,6.3,Snow,27.0,23.0,1,15.1,0,1,1
T104847,2025-02-05,B12,Bus,14.5,32,10,Wednesday,2,19,0,-1.7,Snow,56.0,106.0,0,15.4,1,0,1
T102776,2025-07-10,M3,Metro,12.2,12,6,Thursday,7,19,0,22.6,Clear,76.0,58.0,0,-2.1,1,0,0
T100022,2025-03-08,B61,Bus,7.4,18,8,Saturday,3,8,0,7.4,Clear,49.0,72.0,0,5.1,1,1,1
T100588,2025-11-02,B45,Bus,18.0,38,15,Sunday,11,6,0,3.5,Clear,9.0,29.0,0,-1.1,0,1,0
T103819,2025-11-22,B45,Bus,18.0,38,15,Saturday,11,18,0,6.2,Rain,61.0,68.0,0,7.8,1,1,1
T103347,2025-02-16,B61,Bus,7.4,18,8,Sunday,2,11,0,6.2,Clear,16.0,34.0,0,-3.0,0,1,0
T101766,2025-07-04,R1,Train,42.0,11,20,Friday,7,11,0,26.1,Clear,25.0,67.0,0,-2.4,0,0,0
T100207,2025-12-20,M3,Metro,12.2,12,6,Saturday,12,17,0,12.2,Rain,50.0,57.0,0,0.6,1,1,0
T101567,2025-08-09,B45,Bus,18.0,38,15,Saturday,8,8,0,18.9,Clear,52.0,81.0,0,6.7,1,1,1
T103952,2025-09-23,B12,Bus,14.5,32,10,Tuesday,9,22,0,29.4,Clear,21.0,54.0,0,-1.1,0,0,0
T104488,2025-08-31,R4,Train,35.5,9,30,Sunday,8,21,0,24.3,Rain,46.0,44.0,1,10.9,0,1,1
T102775,2025-04-21,B27,Bus,9.2,24,12,Monday,4,18,0,16.6,Fog,81.0,86.0,0,9.0,1,0,1
T100247,2025-06-01,T7,Tram,8.3,17,10,Sunday,6,19,0,18.7,Clear,74.0,63.0,0,1.9,1,1,0
T103137,2025-06-24,T9,Tram,13.6,26,12,Tuesday,6,21,0,24.6,Clear,50.0,47.0,0,1.7,0,0,0
T101243,2025-06-28,B61,Bus,7.4,18,8,Saturday,6,12,0,25.2,Rain,10.0,13.0,0,-0.3,0,1,0
T104121,2025-12-12,B45,Bus,18.0,38,15,Friday,12,8,0,1.2,Clear,92.0,96.0,1,28.5,1,0,1
T102582,2025-04-17,B61,Bus,7.4,18,8,Thursday,4,18,0,14.9,Clear,74.0,85.0,0,7.8,1,0,1
T100437,2025-12-05,B61,Bus,7.4,18,8,Friday,12,19,0,9.0,Clear,78.0,70.0,0,6.1,1,0,1
T103729,2025-08-22,M1,Metro,21.0,19,4,Friday,8,20,0,18.8,Clear,40.0,54.0,1,6.5,0,0,1
T103360,2025-12-26,M2,Metro,16.5,15,5,Friday,12,7,0,5.9,Clear,55.0,94.0,0,1.9,1,0,0
T104341,2025-06-02,M2,Metro,16.5,15,5,Monday,6,17,0,23.2,Rain,94.0,73.0,0,1.9,1,0,0
T101790,2025-08-02,R4,Train,35.5,9,30,Saturday,8,7,0,22.1,Clear,63.0,47.0,0,3.0,1,1,0
T104026,2025-03-18,R4,Train,35.5,9,30,Tuesday,3,5,0,7.6,Clear,58.0,65.0,0,-3.0,0,0,0
T105702,2025-04-12,R1,Train,42.0,11,20,Saturday,4,7,0,7.3,Clear,63.0,59.0,0,4.6,1,1,0
T101456,2025-12-26,T9,Tram,13.6,26,12,Friday,12,7,0,2.2,Rain,75.0,66.0,0,4.1,1,0,0
T102030,2025-07-22,B61,Bus,7.4,18,8,Tuesday,7,17,0,18.2,Clear,80.0,89.0,0,8.8,1,0,1
T101201,2025-06-24,B61,Bus,7.4,18,8,Tuesday,6,18,0,31.7,Rain,71.0,91.0,0,10.6,1,0,1
T105424,2025-04-20,B61,Bus,7.4,18,8,Sunday,4,9,0,17.7,Fog,44.0,95.0,0,8.3,1,1,1
T105092,2025-01-18,B12,Bus,14.5,32,10,Saturday,1,14,0,-3.1,Clear,42.0,13.0,0,0.7,0,1,0
T105817,2025-12-03,B61,Bus,7.4,18,8,Wednesday,12,9,0,-0.5,Clear,55.0,103.0,0,5.6,1,0,1
T102807,2025-04-24,B61,Bus,7.4,18,8,Thursday,4,15,0,19.6,Clear,36.0,47.0,0,-1.7,0,0,0
T103079,2025-06-13,T3,Tram,11.0,22,8,Friday,6,19,0,31.5,Rain,83.0,88.0,0,6.8,1,0,1
T101729,2025-02-08,R4,Train,35.5,9,30,Saturday,2,17,0,5.6,Rain,70.0,67.0,0,2.9,1,1,0
T101036,2025-11-26,B12,Bus,14.5,32,10,Wednesday,11,16,0,12.7,Clear,67.0,67.0,0,5.3,1,0,1
T103336,2025-07-10,T3,Tram,11.0,22,8,Thursday,7,9,0,27.6,Clear,81.0,59.0,0,2.0,1,0,0
T103637,2025-07-02,T9,Tram,13.6,26,12,Wednesday,7,21,0,18.8,Clear,45.0,46.0,1,11.9,0,0,1
T103578,2025-11-18,B27,Bus,9.2,24,12,Tuesday,11,9,0,11.3,Rain,95.0,77.0,0,10.4,1,0,1
T101543,2025-07-27,R4,Train,35.5,9,30,Sunday,7,5,0,28.3,Rain,28.0,67.0,0,-3.0,0,1,0
T100202,2025-06-30,B45,Bus,18.0,38,15,Monday,6,9,0,25.4,Snow,82.0,60.0,0,15.5,1,0,1
T105047,2025-08-17,M2,Metro,16.5,15,5,Sunday,8,18,0,31.5,Clear,59.0,65.0,0,-0.5,1,1,0
T105145,2025-10-02,T9,Tram,13.6,26,12,Thursday,10,15,0,9.5,Rain,31.0,22.0,0,-2.6,0,0,0
T102325,2025-10-28,R1,Train,42.0,11,20,Tuesday,10,18,0,12.2,Storm,88.0,74.0,0,7.5,1,0,1
T101504,2025-08-07,M3,Metro,12.2,12,6,Thursday,8,7,0,28.5,Clear,56.0,58.0,0,-1.9,1,0,0
T101530,2025-02-02,T7,Tram,8.3,17,10,Sunday,2,16,0,7.5,Clear,49.0,62.0,0,2.4,1,1,0
T101190,2025-06-01,T7,Tram,8.3,17,10,Sunday,6,18,0,25.4,Rain,54.0,63.0,0,4.9,1,1,0
T103900,2025-07-09,T9,Tram,13.6,26,12,Wednesday,7,8,0,17.7,Clear,73.0,100.0,0,6.8,1,0,1
T101526,2025-04-27,B61,Bus,7.4,18,8,Sunday,4,13,0,6.4,Rain,0.0,9.0,0,-2.7,0,1,0
T105062,2025-08-14,T7,Tram,8.3,17,10,Thursday,8,8,0,20.4,Rain,81.0,65.0,0,6.0,1,0,1
T104084,2025-07-03,B45,Bus,18.0,38,15,Thursday,7,16,0,25.1,Rain,94.0,90.0,0,10.5,1,0,1
T104180,2025-08-27,M3,Metro,12.2,12,6,Wednesday,8,8,0,23.7,Rain,64.0,87.0,0,1.4,1,0,0
T105859,2025-09-12,B12,Bus,14.5,32,10,Friday,9,18,0,18.6,Rain,62.0,77.0,0,9.2,1,0,1
T105681,2025-10-15,T3,Tram,11.0,22,8,Wednesday,10,6,1,19.2,Storm,23.0,12.0,0,-0.8,0,0,0
T103370,2025-12-27,B61,Bus,7.4,18,8,Saturday,12,20,0,3.3,Clear,29.0,42.0,0,-3.0,0,1,0
T100424,2025-06-02,R4,Train,35.5,9,30,Monday,6,7,0,22.1,Fog,82.0,84.0,0,3.6,1,0,0
T104598,2025-12-15,R1,Train,42.0,11,20,Monday,12,7,0,6.5,Clear,57.0,111.0,1,18.6,1,0,1
T104484,2025-06-21,B27,Bus,9.2,24,12,Saturday,6,17,0,27.2,Clear,42.0,66.0,0,5.1,1,1,1
T103648,2025-12-31,R4,Train,35.5,9,30,Wednesday,12,7,0,-1.7,Snow,72.0,76.0,0,8.0,1,0,1
T104206,2025-11-27,R1,Train,42.0,11,20,Thursday,11,18,0,9.6,Clear,51.0,60.0,0,6.2,1,0,1
T104980,2025-11-25,T9,Tram,13.6,26,12,Tuesday,11,19,0,6.3,Clear,60.0,75.0,0,4.0,1,0,0
T103519,2025-12-03,R4,Train,35.5,9,30,Wednesday,12,9,0,0.2,Clear,79.0,87.0,0,2.5,1,0,0
T105257,2025-04-16,B12,Bus,14.5,32,10,Wednesday,4,17,0,16.1,Clear,68.0,86.0,1,21.8,1,0,1
T101481,2025-01-01,B45,Bus,18.0,38,15,Wednesday,1,14,0,2.0,Clear,32.0,31.0,0,-2.3,0,0,0
T105934,2025-11-02,B27,Bus,9.2,24,12,Sunday,11,10,0,0.8,Fog,21.0,66.0,0,2.0,0,1,0
T102719,2025-03-01,M2,Metro,16.5,15,5,Saturday,3,7,1,5.0,Clear,57.0,77.0,0,-3.0,1,1,0
T101584,2025-08-21,B12,Bus,14.5,32,10,Thursday,8,18,0,27.9,Rain,67.0,93.0,0,9.3,1,0,1
T102964,2025-09-25,R1,Train,42.0,11,20,Thursday,9,18,0,14.3,Rain,59.0,94.0,1,19.6,1,0,1
T100458,2025-11-03,T3,Tram,11.0,22,8,Monday,11,11,0,3.8,Fog,49.0,44.0,0,0.4,0,0,0
T104581,2025-12-21,B61,Bus,7.4,18,8,Sunday,12,19,0,1.9,Clear,36.0,71.0,0,3.4,1,1,0
T105727,2025-02-08,M2,Metro,16.5,15,5,Saturday,2,14,0,8.3,Clear,11.0,56.0,0,-3.0,0,1,0
T104263,2025-10-04,B45,Bus,18.0,38,15,Saturday,10,19,0,14.0,Clear,49.0,52.0,0,5.7,1,1,1
T100018,2025-11-03,M3,Metro,12.2,12,6,Monday,11,10,0,8.1,Storm,48.0,67.0,0,0.0,0,0,0
T102782,2025-10-06,B27,Bus,9.2,24,12,Monday,10,5,0,12.7,Clear,16.0,60.0,1,9.6,0,0,1
T100151,2025-04-13,R1,Train,42.0,11,20,Sunday,4,16,0,11.2,Storm,58.0,57.0,0,6.7,1,1,1
T102209,2025-02-20,R1,Train,42.0,11,20,Thursday,2,16,0,9.1,Clear,55.0,61.0,0,0.8,1,0,0
T102519,2025-12-30,B61,Bus,7.4,18,8,Tuesday,12,19,0,8.0,Clear,74.0,68.0,0,6.2,1,0,1
T103702,2025-04-02,T3,Tram,11.0,22,8,Wednesday,4,16,0,8.6,Clear,62.0,78.0,0,3.7,1,0,0
T105004,2025-10-10,M1,Metro,21.0,19,4,Friday,10,5,0,18.4,Rain,42.0,43.0,0,-0.6,0,0,0
T100549,2025-09-06,M2,Metro,16.5,15,5,Saturday,9,18,0,14.7,Clear,72.0,77.0,0,-1.1,1,1,0
T101162,2025-11-06,M1,Metro,21.0,19,4,Thursday,11,8,0,11.4,Clear,94.0,73.0,0,2.8,1,0,0
T105317,2025-02-08,B27,Bus,9.2,24,12,Saturday,2,9,0,0.1,Rain,49.0,90.0,0,8.4,1,1,1
T102991,2025-08-21,T3,Tram,11.0,22,8,Thursday,8,16,0,31.2,Clear,69.0,58.0,0,3.9,1,0,0
T105920,2025-02-23,R1,Train,42.0,11,20,Sunday,2,8,0,8.0,Clear,57.0,89.0,0,4.0,1,1,0
T104543,2025-08-12,R1,Train,42.0,11,20,Tuesday,8,13,0,22.8,Clear,24.0,33.0,0,-3.0,0,0,0
T103462,2025-11-13,T3,Tram,11.0,22,8,Thursday,11,9,0,7.2,Clear,93.0,72.0,0,4.7,1,0,0
T103176,2025-08-13,B12,Bus,14.5,32,10,Wednesday,8,7,0,27.7,Clear,79.0,75.0,0,8.6,1,0,1
T104582,2025-03-02,M1,Metro,21.0,19,4,Sunday,3,17,0,6.3,Clear,57.0,90.0,0,0.9,1,1,0
T102075,2025-05-29,R1,Train,42.0,11,20,Thursday,5,10,0,21.9,Storm,57.0,67.0,0,1.7,0,0,0
T103145,2025-07-21,B27,Bus,9.2,24,12,Monday,7,17,0,26.6,Storm,76.0,99.0,0,13.1,1,0,1
T103486,2025-05-05,T3,Tram,11.0,22,8,Monday,5,16,0,30.4,Clear,90.0,74.0,0,4.7,1,0,0
T105477,2025-09-15,R1,Train,42.0,11,20,Monday,9,13,0,26.0,Fog,50.0,58.0,0,1.8,0,0,0
T100533,2025-04-14,B45,Bus,18.0,38,15,Monday,4,16,0,17.8,Clear,68.0,74.0,0,7.0,1,0,1
T100152,2025-12-01,M1,Metro,21.0,19,4,Monday,12,17,0,-4.4,Rain,68.0,81.0,0,5.4,1,0,1
T100163,2025-05-29,B27,Bus,9.2,24,12,Thursday,5,14,0,24.7,Fog,59.0,65.0,0,2.8,0,0,0
T103220,2025-09-13,B27,Bus,9.2,24,12,Saturday,9,15,0,31.3,Clear,56.0,22.0,0,-3.0,0,1,0
T105036,2025-11-30,T7,Tram,8.3,17,10,Sunday,11,10,0,9.1,Clear,16.0,27.0,0,-3.0,0,1,0
T105002,2025-08-17,M1,Metro,21.0,19,4,Sunday,8,17,0,27.7,Rain,54.0,67.0,0,5.4,1,1,1
T105246,2025-08-02,B27,Bus,9.2,24,12,Saturday,8,9,0,18.6,Clear,55.0,69.0,0,3.8,1,1,0
T101777,2025-03-01,R4,Train,35.5,9,30,Saturday,3,22,0,12.8,Rain,39.0,33.0,0,0.3,0,1,0
T104535,2025-07-05,R1,Train,42.0,11,20,Saturday,7,18,0,26.5,Rain,63.0,60.0,0,2.3,1,1,0
T102395,2025-08-28,R1,Train,42.0,11,20,Thursday,8,9,0,35.9,Fog,53.0,61.0,1,18.8,1,0,1
T103292,2025-03-28,M2,Metro,16.5,15,5,Friday,3,15,1,9.8,Fog,31.0,26.0,0,-3.0,0,0,0
T103356,2025-01-21,M2,Metro,16.5,15,5,Tuesday,1,5,0,-0.8,Snow,43.0,33.0,1,15.8,0,0,1
T105242,2025-11-28,B61,Bus,7.4,18,8,Friday,11,18,0,5.0,Fog,92.0,78.0,0,9.1,1,0,1
T103522,2025-10-30,R1,Train,42.0,11,20,Thursday,10,8,0,14.8,Rain,65.0,77.0,0,5.1,1,0,1
T102296,2025-03-03,M3,Metro,12.2,12,6,Monday,3,15,0,13.3,Clear,27.0,49.0,0,-3.0,0,0,0
T103526,2025-02-18,M3,Metro,12.2,12,6,Tuesday,2,15,0,0.9,Snow,49.0,45.0,0,-1.5,0,0,0
T103390,2025-04-03,T3,Tram,11.0,22,8,Thursday,4,19,0,18.0,Clear,58.0,83.0,0,2.1,1,0,0
T101968,2025-11-03,B12,Bus,14.5,32,10,Monday,11,19,0,9.1,Storm,65.0,77.0,0,13.5,1,0,1
T101037,2025-01-06,T9,Tram,13.6,26,12,Monday,1,9,0,-4.7,Clear,74.0,64.0,0,2.4,1,0,0
T102654,2025-11-07,B12,Bus,14.5,32,10,Friday,11,9,0,12.4,Rain,70.0,95.0,0,8.4,1,0,1
T101801,2025-06-20,B27,Bus,9.2,24,12,Friday,6,7,0,20.1,Clear,68.0,66.0,0,7.8,1,0,1
T103057,2025-02-23,B45,Bus,18.0,38,15,Sunday,2,6,0,-2.6,Rain,13.0,35.0,0,-1.1,0,1,0
T100695,2025-04-03,M1,Metro,21.0,19,4,Thursday,4,8,0,19.4,Fog,81.0,54.0,0,1.8,1,0,0
T104861,2025-10-30,T3,Tram,11.0,22,8,Thursday,10,8,0,16.5,Clear,70.0,97.0,0,6.0,1,0,1
T101082,2025-12-16,M2,Metro,16.5,15,5,Tuesday,12,13,0,3.8,Clear,40.0,67.0,0,-3.0,0,0,0
T101721,2025-09-28,T7,Tram,8.3,17,10,Sunday,9,11,0,12.7,Clear,7.0,35.0,0,-3.0,0,1,0
T105077,2025-01-05,T3,Tram,11.0,22,8,Sunday,1,14,0,2.6,Snow,38.0,27.0,0,0.5,0,1,0
T101865,2025-05-28,T9,Tram,13.6,26,12,Wednesday,5,6,0,14.2,Clear,40.0,41.0,0,0.2,0,0,0
T103543,2025-10-10,T3,Tram,11.0,22,8,Friday,10,21,0,25.2,Clear,37.0,30.0,0,-3.0,0,0,0
T100999,2025-07-07,R1,Train,42.0,11,20,Monday,7,7,0,21.9,Clear,65.0,45.0,0,2.9,1,0,0
T103999,2025-07-09,M1,Metro,21.0,19,4,Wednesday,7,15,0,22.8,Clear,37.0,38.0,0,-3.0,0,0,0
T101038,2025-06-09,M3,Metro,12.2,12,6,Monday,6,15,0,28.0,Clear,39.0,65.0,0,-3.0,0,0,0
T100932,2025-04-04,B12,Bus,14.5,32,10,Friday,4,15,0,19.8,Clear,29.0,56.0,0,-2.4,0,0,0
T104733,2025-04-07,T7,Tram,8.3,17,10,Monday,4,21,0,20.0,Clear,71.0,44.0,0,-0.5,0,0,0
T100660,2025-03-06,B12,Bus,14.5,32,10,Thursday,3,17,0,5.7,Rain,95.0,65.0,1,24.9,1,0,1
T105879,2025-01-05,R1,Train,42.0,11,20,Sunday,1,18,0,1.5,Fog,56.0,50.0,0,6.2,1,1,1
T103815,2025-01-27,B27,Bus,9.2,24,12,Monday,1,16,0,0.0,Rain,71.0,89.0,0,10.4,1,0,1
T101425,2025-10-25,R4,Train,35.5,9,30,Saturday,10,17,0,17.6,Storm,33.0,67.0,1,21.8,1,1,1
T105460,2025-11-25,B27,Bus,9.2,24,12,Tuesday,11,13,0,9.4,Clear,25.0,30.0,0,0.7,0,0,0
T101749,2025-09-20,R4,Train,35.5,9,30,Saturday,9,22,0,23.2,Rain,10.0,12.0,0,-0.0,0,1,0
T100811,2025-11-17,M3,Metro,12.2,12,6,Monday,11,18,0,5.3,Fog,39.0,67.0,0,5.8,1,0,1
T100380,2025-01-02,B61,Bus,7.4,18,8,Thursday,1,9,0,5.6,Clear,93.0,68.0,1,25.1,1,0,1
T101496,2025-07-21,M3,Metro,12.2,12,6,Monday,7,18,0,25.4,Clear,68.0,73.0,0,-1.0,1,0,0
T101860,2025-09-28,M1,Metro,21.0,19,4,Sunday,9,8,0,25.6,Fog,35.0,58.0,0,2.1,1,1,0
T103165,2025-05-27,R1,Train,42.0,11,20,Tuesday,5,17,0,24.2,Clear,83.0,101.0,0,3.2,1,0,0
T105473,2025-03-08,M1,Metro,21.0,19,4,Saturday,3,18,0,3.1,Clear,45.0,78.0,1,12.8,1,1,1
T100869,2025-01-15,B12,Bus,14.5,32,10,Wednesday,1,8,0,8.2,Clear,63.0,82.0,0,5.9,1,0,1
T103441,2025-01-09,T7,Tram,8.3,17,10,Thursday,1,8,0,11.1,Fog,69.0,72.0,0,4.2,1,0,0
T101944,2025-05-19,R4,Train,35.5,9,30,Monday,5,6,0,20.3,Clear,47.0,48.0,0,-3.0,0,0,0
T101736,2025-07-03,B27,Bus,9.2,24,12,Thursday,7,17,0,28.8,Clear,66.0,94.0,0,10.3,1,0,1
T104472,2025-06-28,M2,Metro,16.5,15,5,Saturday,6,17,0,21.2,Clear,48.0,92.0,0,-0.5,1,1,0
T101627,2025-08-02,B12,Bus,14.5,32,10,Saturday,8,22,0,19.7,Snow,32.0,5.0,0,1.1,0,1,0
T101270,2025-05-15,B61,Bus,7.4,18,8,Thursday,5,18,0,23.1,Clear,89.0,70.0,0,9.8,1,0,1
T103018,2025-08-07,B27,Bus,9.2,24,12,Thursday,8,15,0,23.6,Clear,21.0,47.0,0,-0.8,0,0,0
T101555,2025-03-01,B12,Bus,14.5,32,10,Saturday,3,22,0,7.2,Clear,30.0,39.0,0,-0.9,0,1,0
T104949,2025-05-15,M2,Metro,16.5,15,5,Thursday,5,9,0,20.5,Clear,85.0,80.0,0,1.0,1,0,0
T102820,2025-07-17,T7,Tram,8.3,17,10,Thursday,7,19,0,23.0,Fog,73.0,66.0,0,9.4,1,0,1
T102841,2025-09-15,B61,Bus,7.4,18,8,Monday,9,9,0,13.6,Clear,85.0,80.0,0,7.0,1,0,1
T104846,2025-11-02,B12,Bus,14.5,32,10,Sunday,11,18,0,2.0,Fog,38.0,64.0,0,8.8,1,1,1
T105256,2025-01-22,B12,Bus,14.5,32,10,Wednesday,1,8,0,4.1,Rain,88.0,66.0,0,10.8,1,0,1
T104326,2025-11-07,R1,Train,42.0,11,20,Friday,11,16,0,3.8,Snow,73.0,98.0,0,8.4,1,0,1
T102869,2025-03-17,T9,Tram,13.6,26,12,Monday,3,8,0,12.8,Clear,75.0,83.0,0,5.0,1,0,0
T103200,2025-12-03,T7,Tram,8.3,17,10,Wednesday,12,19,0,5.2,Clear,73.0,66.0,0,2.9,1,0,0
T102408,2025-06-19,B12,Bus,14.5,32,10,Thursday,6,17,0,28.1,Clear,75.0,91.0,0,7.4,1,0,1
T102134,2025-06-10,M2,Metro,16.5,15,5,Tuesday,6,18,0,22.8,Clear,57.0,93.0,0,2.2,1,0,0
T102520,2025-06-11,T9,Tram,13.6,26,12,Wednesday,6,10,0,17.3,Storm,22.0,29.0,0,-0.1,0,0,0
T101102,2025-12-02,M1,Metro,21.0,19,4,Tuesday,12,17,0,8.9,Clear,72.0,108.0,0,6.5,1,0,1
T102591,2025-05-19,T3,Tram,11.0,22,8,Monday,5,8,0,11.2,Rain,75.0,69.0,0,3.9,1,0,0
T103750,2025-08-01,B61,Bus,7.4,18,8,Friday,8,14,0,20.8,Rain,26.0,5.0,0,-1.9,0,0,0
T102848,2025-04-13,T3,Tram,11.0,22,8,Sunday,4,19,0,14.9,Rain,55.0,52.0,0,3.7,1,1,0
T103817,2025-10-21,M2,Metro,16.5,15,5,Tuesday,10,16,0,19.4,Fog,78.0,80.0,0,2.0,1,0,0
T102428,2025-10-03,T9,Tram,13.6,26,12,Friday,10,14,0,18.7,Clear,49.0,41.0,0,5.1,0,0,1
T102600,2025-11-12,M3,Metro,12.2,12,6,Wednesday,11,17,0,10.5,Rain,66.0,90.0,0,2.2,1,0,0
T105335,2025-01-26,R1,Train,42.0,11,20,Sunday,1,18,0,5.0,Rain,65.0,53.0,0,4.6,1,1,0
T101934,2025-02-23,M1,Metro,21.0,19,4,Sunday,2,19,0,5.0,Rain,73.0,75.0,0,1.2,1,1,0
T103501,2025-08-22,B45,Bus,18.0,38,15,Friday,8,8,0,20.9,Clear,54.0,91.0,0,6.2,1,0,1
T101998,2025-04-13,B27,Bus,9.2,24,12,Sunday,4,17,0,17.4,Clear,47.0,54.0,0,8.6,1,1,1
T102800,2025-10-17,M2,Metro,16.5,15,5,Friday,10,7,0,12.1,Clear,56.0,63.0,0,-1.8,1,0,0
T103396,2025-06-15,B45,Bus,18.0,38,15,Sunday,6,19,0,22.8,Clear,34.0,66.0,0,7.0,1,1,1
T104666,2025-04-23,T7,Tram,8.3,17,10,Wednesday,4,17,0,18.8,Clear,77.0,78.0,0,4.0,1,0,0
T104807,2025-11-22,B27,Bus,9.2,24,12,Saturday,11,18,0,5.5,Clear,56.0,63.0,0,4.9,1,1,0
T101389,2025-11-28,M3,Metro,12.2,12,6,Friday,11,16,0,11.8,Clear,77.0,58.0,0,1.1,1,0,0
T102694,2025-12-08,T7,Tram,8.3,17,10,Monday,12,11,0,-2.3,Snow,41.0,50.0,0,1.3,0,0,0
T103399,2025-09-21,M3,Metro,12.2,12,6,Sunday,9,21,0,20.3,Rain,29.0,16.0,0,-2.8,0,1,0
T105111,2025-09-10,R1,Train,42.0,11,20,Wednesday,9,6,0,16.7,Clear,46.0,53.0,0,-3.0,0,0,0
T101831,2025-12-14,B61,Bus,7.4,18,8,Sunday,12,6,0,3.1,Fog,10.0,33.0,0,-2.2,0,1,0
T100840,2025-04-16,B61,Bus,7.4,18,8,Wednesday,4,22,0,11.8,Clear,48.0,18.0,1,10.8,0,0,1
T102098,2025-10-02,B12,Bus,14.5,32,10,Thursday,10,15,0,9.4,Clear,56.0,24.0,0,-2.4,0,0,0
T103671,2025-02-04,M3,Metro,12.2,12,6,Tuesday,2,13,0,7.7,Clear,42.0,46.0,0,-3.0,0,0,0
T101482,2025-04-16,T7,Tram,8.3,17,10,Wednesday,4,21,0,15.7,Storm,34.0,36.0,0,1.6,0,0,0
T100025,2025-08-24,M3,Metro,12.2,12,6,Sunday,8,19,0,26.0,Rain,42.0,68.0,0,0.1,1,1,0
T105284,2025-12-29,M1,Metro,21.0,19,4,Monday,12,9,0,6.0,Clear,61.0,86.0,0,3.0,1,0,0
T100829,2025-01-11,B61,Bus,7.4,18,8,Saturday,1,9,0,13.6,Fog,58.0,76.0,0,8.4,1,1,1
T101842,2025-10-26,R1,Train,42.0,11,20,Sunday,10,7,0,11.6,Clear,54.0,69.0,0,1.8,1,1,0
T102465,2025-03-13,M2,Metro,16.5,15,5,Thursday,3,8,0,9.6,Rain,79.0,89.0,0,3.7,1,0,0
T102000,2025-11-17,M1,Metro,21.0,19,4,Monday,11,17,0,8.5,Rain,69.0,51.0,0,3.8,1,0,0
T102795,2025-12-01,M3,Metro,12.2,12,6,Monday,12,15,0,7.5,Clear,19.0,56.0,0,-3.0,0,0,0
T104864,2025-11-17,M3,Metro,12.2,12,6,Monday,11,20,0,5.2,Clear,59.0,33.0,0,-3.0,0,0,0
T100312,2025-02-13,B12,Bus,14.5,32,10,Thursday,2,6,0,1.9,Rain,39.0,48.0,0,-1.5,0,0,0
T101181,2025-12-05,M3,Metro,12.2,12,6,Friday,12,17,0,6.8,Clear,72.0,67.0,0,2.6,1,0,0
T100195,2025-02-01,T3,Tram,11.0,22,8,Saturday,2,7,0,5.0,Rain,57.0,56.0,0,5.2,1,1,1
T101251,2025-05-31,T9,Tram,13.6,26,12,Saturday,5,14,0,22.4,Clear,21.0,56.0,0,-3.0,0,1,0
T101365,2025-01-07,T7,Tram,8.3,17,10,Tuesday,1,7,0,3.1,Snow,65.0,79.0,0,6.5,1,0,1
T104870,2025-03-11,B61,Bus,7.4,18,8,Tuesday,3,22,0,13.6,Clear,20.0,36.0,0,-3.0,0,0,0
T100854,2025-04-16,R1,Train,42.0,11,20,Wednesday,4,8,0,13.8,Rain,51.0,61.0,0,6.0,1,0,1
T105939,2025-03-08,M3,Metro,12.2,12,6,Saturday,3,5,0,5.4,Clear,21.0,43.0,0,-3.0,0,1,0
T101681,2025-01-05,M2,Metro,16.5,15,5,Sunday,1,14,0,-5.1,Rain,23.0,25.0,0,-3.0,0,1,0
T100303,2025-11-24,M1,Metro,21.0,19,4,Monday,11,19,0,5.2,Fog,66.0,94.0,0,3.6,1,0,0
T100848,2025-10-27,T3,Tram,11.0,22,8,Monday,10,19,0,18.3,Fog,63.0,88.0,0,6.2,1,0,1
T100272,2025-02-25,T9,Tram,13.6,26,12,Tuesday,2,17,0,8.2,Rain,49.0,83.0,0,4.7,1,0,0
T105959,2025-11-16,M1,Metro,21.0,19,4,Sunday,11,17,0,6.3,Clear,35.0,67.0,0,1.6,1,1,0
T103950,2025-05-18,T3,Tram,11.0,22,8,Sunday,5,19,0,18.7,Clear,69.0,82.0,0,3.7,1,1,0
T103219,2025-06-07,R4,Train,35.5,9,30,Saturday,6,9,0,17.2,Clear,44.0,73.0,0,30.199999999999996,1,1,1
T105567,2025-05-09,R1,Train,42.0,11,20,Friday,5,22,0,16.3,Clear,58.0,27.0,0,-3.0,0,0,0
T103973,2025-04-05,M1,Metro,21.0,19,4,Saturday,4,7,0,8.2,Clear,60.0,51.0,0,-0.8,1,1,0
T105990,2025-01-19,B27,Bus,9.2,24,12,Sunday,1,9,0,-3.2,Rain,28.0,59.0,0,3.7,1,1,0
T105063,2025-08-22,R1,Train,42.0,11,20,Friday,8,7,0,21.5,Rain,54.0,82.0,0,4.7,1,0,0
T104565,2025-05-04,R4,Train,35.5,9,30,Sunday,5,18,0,20.4,Clear,57.0,56.0,0,5.4,1,1,1
T101240,2025-07-05,T9,Tram,13.6,26,12,Saturday,7,10,0,20.6,Clear,57.0,14.0,0,-3.0,0,1,0
T100250,2025-03-07,M2,Metro,16.5,15,5,Friday,3,15,0,15.0,Clear,29.0,44.0,0,-3.0,0,0,0
T104744,2025-09-12,M3,Metro,12.2,12,6,Friday,9,22,0,21.9,Clear,54.0,49.0,0,-3.0,0,0,0
T103338,2025-11-10,M2,Metro,16.5,15,5,Monday,11,17,0,7.5,Rain,86.0,85.0,0,4.3,1,0,0
T105621,2025-01-17,T9,Tram,13.6,26,12,Friday,1,19,0,1.3,Rain,96.0,73.0,0,4.6,1,0,0
T101523,2025-02-24,B61,Bus,7.4,18,8,Monday,2,16,0,5.1,Clear,70.0,64.0,0,10.0,1,0,1
T105013,2025-12-10,B45,Bus,18.0,38,15,Wednesday,12,18,0,4.6,Clear,50.0,72.0,1,21.6,1,0,1
T103515,2025-12-21,R4,Train,35.5,9,30,Sunday,12,14,0,6.5,Clear,18.0,27.0,0,-1.5,0,1,0
T105670,2025-05-09,B45,Bus,18.0,38,15,Friday,5,17,0,15.2,Clear,78.0,79.0,1,24.7,1,0,1
T103268,2025-02-19,M2,Metro,16.5,15,5,Wednesday,2,19,0,1.1,Snow,75.0,95.0,0,6.0,1,0,1
T104790,2025-03-13,M1,Metro,21.0,19,4,Thursday,3,15,0,6.6,Clear,52.0,49.0,0,-3.0,0,0,0
T105396,2025-12-11,M2,Metro,16.5,15,5,Thursday,12,19,0,1.1,Snow,85.0,80.0,0,4.6,1,0,0
T103213,2025-12-19,R1,Train,42.0,11,20,Friday,12,7,1,3.6,Snow,79.0,81.0,0,4.6,1,0,0
T102014,2025-08-25,M3,Metro,12.2,12,6,Monday,8,8,1,21.8,Rain,71.0,61.0,0,-0.8,1,0,0
T102605,2025-10-03,R4,Train,35.5,9,30,Friday,10,19,0,14.8,Clear,72.0,87.0,0,3.6,1,0,0
T104142,2025-03-01,T3,Tram,11.0,22,8,Saturday,3,7,0,6.5,Clear,82.0,49.0,0,3.4,1,1,0
T102740,2025-03-09,B12,Bus,14.5,32,10,Sunday,3,17,0,10.1,Clear,81.0,62.0,0,6.8,1,1,1
T101440,2025-10-12,B27,Bus,9.2,24,12,Sunday,10,6,1,11.9,Clear,0.0,27.0,0,-3.0,0,1,0
T105723,2025-07-11,B12,Bus,14.5,32,10,Friday,7,17,0,26.0,Rain,75.0,94.0,0,11.5,1,0,1
T104260,2025-03-24,B45,Bus,18.0,38,15,Monday,3,8,0,7.2,Clear,78.0,64.0,1,20.3,1,0,1
T104784,2025-11-05,M3,Metro,12.2,12,6,Wednesday,11,16,0,10.8,Storm,56.0,81.0,0,4.7,1,0,0
T101708,2025-03-30,T7,Tram,8.3,17,10,Sunday,3,19,0,6.4,Rain,66.0,93.0,0,8.3,1,1,1
T104554,2025-09-16,R4,Train,35.5,9,30,Tuesday,9,13,1,11.4,Clear,51.0,46.0,0,-3.0,0,0,0
T100611,2025-06-18,B12,Bus,14.5,32,10,Wednesday,6,9,0,23.8,Clear,89.0,70.0,0,6.7,1,0,1
T102985,2025-08-25,R4,Train,35.5,9,30,Monday,8,14,0,26.3,Rain,52.0,37.0,0,-3.0,0,0,0
T100698,2025-01-19,B61,Bus,7.4,18,8,Sunday,1,17,0,2.9,Clear,62.0,87.0,0,6.3,1,1,1
T101069,2025-01-04,M2,Metro,16.5,15,5,Saturday,1,18,0,6.8,Clear,52.0,48.0,0,-1.4,1,1,0
T100187,2025-05-20,R4,Train,35.5,9,30,Tuesday,5,9,0,19.0,Clear,58.0,69.0,0,0.7,1,0,0
T105102,2025-03-30,R4,Train,35.5,9,30,Sunday,3,13,0,10.2,Clear,23.0,11.0,0,-3.0,0,1,0
T100086,2025-02-05,T7,Tram,8.3,17,10,Wednesday,2,6,0,0.3,Snow,20.0,54.0,0,-0.7,0,0,0
T105381,2025-12-13,T9,Tram,13.6,26,12,Saturday,12,19,0,-1.8,Clear,44.0,45.0,0,4.5,1,1,0
T103979,2025-02-24,B27,Bus,9.2,24,12,Monday,2,8,0,5.2,Clear,69.0,67.0,0,6.5,1,0,1
T103308,2025-01-09,M1,Metro,21.0,19,4,Thursday,1,18,0,3.3,Fog,93.0,72.0,0,1.0,1,0,0
T100668,2025-12-02,T7,Tram,8.3,17,10,Tuesday,12,7,0,4.3,Clear,74.0,113.0,0,5.6,1,0,1
T104877,2025-06-09,R4,Train,35.5,9,30,Monday,6,7,0,22.3,Rain,49.0,73.0,0,2.4,1,0,0
T105904,2025-03-10,T9,Tram,13.6,26,12,Monday,3,7,0,10.2,Clear,75.0,99.0,0,4.4,1,0,0
T100377,2025-09-30,B27,Bus,9.2,24,12,Tuesday,9,8,0,22.4,Clear,76.0,71.0,0,7.0,1,0,1
T105270,2025-03-09,T7,Tram,8.3,17,10,Sunday,3,16,1,12.6,Clear,54.0,94.0,0,2.9,1,1,0
T101771,2025-05-18,B12,Bus,14.5,32,10,Sunday,5,18,0,23.0,Clear,50.0,87.0,0,5.4,1,1,1
T102413,2025-08-08,B45,Bus,18.0,38,15,Friday,8,9,0,29.6,Clear,71.0,66.0,0,11.8,1,0,1
T104990,2025-08-25,T3,Tram,11.0,22,8,Monday,8,13,0,28.4,Rain,18.0,35.0,0,-3.0,0,0,0
T103025,2025-08-17,R1,Train,42.0,11,20,Sunday,8,10,0,24.3,Clear,0.0,27.0,0,-3.0,0,1,0
T100292,2025-12-15,B12,Bus,14.5,32,10,Monday,12,7,0,0.0,Clear,71.0,82.0,0,5.7,1,0,1
T102660,2025-06-08,R4,Train,35.5,9,30,Sunday,6,17,0,28.5,Clear,53.0,65.0,0,0.5,1,1,0
T102305,2025-02-05,T7,Tram,8.3,17,10,Wednesday,2,9,0,-0.7,Rain,75.0,92.0,0,7.0,1,0,1
T104315,2025-04-11,M1,Metro,21.0,19,4,Friday,4,21,0,14.7,Rain,46.0,26.0,0,-3.0,0,0,0
T100397,2025-03-13,B27,Bus,9.2,24,12,Thursday,3,16,0,7.4,Clear,78.0,71.0,0,5.8,1,0,1
T103192,2025-09-02,R1,Train,42.0,11,20,Tuesday,9,15,0,27.4,Clear,37.0,45.0,1,10.1,0,0,1
T103713,2025-03-23,T7,Tram,8.3,17,10,Sunday,3,9,0,11.7,Clear,39.0,98.0,0,3.5,1,1,0
T100386,2025-01-25,T7,Tram,8.3,17,10,Saturday,1,18,0,3.0,Rain,35.0,75.0,1,18.5,1,1,1
T100771,2025-12-27,M2,Metro,16.5,15,5,Saturday,12,15,0,1.8,Snow,22.0,65.0,0,-2.9,0,1,0
T101371,2025-05-06,B27,Bus,9.2,24,12,Tuesday,5,10,0,17.5,Clear,50.0,48.0,0,-2.4,0,0,0
T101074,2025-06-20,M2,Metro,16.5,15,5,Friday,6,18,0,23.9,Storm,66.0,80.0,0,7.6,1,0,1
T104727,2025-11-20,R1,Train,42.0,11,20,Thursday,11,7,0,1.8,Clear,60.0,77.0,0,2.1,1,0,0
T101875,2025-02-14,M1,Metro,21.0,19,4,Friday,2,9,0,7.9,Clear,73.0,93.0,0,4.6,1,0,0
T104144,2025-02-17,B45,Bus,18.0,38,15,Monday,2,14,0,13.6,Clear,37.0,37.0,0,-1.9,0,0,0
T104552,2025-02-06,R4,Train,35.5,9,30,Thursday,2,15,0,1.4,Rain,37.0,43.0,0,-3.0,0,0,0
T102021,2025-08-29,B61,Bus,7.4,18,8,Friday,8,16,0,26.3,Storm,56.0,92.0,0,11.2,1,0,1
T100300,2025-05-13,T3,Tram,11.0,22,8,Tuesday,5,16,0,17.8,Rain,65.0,88.0,0,4.5,1,0,0
T101656,2025-11-06,M3,Metro,12.2,12,6,Thursday,11,11,0,12.7,Rain,43.0,48.0,0,-3.0,0,0,0
T100991,2025-07-20,M3,Metro,12.2,12,6,Sunday,7,19,0,23.9,Rain,43.0,65.0,0,-0.2,1,1,0
T102063,2025-09-20,T3,Tram,11.0,22,8,Saturday,9,19,1,21.7,Clear,46.0,91.0,0,2.1,1,1,0
T100463,2025-06-02,B27,Bus,9.2,24,12,Monday,6,19,0,26.0,Storm,70.0,101.0,0,14.0,1,0,1
T104126,2025-01-17,T7,Tram,8.3,17,10,Friday,1,16,0,5.1,Clear,58.0,90.0,0,3.0,1,0,0
T103508,2025-01-22,M3,Metro,12.2,12,6,Wednesday,1,13,0,4.1,Rain,31.0,71.0,0,-3.0,0,0,0
T105594,2025-11-07,M1,Metro,21.0,19,4,Friday,11,16,0,10.1,Rain,70.0,87.0,0,1.7,1,0,0
T103656,2025-07-07,R1,Train,42.0,11,20,Monday,7,9,0,31.4,Clear,46.0,69.0,0,8.0,1,0,1
T105167,2025-03-13,M2,Metro,16.5,15,5,Thursday,3,11,0,8.4,Fog,56.0,38.0,0,-3.0,0,0,0
T103847,2025-05-12,R1,Train,42.0,11,20,Monday,5,19,0,16.5,Clear,57.0,80.0,0,2.4,1,0,0
T104688,2025-01-03,R1,Train,42.0,11,20,Friday,1,6,0,2.8,Snow,38.0,55.0,0,0.9,0,0,0
T100246,2025-10-04,M3,Metro,12.2,12,6,Saturday,10,9,0,16.6,Clear,72.0,86.0,0,5.4,1,1,1
T103665,2025-06-14,M2,Metro,16.5,15,5,Saturday,6,7,0,21.8,Clear,29.0,70.0,0,-1.0,1,1,0
T103084,2025-05-04,T3,Tram,11.0,22,8,Sunday,5,16,0,20.5,Clear,48.0,86.0,0,2.9,1,1,0
T101249,2025-12-23,M2,Metro,16.5,15,5,Tuesday,12,5,0,6.3,Rain,41.0,43.0,0,-3.0,0,0,0
T102650,2025-11-18,R1,Train,42.0,11,20,Tuesday,11,7,0,15.0,Clear,73.0,75.0,0,1.9,1,0,0
T100138,2025-05-07,B12,Bus,14.5,32,10,Wednesday,5,19,0,19.6,Clear,85.0,78.0,0,8.0,1,0,1
T104458,2025-02-12,B27,Bus,9.2,24,12,Wednesday,2,8,1,5.2,Rain,70.0,67.0,0,5.0,1,0,0
T101976,2025-12-07,B12,Bus,14.5,32,10,Sunday,12,21,0,-4.2,Rain,43.0,9.0,0,1.3,0,1,0
T104706,2025-06-21,M1,Metro,21.0,19,4,Saturday,6,9,0,27.7,Clear,30.0,73.0,1,12.4,1,1,1
T104155,2025-03-10,B27,Bus,9.2,24,12,Monday,3,9,0,9.1,Rain,79.0,66.0,0,13.3,1,0,1
T104799,2025-07-22,B12,Bus,14.5,32,10,Tuesday,7,6,0,23.1,Rain,45.0,60.0,0,-1.7,0,0,0
T103917,2025-11-07,T3,Tram,11.0,22,8,Friday,11,18,0,10.2,Fog,81.0,92.0,0,7.5,1,0,1
T105855,2025-08-03,M3,Metro,12.2,12,6,Sunday,8,18,0,27.2,Rain,53.0,102.0,0,4.3,1,1,0
T105502,2025-01-13,M3,Metro,12.2,12,6,Monday,1,22,1,-3.0,Rain,58.0,67.0,0,-3.0,0,0,0
T100515,2025-02-08,B61,Bus,7.4,18,8,Saturday,2,8,0,10.2,Clear,74.0,66.0,0,4.7,1,1,0
T105561,2025-02-12,R4,Train,35.5,9,30,Wednesday,2,8,0,-0.6,Fog,66.0,75.0,0,4.6,1,0,0
T100976,2025-02-04,M3,Metro,12.2,12,6,Tuesday,2,11,0,3.3,Snow,28.0,57.0,0,1.3,0,0,0
T102374,2025-09-13,R1,Train,42.0,11,20,Saturday,9,16,0,21.0,Clear,77.0,84.0,0,7.9,1,1,1
T104079,2025-10-06,M3,Metro,12.2,12,6,Monday,10,18,0,13.4,Fog,70.0,86.0,0,3.0,1,0,0
T105414,2025-04-24,T7,Tram,8.3,17,10,Thursday,4,7,0,14.5,Storm,74.0,81.0,1,22.3,1,0,1
T104129,2025-06-04,R4,Train,35.5,9,30,Wednesday,6,16,0,26.8,Clear,67.0,102.0,0,4.1,1,0,0
T105126,2025-04-01,B61,Bus,7.4,18,8,Tuesday,4,7,0,9.9,Clear,60.0,60.0,0,4.6,1,0,0
T101624,2025-07-21,R1,Train,42.0,11,20,Monday,7,16,1,27.5,Clear,72.0,83.0,0,1.2,1,0,0
T101197,2025-12-25,R4,Train,35.5,9,30,Thursday,12,17,0,8.8,Clear,73.0,65.0,1,15.4,1,0,1
T105863,2025-03-17,B45,Bus,18.0,38,15,Monday,3,12,0,11.1,Clear,29.0,52.0,0,-1.8,0,0,0
T104970,2025-11-09,B61,Bus,7.4,18,8,Sunday,11,10,1,13.6,Rain,23.0,34.0,0,-3.0,0,1,0
T102895,2025-07-16,T7,Tram,8.3,17,10,Wednesday,7,7,0,30.5,Storm,82.0,70.0,0,8.7,1,0,1
T103811,2025-06-12,T9,Tram,13.6,26,12,Thursday,6,19,0,28.4,Rain,79.0,78.0,0,6.3,1,0,1
T105911,2025-05-03,M1,Metro,21.0,19,4,Saturday,5,9,0,24.8,Clear,52.0,64.0,0,0.2,1,1,0
T105157,2025-02-14,R1,Train,42.0,11,20,Friday,2,16,0,4.5,Fog,76.0,67.0,0,5.4,1,0,1
T105280,2025-09-18,B45,Bus,18.0,38,15,Thursday,9,19,0,9.9,Storm,46.0,75.0,0,12.1,1,0,1
T103533,2025-12-28,M1,Metro,21.0,19,4,Sunday,12,7,0,14.7,Clear,58.0,70.0,0,6.0,1,1,1
T105153,2025-09-12,R4,Train,35.5,9,30,Friday,9,20,0,25.9,Clear,45.0,48.0,0,-3.0,0,0,0
T104800,2025-08-12,T9,Tram,13.6,26,12,Tuesday,8,8,0,24.5,Clear,71.0,61.0,0,2.8,1,0,0
T103987,2025-01-27,T3,Tram,11.0,22,8,Monday,1,17,0,-0.1,Snow,66.0,85.0,0,9.5,1,0,1
T102912,2025-06-22,M2,Metro,16.5,15,5,Sunday,6,9,0,27.5,Snow,68.0,50.0,0,6.4,1,1,1
T102310,2025-04-13,B12,Bus,14.5,32,10,Sunday,4,6,1,10.3,Storm,23.0,46.0,0,0.1,0,1,0
T105743,2025-06-17,B61,Bus,7.4,18,8,Tuesday,6,19,0,25.8,Clear,59.0,68.0,0,3.9,1,0,0
T101912,2025-01-02,B45,Bus,18.0,38,15,Thursday,1,7,0,3.9,Clear,88.0,83.0,0,8.8,1,0,1
T105676,2025-07-10,R1,Train,42.0,11,20,Thursday,7,19,0,27.5,Rain,57.0,67.0,0,4.1,1,0,0
T101256,2025-03-23,R1,Train,42.0,11,20,Sunday,3,18,0,10.3,Clear,53.0,52.0,0,1.9,1,1,0
T101704,2025-12-02,R4,Train,35.5,9,30,Tuesday,12,19,0,5.3,Clear,69.0,70.0,0,1.6,1,0,0
T101964,2025-10-26,B12,Bus,14.5,32,10,Sunday,10,8,0,13.8,Clear,59.0,61.0,0,7.9,1,1,1
T101540,2025-06-23,M1,Metro,21.0,19,4,Monday,6,16,1,19.9,Clear,59.0,67.0,0,2.0,1,0,0
T101132,2025-10-17,M3,Metro,12.2,12,6,Friday,10,7,0,10.4,Clear,70.0,84.0,0,2.2,1,0,0
T105549,2025-10-03,B45,Bus,18.0,38,15,Friday,10,19,0,9.4,Rain,72.0,116.0,0,10.1,1,0,1
T104216,2025-06-28,T9,Tram,13.6,26,12,Saturday,6,20,0,19.9,Clear,21.0,20.0,0,-3.0,0,1,0
T104168,2025-07-05,R1,Train,42.0,11,20,Saturday,7,10,0,24.4,Storm,26.0,17.0,0,3.4,0,1,0
T105645,2025-01-20,M2,Metro,16.5,15,5,Monday,1,9,0,2.6,Fog,78.0,85.0,0,4.4,1,0,0
T101993,2025-08-22,B27,Bus,9.2,24,12,Friday,8,22,0,23.3,Clear,22.0,53.0,0,-3.0,0,0,0
T104382,2025-05-09,B45,Bus,18.0,38,15,Friday,5,8,0,18.1,Clear,46.0,78.0,0,5.4,1,0,1
T104276,2025-01-25,R1,Train,42.0,11,20,Saturday,1,20,0,2.9,Clear,32.0,38.0,0,-2.2,0,1,0
T100288,2025-07-17,B61,Bus,7.4,18,8,Thursday,7,19,1,26.8,Clear,67.0,73.0,0,6.3,1,0,1
T103249,2025-05-25,B27,Bus,9.2,24,12,Sunday,5,5,0,22.3,Rain,13.0,45.0,0,-1.8,0,1,0
T102899,2025-03-15,B12,Bus,14.5,32,10,Saturday,3,7,1,11.8,Clear,38.0,59.0,0,1.7,1,1,0
T102601,2025-03-20,T7,Tram,8.3,17,10,Thursday,3,17,0,2.9,Snow,38.0,93.0,0,8.5,1,0,1
T103455,2025-11-12,B61,Bus,7.4,18,8,Wednesday,11,17,0,14.1,Rain,71.0,99.0,0,15.4,1,0,1
T104049,2025-06-16,M1,Metro,21.0,19,4,Monday,6,7,0,28.5,Clear,74.0,98.0,0,2.9,1,0,0
T103273,2025-05-28,T3,Tram,11.0,22,8,Wednesday,5,22,0,20.6,Rain,44.0,24.0,1,11.5,0,0,1
T102180,2025-09-13,T7,Tram,8.3,17,10,Saturday,9,16,0,22.2,Clear,53.0,70.0,1,15.6,1,1,1
T104913,2025-08-10,B45,Bus,18.0,38,15,Sunday,8,18,0,26.0,Rain,59.0,62.0,0,8.3,1,1,1
T102366,2025-05-04,T3,Tram,11.0,22,8,Sunday,5,17,0,26.2,Rain,47.0,89.0,0,4.8,1,1,0
T102123,2025-08-11,M2,Metro,16.5,15,5,Monday,8,19,0,32.6,Rain,67.0,92.0,0,1.9,1,0,0
T105801,2025-05-21,M3,Metro,12.2,12,6,Wednesday,5,18,1,22.1,Rain,63.0,51.0,0,-1.9,1,0,0
T102938,2025-11-26,R1,Train,42.0,11,20,Wednesday,11,18,0,6.1,Clear,56.0,74.0,0,5.9,1,0,1
T105046,2025-10-09,T7,Tram,8.3,17,10,Thursday,10,15,0,7.9,Clear,38.0,49.0,1,11.0,0,0,1
T102696,2025-02-16,M2,Metro,16.5,15,5,Sunday,2,8,0,7.0,Rain,51.0,48.0,0,0.6,1,1,0
T104684,2025-07-08,M1,Metro,21.0,19,4,Tuesday,7,20,0,33.4,Clear,39.0,48.0,0,-3.0,0,0,0
T100979,2025-07-26,T7,Tram,8.3,17,10,Saturday,7,21,0,25.7,Clear,39.0,29.0,0,0.9,0,1,0
T103839,2025-12-14,T3,Tram,11.0,22,8,Sunday,12,7,0,5.4,Clear,34.0,72.0,0,3.9,1,1,0
T100490,2025-12-07,R1,Train,42.0,11,20,Sunday,12,9,0,6.5,Rain,72.0,65.0,0,7.4,1,1,1
T105667,2025-10-29,M1,Metro,21.0,19,4,Wednesday,10,7,0,16.9,Rain,49.0,74.0,0,0.3,1,0,0
T103339,2025-11-13,B61,Bus,7.4,18,8,Thursday,11,17,0,12.0,Rain,64.0,83.0,0,9.3,1,0,1
T103604,2025-12-04,T7,Tram,8.3,17,10,Thursday,12,9,0,2.0,Clear,72.0,63.0,0,3.4,1,0,0
T104693,2025-11-11,M2,Metro,16.5,15,5,Tuesday,11,7,1,1.4,Rain,58.0,52.0,0,3.7,1,0,0
T105207,2025-10-03,R1,Train,42.0,11,20,Friday,10,7,0,13.5,Clear,81.0,64.0,0,4.0,1,0,0
T104570,2025-09-10,M3,Metro,12.2,12,6,Wednesday,9,15,0,21.0,Clear,45.0,56.0,0,-3.0,0,0,0
T104430,2025-12-03,T9,Tram,13.6,26,12,Wednesday,12,9,0,5.9,Storm,55.0,68.0,0,7.4,1,0,1
T104518,2025-09-17,T9,Tram,13.6,26,12,Wednesday,9,9,0,26.6,Clear,57.0,89.0,0,11.9,1,0,1
T105737,2025-12-06,B27,Bus,9.2,24,12,Saturday,12,17,0,2.3,Rain,40.0,50.0,0,4.1,1,1,0
T101412,2025-04-02,M1,Metro,21.0,19,4,Wednesday,4,7,0,13.5,Clear,68.0,88.0,1,18.8,1,0,1
T104833,2025-03-28,B12,Bus,14.5,32,10,Friday,3,7,0,9.4,Clear,56.0,66.0,0,10.1,1,0,1
T100037,2025-10-30,B61,Bus,7.4,18,8,Thursday,10,17,0,16.0,Storm,83.0,89.0,0,16.2,1,0,1
T102275,2025-06-05,R1,Train,42.0,11,20,Thursday,6,8,0,22.8,Clear,79.0,91.0,0,5.5,1,0,1
T102537,2025-07-02,M3,Metro,12.2,12,6,Wednesday,7,19,0,24.6,Fog,78.0,79.0,0,3.1,1,0,0
T103698,2025-04-16,M2,Metro,16.5,15,5,Wednesday,4,9,0,14.2,Clear,69.0,82.0,0,1.1,1,0,0
T102752,2025-08-01,T7,Tram,8.3,17,10,Friday,8,14,1,29.6,Rain,22.0,50.0,0,-3.0,0,0,0
T105406,2025-09-24,R4,Train,35.5,9,30,Wednesday,9,16,0,13.1,Rain,94.0,69.0,0,5.6,1,0,1
T101586,2025-10-28,M3,Metro,12.2,12,6,Tuesday,10,19,0,9.0,Clear,59.0,72.0,0,-1.9,1,0,0
T105894,2025-07-16,T9,Tram,13.6,26,12,Wednesday,7,16,0,22.9,Storm,85.0,66.0,0,10.5,1,0,1
T103409,2025-06-22,B27,Bus,9.2,24,12,Sunday,6,11,0,30.3,Clear,12.0,37.0,0,-3.0,0,1,0
T100510,2025-12-30,B61,Bus,7.4,18,8,Tuesday,12,8,0,6.4,Clear,56.0,69.0,1,21.1,1,0,1
T103833,2025-08-29,M2,Metro,16.5,15,5,Friday,8,9,0,20.8,Rain,78.0,61.0,0,-0.1,1,0,0
T100939,2025-07-05,R4,Train,35.5,9,30,Saturday,7,8,0,22.0,Rain,78.0,53.0,0,6.4,1,1,1
T101862,2025-11-06,M3,Metro,12.2,12,6,Thursday,11,9,0,18.6,Rain,84.0,76.0,0,2.8,1,0,0
T103429,2025-04-20,T9,Tram,13.6,26,12,Sunday,4,6,0,25.0,Rain,48.0,22.0,0,-1.7,0,1,0
T105378,2025-06-27,B27,Bus,9.2,24,12,Friday,6,18,0,20.0,Clear,76.0,88.0,0,6.3,1,0,1
T102256,2025-10-18,T9,Tram,13.6,26,12,Saturday,10,17,0,8.8,Storm,59.0,76.0,0,8.2,1,1,1
T102425,2025-07-24,T7,Tram,8.3,17,10,Thursday,7,8,0,23.9,Clear,66.0,47.0,1,16.6,1,0,1
T100706,2025-01-03,B12,Bus,14.5,32,10,Friday,1,18,0,3.8,Snow,71.0,109.0,1,26.4,1,0,1
T100357,2025-11-22,B12,Bus,14.5,32,10,Saturday,11,15,0,9.1,Rain,7.0,24.0,0,-3.0,0,1,0
T102733,2025-03-20,T7,Tram,8.3,17,10,Thursday,3,12,0,10.7,Clear,21.0,59.0,0,-3.0,0,0,0
T101006,2025-11-07,M1,Metro,21.0,19,4,Friday,11,5,0,8.0,Rain,47.0,40.0,0,-1.5,0,0,0
T104663,2025-05-18,M2,Metro,16.5,15,5,Sunday,5,10,0,18.4,Storm,58.0,33.0,0,-0.8,0,1,0
T102241,2025-08-31,R4,Train,35.5,9,30,Sunday,8,10,0,30.3,Clear,5.0,40.0,0,-3.0,0,1,0
T105510,2025-05-29,B61,Bus,7.4,18,8,Thursday,5,16,0,18.6,Fog,77.0,71.0,0,10.7,1,0,1
T104209,2025-08-10,M3,Metro,12.2,12,6,Sunday,8,19,0,26.5,Clear,54.0,66.0,0,-0.0,1,1,0
T100821,2025-08-31,M1,Metro,21.0,19,4,Sunday,8,22,0,22.2,Clear,17.0,42.0,0,-3.0,0,1,0
T102797,2025-07-27,B27,Bus,9.2,24,12,Sunday,7,14,0,17.8,Rain,29.0,66.0,0,1.0,0,1,0
T102403,2025-07-21,M3,Metro,12.2,12,6,Monday,7,15,0,25.3,Rain,27.0,11.0,0,-3.0,0,0,0
T102308,2025-04-23,M2,Metro,16.5,15,5,Wednesday,4,8,0,12.7,Rain,73.0,70.0,0,2.6,1,0,0
T100737,2025-05-02,B27,Bus,9.2,24,12,Friday,5,10,0,18.4,Clear,35.0,37.0,0,-2.5,0,0,0
T100725,2025-02-12,M1,Metro,21.0,19,4,Wednesday,2,8,0,6.4,Storm,72.0,78.0,0,5.5,1,0,1
T100406,2025-06-08,M2,Metro,16.5,15,5,Sunday,6,16,0,23.9,Clear,67.0,48.0,0,0.1,1,1,0
T102864,2025-02-01,M3,Metro,12.2,12,6,Saturday,2,19,0,-1.6,Clear,56.0,83.0,0,5.3,1,1,1
T101151,2025-07-04,T3,Tram,11.0,22,8,Friday,7,10,0,21.6,Clear,20.0,55.0,0,-3.0,0,0,0
T100481,2025-10-30,R1,Train,42.0,11,20,Thursday,10,15,0,20.3,Clear,57.0,55.0,0,-1.5,0,0,0
T104750,2025-01-15,T9,Tram,13.6,26,12,Wednesday,1,16,0,6.7,Fog,61.0,65.0,0,7.2,1,0,1
T102996,2025-04-21,B45,Bus,18.0,38,15,Monday,4,7,0,7.3,Clear,67.0,99.0,1,21.2,1,0,1
T104485,2025-05-15,B61,Bus,7.4,18,8,Thursday,5,7,0,13.3,Clear,80.0,87.0,0,6.6,1,0,1
T102815,2025-02-04,T3,Tram,11.0,22,8,Tuesday,2,17,0,-0.2,Snow,58.0,91.0,0,10.3,1,0,1
T101645,2025-04-18,T9,Tram,13.6,26,12,Friday,4,7,0,13.8,Clear,66.0,96.0,1,20.3,1,0,1
T103473,2025-11-20,M2,Metro,16.5,15,5,Thursday,11,16,0,7.5,Clear,69.0,57.0,0,-1.2,1,0,0
T102493,2025-08-11,R1,Train,42.0,11,20,Monday,8,14,0,29.6,Clear,46.0,47.0,0,-3.0,0,0,0
T104989,2025-11-19,R1,Train,42.0,11,20,Wednesday,11,14,0,4.9,Rain,32.0,53.0,0,-2.2,0,0,0
T104687,2025-04-16,T9,Tram,13.6,26,12,Wednesday,4,15,0,10.8,Rain,19.0,36.0,0,-3.0,0,0,0
T100226,2025-10-23,M1,Metro,21.0,19,4,Thursday,10,16,0,11.4,Clear,84.0,83.0,0,1.3,1,0,0
T100799,2025-06-11,M1,Metro,21.0,19,4,Wednesday,6,17,0,21.5,Rain,88.0,69.0,0,7.4,1,0,1
T103454,2025-10-26,B61,Bus,7.4,18,8,Sunday,10,22,0,15.8,Clear,21.0,22.0,0,-3.0,0,1,0
T101921,2025-07-15,B61,Bus,7.4,18,8,Tuesday,7,8,0,34.9,Clear,53.0,106.0,0,6.0,1,0,1
T102273,2025-06-18,T9,Tram,13.6,26,12,Wednesday,6,20,0,25.2,Clear,38.0,57.0,0,-3.0,0,0,0
T101429,2025-10-15,R1,Train,42.0,11,20,Wednesday,10,15,0,9.3,Rain,45.0,28.0,0,-0.2,0,0,0
T103075,2025-10-01,R1,Train,42.0,11,20,Wednesday,10,19,0,18.0,Clear,100.0,74.0,0,6.5,1,0,1
T100434,2025-06-08,M1,Metro,21.0,19,4,Sunday,6,10,0,30.4,Clear,33.0,53.0,0,-3.0,0,1,0
T100382,2025-12-12,M1,Metro,21.0,19,4,Friday,12,10,0,-0.8,Rain,33.0,52.0,0,-3.0,0,0,0
T100628,2025-07-04,T7,Tram,8.3,17,10,Friday,7,16,0,27.9,Clear,50.0,68.0,0,2.4,1,0,0
T104467,2025-12-13,T3,Tram,11.0,22,8,Saturday,12,8,1,4.2,Clear,45.0,59.0,0,-0.2,1,1,0
T104279,2025-11-05,R1,Train,42.0,11,20,Wednesday,11,8,0,8.0,Clear,61.0,67.0,0,2.7,1,0,0
T104578,2025-04-11,T9,Tram,13.6,26,12,Friday,4,8,1,16.5,Clear,82.0,71.0,1,14.8,1,0,1
T100302,2025-01-04,B27,Bus,9.2,24,12,Saturday,1,9,0,3.7,Clear,61.0,81.0,0,5.2,1,1,1
T104332,2025-11-11,T9,Tram,13.6,26,12,Tuesday,11,15,0,2.4,Clear,33.0,22.0,0,1.0,0,0,0
T103805,2025-11-06,B45,Bus,18.0,38,15,Thursday,11,14,0,8.0,Rain,32.0,20.0,0,-0.4,0,0,0
T100325,2025-03-26,B27,Bus,9.2,24,12,Wednesday,3,8,0,16.9,Clear,62.0,63.0,0,7.1,1,0,1
T100747,2025-04-25,B27,Bus,9.2,24,12,Friday,4,10,0,17.2,Clear,38.0,25.0,0,-1.5,0,0,0
T100740,2025-10-26,B12,Bus,14.5,32,10,Sunday,10,7,0,12.4,Storm,64.0,76.0,0,10.5,1,1,1
T101781,2025-05-04,B27,Bus,9.2,24,12,Sunday,5,17,0,13.6,Clear,71.0,74.0,0,12.6,1,1,1
T103687,2025-12-10,T7,Tram,8.3,17,10,Wednesday,12,16,0,5.5,Rain,51.0,84.0,0,10.3,1,0,1
T104808,2025-05-23,B27,Bus,9.2,24,12,Friday,5,8,0,20.7,Clear,85.0,85.0,0,9.3,1,0,1
T105159,2025-12-05,M3,Metro,12.2,12,6,Friday,12,8,0,-3.2,Rain,78.0,97.0,0,3.6,1,0,0
T105081,2025-07-05,R4,Train,35.5,9,30,Saturday,7,22,0,23.9,Rain,29.0,67.0,0,0.5,0,1,0
T100518,2025-06-23,B45,Bus,18.0,38,15,Monday,6,17,0,28.4,Clear,60.0,93.0,0,8.5,1,0,1
T101731,2025-11-26,B61,Bus,7.4,18,8,Wednesday,11,19,0,7.8,Clear,56.0,84.0,0,5.3,1,0,1
T105616,2025-10-19,T3,Tram,11.0,22,8,Sunday,10,18,0,15.5,Clear,67.0,84.0,0,3.2,1,1,0
T104924,2025-05-01,B12,Bus,14.5,32,10,Thursday,5,19,0,15.1,Clear,80.0,99.0,0,9.5,1,0,1
T105812,2025-04-20,T9,Tram,13.6,26,12,Sunday,4,6,1,12.0,Clear,22.0,25.0,0,-1.3,0,1,0
T102723,2025-05-18,T9,Tram,13.6,26,12,Sunday,5,10,1,22.9,Clear,29.0,16.0,0,-2.5,0,1,0
T100636,2025-03-27,B27,Bus,9.2,24,12,Thursday,3,7,0,7.9,Clear,66.0,74.0,0,5.4,1,0,1
T102496,2025-10-20,R4,Train,35.5,9,30,Monday,10,16,0,11.8,Clear,75.0,74.0,0,2.5,1,0,0
T104743,2025-04-30,R4,Train,35.5,9,30,Wednesday,4,12,0,8.9,Clear,16.0,22.0,0,-3.0,0,0,0
T101767,2025-06-20,T7,Tram,8.3,17,10,Friday,6,19,0,25.8,Clear,79.0,67.0,0,7.0,1,0,1
T102586,2025-05-15,M3,Metro,12.2,12,6,Thursday,5,8,0,20.6,Clear,69.0,67.0,0,0.6,1,0,0
T105970,2025-09-30,M2,Metro,16.5,15,5,Tuesday,9,17,0,14.7,Clear,77.0,69.0,0,-1.3,1,0,0
T102365,2025-02-01,M2,Metro,16.5,15,5,Saturday,2,13,0,3.1,Rain,9.0,56.0,0,-3.0,0,1,0
T104560,2025-06-28,M3,Metro,12.2,12,6,Saturday,6,19,0,22.1,Clear,51.0,65.0,0,0.5,1,1,0
T101497,2025-10-12,B61,Bus,7.4,18,8,Sunday,10,14,0,23.6,Clear,35.0,19.0,0,-2.4,0,1,0
T105076,2025-05-01,T7,Tram,8.3,17,10,Thursday,5,17,0,21.8,Clear,72.0,65.0,0,3.6,1,0,0
T103310,2025-07-07,M3,Metro,12.2,12,6,Monday,7,17,0,14.7,Storm,68.0,89.0,0,12.8,1,0,1
T105491,2025-10-13,B12,Bus,14.5,32,10,Monday,10,18,0,11.3,Clear,77.0,59.0,0,7.0,1,0,1
T100072,2025-06-18,M2,Metro,16.5,15,5,Wednesday,6,16,0,18.6,Fog,67.0,63.0,0,2.2,1,0,0
T104156,2025-09-15,B27,Bus,9.2,24,12,Monday,9,17,1,16.9,Fog,77.0,82.0,0,8.6,1,0,1
T105179,2025-05-27,M1,Metro,21.0,19,4,Tuesday,5,7,0,19.7,Rain,81.0,67.0,0,1.9,1,0,0
T103635,2025-06-22,T9,Tram,13.6,26,12,Sunday,6,18,0,25.7,Clear,53.0,66.0,0,1.9,1,1,0
T104959,2025-12-11,R4,Train,35.5,9,30,Thursday,12,15,0,14.2,Storm,37.0,43.0,0,9.1,0,0,1
T104855,2025-09-10,M3,Metro,12.2,12,6,Wednesday,9,7,0,24.5,Clear,84.0,93.0,0,4.6,1,0,0
T102417,2025-04-05,T7,Tram,8.3,17,10,Saturday,4,16,0,5.0,Fog,48.0,69.0,0,5.6,1,1,1
T105758,2025-07-16,R4,Train,35.5,9,30,Wednesday,7,17,0,23.5,Clear,57.0,73.0,0,2.0,1,0,0
T100841,2025-08-28,R1,Train,42.0,11,20,Thursday,8,16,0,23.2,Clear,61.0,88.0,0,2.8,1,0,0
T100448,2025-07-10,B45,Bus,18.0,38,15,Thursday,7,12,0,25.2,Clear,21.0,25.0,0,-0.6,0,0,0
T104614,2025-07-24,M1,Metro,21.0,19,4,Thursday,7,12,0,21.0,Rain,29.0,67.0,0,-3.0,0,0,0
T100730,2025-09-24,M2,Metro,16.5,15,5,Wednesday,9,9,0,14.4,Rain,75.0,70.0,0,3.7,1,0,0
T102751,2025-01-30,B45,Bus,18.0,38,15,Thursday,1,19,0,4.0,Fog,67.0,56.0,0,7.0,1,0,1
T101124,2025-11-03,B12,Bus,14.5,32,10,Monday,11,19,0,7.5,Clear,57.0,67.0,1,19.1,1,0,1
T105185,2025-08-27,M1,Metro,21.0,19,4,Wednesday,8,18,0,18.9,Clear,55.0,92.0,0,3.2,1,0,0
T101364,2025-07-22,R4,Train,35.5,9,30,Tuesday,7,19,0,28.0,Rain,83.0,115.0,0,8.0,1,0,1
T105611,2025-03-31,M2,Metro,16.5,15,5,Monday,3,22,0,3.9,Clear,9.0,24.0,0,-1.7,0,0,0
T103090,2025-05-06,T9,Tram,13.6,26,12,Tuesday,5,7,0,23.9,Storm,74.0,93.0,1,22.9,1,0,1
T101720,2025-02-02,B12,Bus,14.5,32,10,Sunday,2,8,0,1.2,Rain,52.0,84.0,0,12.2,1,1,1
T102449,2025-03-04,B45,Bus,18.0,38,15,Tuesday,3,12,0,9.2,Clear,53.0,20.0,0,-0.6,0,0,0
T103483,2025-03-26,B45,Bus,18.0,38,15,Wednesday,3,16,0,3.4,Rain,66.0,69.0,0,7.0,1,0,1
T103747,2025-12-26,M1,Metro,21.0,19,4,Friday,12,22,0,3.7,Rain,38.0,39.0,1,8.1,0,0,1
T104436,2025-08-28,T3,Tram,11.0,22,8,Thursday,8,19,0,19.3,Clear,65.0,78.0,0,2.9,1,0,0
T101787,2025-02-06,T9,Tram,13.6,26,12,Thursday,2,17,0,5.8,Clear,62.0,72.0,0,1.7,1,0,0
T103031,2025-04-10,B61,Bus,7.4,18,8,Thursday,4,16,0,17.4,Clear,77.0,96.0,0,7.7,1,0,1
T105585,2025-09-28,B27,Bus,9.2,24,12,Sunday,9,10,0,21.0,Fog,20.0,38.0,0,-0.4,0,1,0
T104955,2025-03-12,T7,Tram,8.3,17,10,Wednesday,3,16,0,9.3,Clear,77.0,83.0,0,4.7,1,0,0
T100107,2025-08-31,M3,Metro,12.2,12,6,Sunday,8,16,0,35.1,Clear,62.0,49.0,0,0.9,1,1,0
T104759,2025-09-11,M3,Metro,12.2,12,6,Thursday,9,13,0,23.8,Clear,47.0,50.0,0,-3.0,0,0,0
T105425,2025-04-02,R4,Train,35.5,9,30,Wednesday,4,22,0,17.9,Rain,28.0,28.0,0,-1.7,0,0,0
T100387,2025-10-31,M2,Metro,16.5,15,5,Friday,10,9,0,27.3,Rain,61.0,59.0,0,1.5,1,0,0
T100581,2025-11-01,T3,Tram,11.0,22,8,Saturday,11,18,0,-6.1,Clear,51.0,62.0,0,8.0,1,1,1
T102424,2025-05-08,B12,Bus,14.5,32,10,Thursday,5,18,0,22.6,Clear,47.0,81.0,0,6.4,1,0,1
T104705,2025-03-27,M1,Metro,21.0,19,4,Thursday,3,14,0,9.7,Clear,30.0,43.0,0,-3.0,0,0,0
T105903,2025-10-11,T7,Tram,8.3,17,10,Saturday,10,17,0,13.850000000000001,Clear,63.0,78.0,0,4.8,1,1,0
T103983,2025-09-04,R1,Train,42.0,11,20,Thursday,9,10,0,19.3,Snow,32.0,46.0,0,0.1,0,0,0
T102897,2025-08-17,T9,Tram,13.6,26,12,Sunday,8,19,0,29.8,Clear,59.0,83.0,0,4.3,1,1,0
T103937,2025-06-22,B12,Bus,14.5,32,10,Sunday,6,8,0,23.9,Fog,55.0,66.0,0,7.2,1,1,1
T104275,2025-10-10,B12,Bus,14.5,32,10,Friday,10,19,0,16.7,Clear,55.0,72.0,0,7.5,1,0,1
T100618,2025-01-23,B61,Bus,7.4,18,8,Thursday,1,17,0,10.4,Clear,80.0,81.0,0,8.0,1,0,1
T103209,2025-03-27,M2,Metro,16.5,15,5,Thursday,3,16,0,13.9,Clear,49.0,82.0,0,1.1,1,0,0
T101871,2025-03-17,B61,Bus,7.4,18,8,Monday,3,8,0,4.1,Rain,76.0,89.0,1,22.1,1,0,1
T101281,2025-09-27,B61,Bus,7.4,18,8,Saturday,9,16,0,20.5,Rain,49.0,47.0,0,8.1,1,1,1
T103741,2025-04-21,T7,Tram,8.3,17,10,Monday,4,9,0,5.6,Clear,80.0,104.0,0,6.8,1,0,1
T100566,2025-03-25,B27,Bus,9.2,24,12,Tuesday,3,10,0,8.2,Fog,35.0,33.0,0,3.9,0,0,0
T100863,2025-10-09,T9,Tram,13.6,26,12,Thursday,10,18,0,21.3,Clear,64.0,78.0,0,2.0,1,0,0
T105552,2025-08-28,M2,Metro,16.5,15,5,Thursday,8,9,0,24.2,Clear,74.0,88.0,0,4.1,1,0,0
T101314,2025-11-26,R1,Train,42.0,11,20,Wednesday,11,7,0,7.7,Rain,93.0,96.0,0,11.2,1,0,1
T105530,2025-08-04,M2,Metro,16.5,15,5,Monday,8,13,0,22.0,Storm,42.0,56.0,0,0.9,0,0,0
T102258,2025-01-01,T9,Tram,13.6,26,12,Wednesday,1,17,0,-1.5,Fog,84.0,66.0,0,8.1,1,0,1
T105054,2025-01-19,B27,Bus,9.2,24,12,Sunday,1,17,0,-0.7,Snow,74.0,59.0,0,10.1,1,1,1
T105236,2025-07-23,R4,Train,35.5,9,30,Wednesday,7,16,0,20.8,Rain,94.0,62.0,0,30.199999999999996,1,0,1
T102415,2025-06-27,B12,Bus,14.5,32,10,Friday,6,10,0,27.7,Storm,19.0,20.0,0,2.6,0,0,0
T101128,2025-07-23,B61,Bus,7.4,18,8,Wednesday,7,14,0,21.7,Rain,41.0,37.0,0,-0.7,0,0,0
T100460,2025-09-22,B45,Bus,18.0,38,15,Monday,9,8,0,13.8,Clear,63.0,75.0,0,5.2,1,0,1
T104194,2025-07-26,R1,Train,42.0,11,20,Saturday,7,7,1,20.4,Clear,72.0,71.0,0,2.8,1,1,0
T103470,2025-03-23,T3,Tram,11.0,22,8,Sunday,3,16,0,5.7,Clear,64.0,45.0,0,5.4,1,1,1
T100469,2025-12-07,B27,Bus,9.2,24,12,Sunday,12,5,0,4.6,Clear,56.0,28.0,0,-3.0,0,1,0
T105202,2025-11-02,T3,Tram,11.0,22,8,Sunday,11,16,0,11.3,Clear,45.0,66.0,1,16.3,1,1,1
T102143,2025-08-11,M1,Metro,21.0,19,4,Monday,8,8,0,23.4,Clear,61.0,67.0,1,15.3,1,0,1
T100751,2025-02-23,T7,Tram,8.3,17,10,Sunday,2,8,0,4.4,Rain,49.0,63.0,0,2.3,1,1,0
T101164,2025-07-08,M1,Metro,21.0,19,4,Tuesday,7,13,0,23.2,Clear,45.0,30.0,0,-3.0,0,0,0
T101931,2025-06-25,B27,Bus,9.2,24,12,Wednesday,6,19,0,27.4,Clear,74.0,84.0,0,9.2,1,0,1
T103274,2025-03-30,B12,Bus,14.5,32,10,Sunday,3,15,0,4.1,Clear,12.0,16.0,0,-2.8,0,1,0
T104245,2025-04-12,T7,Tram,8.3,17,10,Saturday,4,15,0,14.7,Clear,21.0,26.0,0,-3.0,0,1,0
T100954,2025-10-14,T7,Tram,8.3,17,10,Tuesday,10,21,0,14.5,Clear,19.0,42.0,0,-3.0,0,0,0
T102651,2025-11-17,T9,Tram,13.6,26,12,Monday,11,13,0,7.6,Rain,29.0,42.0,0,-3.0,0,0,0
T101602,2025-10-29,B61,Bus,7.4,18,8,Wednesday,10,16,0,18.3,Clear,54.0,54.0,0,7.0,1,0,1
T102174,2025-03-27,B12,Bus,14.5,32,10,Thursday,3,7,0,12.3,Fog,74.0,64.0,0,8.9,1,0,1
T102208,2025-03-27,B61,Bus,7.4,18,8,Thursday,3,13,0,6.5,Clear,34.0,44.0,0,-2.9,0,0,0
T102246,2025-07-30,T3,Tram,11.0,22,8,Wednesday,7,18,0,25.0,Clear,90.0,89.0,0,9.9,1,0,1
T104536,2025-01-30,B27,Bus,9.2,24,12,Thursday,1,6,0,1.1,Rain,41.0,67.0,0,-1.0,0,0,0
T105021,2025-06-18,B27,Bus,9.2,24,12,Wednesday,6,19,0,27.6,Rain,53.0,86.0,1,21.5,1,0,1
T103445,2025-09-17,B61,Bus,7.4,18,8,Wednesday,9,17,0,30.7,Storm,63.0,80.0,0,11.1,1,0,1
T100770,2025-08-26,T9,Tram,13.6,26,12,Tuesday,8,16,0,21.9,Rain,72.0,71.0,0,4.2,1,0,0
T104981,2025-12-17,B61,Bus,7.4,18,8,Wednesday,12,18,0,6.5,Rain,71.0,82.0,0,9.1,1,0,1
T102902,2025-11-12,T9,Tram,13.6,26,12,Wednesday,11,13,0,12.2,Fog,14.0,52.0,0,-1.3,0,0,0
T104399,2025-08-30,T9,Tram,13.6,26,12,Saturday,8,21,0,26.3,Clear,0.0,33.0,0,-2.9,0,1,0
T100902,2025-03-21,M3,Metro,12.2,12,6,Friday,3,14,0,10.0,Rain,40.0,54.0,0,-3.0,0,0,0
T100334,2025-06-17,B12,Bus,14.5,32,10,Tuesday,6,5,0,27.3,Rain,33.0,39.0,0,-1.5,0,0,0
T102884,2025-05-10,B27,Bus,9.2,24,12,Saturday,5,8,0,16.3,Rain,41.0,81.0,0,7.2,1,1,1
T105139,2025-12-30,R1,Train,42.0,11,20,Tuesday,12,19,0,9.7,Clear,62.0,100.0,0,5.8,1,0,1
T101599,2025-09-16,B61,Bus,7.4,18,8,Tuesday,9,21,0,18.2,Clear,48.0,66.0,0,1.5,0,0,0
T103692,2025-03-13,M1,Metro,21.0,19,4,Thursday,3,17,0,1.2,Fog,66.0,65.0,0,1.4,1,0,0
T102527,2025-12-13,M3,Metro,12.2,12,6,Saturday,12,5,1,1.4,Fog,8.0,43.0,0,-3.0,0,1,0
T103151,2025-03-24,B45,Bus,18.0,38,15,Monday,3,18,0,8.1,Storm,83.0,74.0,0,11.7,1,0,1
T105878,2025-08-28,R4,Train,35.5,9,30,Thursday,8,7,0,22.7,Fog,68.0,59.0,0,5.3,1,0,1
T100491,2025-11-13,T9,Tram,13.6,26,12,Thursday,11,22,0,14.1,Clear,51.0,24.0,0,-0.5,0,0,0
T101326,2025-09-05,B45,Bus,18.0,38,15,Friday,9,9,0,27.9,Clear,62.0,66.0,0,6.6,1,0,1
T102812,2025-03-14,T9,Tram,13.6,26,12,Friday,3,15,0,11.5,Fog,47.0,42.0,0,-3.0,0,0,0
T105899,2025-11-16,M1,Metro,21.0,19,4,Sunday,11,20,0,0.4,Clear,58.0,5.0,0,-3.0,0,1,0
T105663,2025-06-14,B61,Bus,7.4,18,8,Saturday,6,16,0,24.1,Clear,41.0,61.0,0,5.0,1,1,0
T101407,2025-11-16,M2,Metro,16.5,15,5,Sunday,11,19,0,11.0,Clear,57.0,39.0,0,0.8,1,1,0
T105259,2025-03-30,B61,Bus,7.4,18,8,Sunday,3,16,0,5.7,Rain,37.0,59.0,0,4.5,1,1,0
T101137,2025-05-14,R1,Train,42.0,11,20,Wednesday,5,19,0,20.6,Clear,85.0,101.0,0,3.8,1,0,0
T104878,2025-09-03,M3,Metro,12.2,12,6,Wednesday,9,19,0,17.2,Storm,77.0,72.0,0,4.4,1,0,0
T101242,2025-12-18,B45,Bus,18.0,38,15,Thursday,12,8,0,4.4,Rain,70.0,91.0,0,8.7,1,0,1
T100960,2025-02-26,B61,Bus,7.4,18,8,Wednesday,2,16,0,5.2,Clear,61.0,115.0,0,9.6,1,0,1
T104817,2025-05-01,B45,Bus,18.0,38,15,Thursday,5,21,0,19.9,Rain,41.0,47.0,0,0.0,0,0,0
T105326,2025-07-26,B27,Bus,9.2,24,12,Saturday,7,17,0,25.7,Clear,35.0,66.0,0,5.3,1,1,1
T104992,2025-12-28,R1,Train,42.0,11,20,Sunday,12,9,0,6.7,Clear,54.0,91.0,0,7.0,1,1,1
T102225,2025-08-15,M3,Metro,12.2,12,6,Friday,8,7,0,24.7,Clear,55.0,90.0,0,0.3,1,0,0
T104369,2025-07-12,B12,Bus,14.5,32,10,Saturday,7,14,0,27.3,Clear,32.0,11.0,0,-3.0,0,1,0
T103431,2025-10-09,B45,Bus,18.0,38,15,Thursday,10,8,0,15.9,Clear,67.0,76.0,0,6.9,1,0,1
T105854,2025-05-31,M2,Metro,16.5,15,5,Saturday,5,18,1,16.9,Clear,53.0,48.0,0,-2.7,1,1,0
T100413,2025-02-18,B12,Bus,14.5,32,10,Tuesday,2,16,1,1.3,Snow,82.0,88.0,1,27.6,1,0,1
T105762,2025-03-13,B45,Bus,18.0,38,15,Thursday,3,9,0,13.0,Clear,54.0,92.0,0,7.8,1,0,1
T101208,2025-04-14,T7,Tram,8.3,17,10,Monday,4,7,0,11.4,Clear,57.0,88.0,1,18.6,1,0,1
T102454,2025-10-30,R1,Train,42.0,11,20,Thursday,10,19,0,18.6,Clear,87.0,86.0,0,2.4,1,0,0
T103527,2025-02-02,T9,Tram,13.6,26,12,Sunday,2,9,0,2.9,Clear,58.0,77.0,0,4.6,1,1,0
T105366,2025-02-01,M2,Metro,16.5,15,5,Saturday,2,16,0,5.1,Rain,67.0,62.0,0,-0.3,1,1,0
T104352,2025-07-21,B45,Bus,18.0,38,15,Monday,7,14,0,27.1,Clear,33.0,44.0,0,1.3,0,0,0
T103860,2025-07-18,T9,Tram,13.6,26,12,Friday,7,17,0,13.850000000000001,Clear,77.0,84.0,0,3.0,1,0,0
T101071,2025-03-18,M3,Metro,12.2,12,6,Tuesday,3,19,0,11.9,Clear,62.0,71.0,0,-0.5,1,0,0
T102540,2025-04-16,T9,Tram,13.6,26,12,Wednesday,4,17,0,11.3,Clear,71.0,83.0,0,7.6,1,0,1
T100173,2025-09-21,B45,Bus,18.0,38,15,Sunday,9,17,0,28.1,Clear,56.0,59.0,0,8.3,1,1,1
T104512,2025-02-14,R4,Train,35.5,9,30,Friday,2,18,0,5.9,Clear,40.0,64.0,0,7.6,1,0,1
T103816,2025-06-14,B45,Bus,18.0,38,15,Saturday,6,19,0,31.0,Clear,36.0,73.0,0,3.7,1,1,0
T101876,2025-03-27,T3,Tram,11.0,22,8,Thursday,3,20,0,6.7,Rain,57.0,24.0,0,-3.0,0,0,0
T100184,2025-06-30,B45,Bus,18.0,38,15,Monday,6,17,0,25.7,Clear,61.0,71.0,0,5.1,1,0,1
T102816,2025-09-03,T3,Tram,11.0,22,8,Wednesday,9,14,0,25.5,Rain,41.0,45.0,0,0.2,0,0,0
T101821,2025-10-07,T9,Tram,13.6,26,12,Tuesday,10,21,0,16.8,Rain,50.0,32.0,1,8.8,0,0,1
T101522,2025-03-11,T7,Tram,8.3,17,10,Tuesday,3,10,1,7.4,Storm,39.0,37.0,0,2.1,0,0,0
T100404,2025-07-02,M3,Metro,12.2,12,6,Wednesday,7,9,0,19.7,Rain,62.0,80.0,0,0.4,1,0,0
T105960,2025-03-05,R1,Train,42.0,11,20,Wednesday,3,16,0,14.3,Clear,95.0,86.0,0,3.9,1,0,0
T101499,2025-11-04,B45,Bus,18.0,38,15,Tuesday,11,9,0,12.3,Clear,56.0,87.0,0,7.6,1,0,1
T103378,2025-11-10,M3,Metro,12.2,12,6,Monday,11,7,0,6.8,Clear,57.0,74.0,0,-0.8,1,0,0
T100739,2025-11-24,T7,Tram,8.3,17,10,Monday,11,8,0,5.8,Clear,75.0,85.0,0,3.9,1,0,0
T105068,2025-01-13,T3,Tram,11.0,22,8,Monday,1,19,0,3.8,Snow,72.0,72.0,0,8.2,1,0,1
T103827,2025-07-20,R4,Train,35.5,9,30,Sunday,7,18,1,20.5,Clear,67.0,45.0,0,3.5,1,1,0
T102878,2025-11-14,T3,Tram,11.0,22,8,Friday,11,17,0,11.4,Clear,79.0,68.0,0,2.3,1,0,0
T103091,2025-05-24,B61,Bus,7.4,18,8,Saturday,5,13,0,19.8,Rain,22.0,55.0,0,-1.0,0,1,0
T103322,2025-10-15,M3,Metro,12.2,12,6,Wednesday,10,7,0,18.9,Clear,99.0,82.0,0,0.0,1,0,0
T104802,2025-03-22,B61,Bus,7.4,18,8,Saturday,3,11,0,13.2,Clear,6.0,13.0,0,-3.0,0,1,0
T105075,2025-05-18,M1,Metro,21.0,19,4,Sunday,5,19,0,20.8,Clear,49.0,52.0,0,-1.0,1,1,0
T103968,2025-08-04,B45,Bus,18.0,38,15,Monday,8,8,0,28.2,Clear,75.0,48.0,0,5.8,1,0,1
T103537,2025-02-18,B45,Bus,18.0,38,15,Tuesday,2,9,0,6.1,Clear,45.0,85.0,0,8.3,1,0,1
T103078,2025-03-17,B27,Bus,9.2,24,12,Monday,3,19,0,3.9,Clear,49.0,68.0,0,5.1,1,0,1
T103891,2025-12-04,M3,Metro,12.2,12,6,Thursday,12,20,0,-0.3,Clear,30.0,40.0,0,-3.0,0,0,0
T101621,2025-01-02,T9,Tram,13.6,26,12,Thursday,1,16,0,1.9,Clear,79.0,72.0,0,7.0,1,0,1
T102727,2025-01-15,R4,Train,35.5,9,30,Wednesday,1,19,0,1.1,Storm,66.0,83.0,0,9.0,1,0,1
T105699,2025-05-18,M3,Metro,12.2,12,6,Sunday,5,14,0,24.6,Clear,23.0,36.0,0,-1.5,0,1,0
T104544,2025-06-12,M1,Metro,21.0,19,4,Thursday,6,16,0,17.1,Fog,77.0,69.0,0,2.2,1,0,0
T100701,2025-08-13,B12,Bus,14.5,32,10,Wednesday,8,7,0,31.2,Rain,64.0,77.0,0,7.8,1,0,1
T100917,2025-10-14,B12,Bus,14.5,32,10,Tuesday,10,11,0,23.1,Rain,39.0,66.0,0,-1.5,0,0,0
T100928,2025-06-02,M2,Metro,16.5,15,5,Monday,6,17,0,27.1,Fog,70.0,84.0,0,3.6,1,0,0
T104828,2025-12-02,M2,Metro,16.5,15,5,Tuesday,12,14,0,1.8,Clear,33.0,31.0,0,-3.0,0,0,0
T102011,2025-05-24,B45,Bus,18.0,38,15,Saturday,5,22,0,20.2,Fog,24.0,42.0,0,-0.4,0,1,0
T104880,2025-05-19,B12,Bus,14.5,32,10,Monday,5,8,0,28.0,Fog,77.0,69.0,0,13.1,1,0,1
T102635,2025-01-10,M3,Metro,12.2,12,6,Friday,1,15,0,-0.4,Snow,33.0,49.0,0,-2.8,0,0,0
T100603,2025-02-19,B61,Bus,7.4,18,8,Wednesday,2,16,0,2.3,Snow,75.0,64.0,0,10.1,1,0,1
T103304,2025-02-13,T7,Tram,8.3,17,10,Thursday,2,7,0,0.5,Snow,76.0,92.0,0,12.1,1,0,1
T101297,2025-09-05,B45,Bus,18.0,38,15,Friday,9,8,0,15.7,Clear,65.0,73.0,0,7.8,1,0,1
T103719,2025-04-06,B61,Bus,7.4,18,8,Sunday,4,19,0,14.0,Clear,24.0,58.0,0,2.3,1,1,0
T104055,2025-05-18,B61,Bus,7.4,18,8,Sunday,5,18,0,20.5,Clear,56.0,70.0,0,4.9,1,1,0
T105735,2025-07-23,M2,Metro,16.5,15,5,Wednesday,7,8,0,23.3,Clear,68.0,65.0,0,-1.7,1,0,0
T101464,2025-11-07,T7,Tram,8.3,17,10,Friday,11,5,0,6.4,Clear,48.0,17.0,1,9.3,0,0,1
T104087,2025-12-06,T3,Tram,11.0,22,8,Saturday,12,5,0,14.0,Rain,39.0,11.0,0,-1.3,0,1,0
T100805,2025-10-13,T9,Tram,13.6,26,12,Monday,10,7,0,11.0,Clear,58.0,88.0,0,4.2,1,0,0
T103884,2025-03-01,B45,Bus,18.0,38,15,Saturday,3,16,0,10.7,Clear,65.0,64.0,0,9.4,1,1,1
T105059,2025-08-19,M3,Metro,12.2,12,6,Tuesday,8,8,0,19.1,Clear,73.0,67.0,0,0.9,1,0,0
T105509,2025-11-18,B27,Bus,9.2,24,12,Tuesday,11,19,0,4.7,Rain,54.0,59.0,0,6.5,1,0,1
T100211,2025-09-19,M2,Metro,16.5,15,5,Friday,9,16,0,18.5,Storm,52.0,67.0,0,5.1,1,0,1
T102096,2025-12-10,T3,Tram,11.0,22,8,Wednesday,12,17,0,11.4,Rain,49.0,42.0,0,2.7,1,0,0
T101050,2025-07-05,R4,Train,35.5,9,30,Saturday,7,18,0,25.1,Clear,47.0,69.0,0,0.8,1,1,0
T102452,2025-02-04,M2,Metro,16.5,15,5,Tuesday,2,19,0,-0.5,Rain,58.0,64.0,0,1.1,1,0,0
T103029,2025-11-23,B27,Bus,9.2,24,12,Sunday,11,8,0,6.8,Clear,47.0,50.0,0,5.6,1,1,1
T104437,2025-12-12,B61,Bus,7.4,18,8,Friday,12,6,0,8.8,Clear,52.0,19.0,0,-0.4,0,0,0
T100116,2025-01-14,R1,Train,42.0,11,20,Tuesday,1,19,0,7.8,Rain,61.0,89.0,0,3.5,1,0,0
T103071,2025-06-25,B27,Bus,9.2,24,12,Wednesday,6,16,0,24.0,Clear,70.0,87.0,0,10.1,1,0,1
T105431,2025-03-24,B45,Bus,18.0,38,15,Monday,3,7,0,7.8,Clear,68.0,64.0,0,6.9,1,0,1
T105018,2025-10-12,B27,Bus,9.2,24,12,Sunday,10,18,0,17.7,Rain,46.0,62.0,0,8.8,1,1,1
T102819,2025-09-16,B27,Bus,9.2,24,12,Tuesday,9,13,0,17.2,Rain,58.0,62.0,0,0.0,0,0,0
T101830,2025-05-10,B45,Bus,18.0,38,15,Saturday,5,9,0,13.6,Clear,47.0,66.0,0,5.5,1,1,1
T102818,2025-02-16,M3,Metro,12.2,12,6,Sunday,2,7,0,8.0,Rain,44.0,73.0,0,0.9,1,1,0
T102787,2025-01-22,M1,Metro,21.0,19,4,Wednesday,1,22,0,-1.7,Snow,24.0,40.0,0,-1.5,0,0,0
T100042,2025-09-13,T3,Tram,11.0,22,8,Saturday,9,6,0,19.2,Rain,11.0,39.0,0,-3.0,0,1,0
T101070,2025-09-04,B61,Bus,7.4,18,8,Thursday,9,13,0,19.6,Rain,25.0,22.0,0,-0.6,0,0,0
T105129,2025-08-09,R4,Train,35.5,9,30,Saturday,8,16,0,28.7,Clear,56.0,47.0,0,1.0,1,1,0
T100164,2025-06-02,B45,Bus,18.0,38,15,Monday,6,22,0,22.9,Rain,51.0,25.0,0,1.1,0,0,0
T101606,2025-02-23,T9,Tram,13.6,26,12,Sunday,2,14,0,3.4,Clear,13.0,13.0,0,-3.0,0,1,0
T103281,2025-10-03,B45,Bus,18.0,38,15,Friday,10,12,0,13.7,Rain,44.0,35.0,0,2.5,0,0,0
T104469,2025-10-01,M2,Metro,16.5,15,5,Wednesday,10,8,0,10.1,Clear,75.0,67.0,0,-1.0,1,0,0
T101072,2025-10-04,M1,Metro,21.0,19,4,Saturday,10,8,0,13.6,Rain,60.0,62.0,0,3.7,1,1,0
T100112,2025-07-22,T7,Tram,8.3,17,10,Tuesday,7,8,0,22.0,Clear,57.0,57.0,0,1.7,1,0,0
T102040,2025-04-16,R1,Train,42.0,11,20,Wednesday,4,8,0,15.1,Rain,59.0,84.0,0,4.8,1,0,0
T103201,2025-11-30,M1,Metro,21.0,19,4,Sunday,11,10,1,4.2,Rain,19.0,28.0,0,-3.0,0,1,0
T102726,2025-02-19,R1,Train,42.0,11,20,Wednesday,2,9,0,6.4,Rain,61.0,101.0,0,6.3,1,0,1
T103616,2025-01-19,T7,Tram,8.3,17,10,Sunday,1,7,1,0.9,Rain,77.0,53.0,0,6.2,1,1,1
T101157,2025-11-07,M2,Metro,16.5,15,5,Friday,11,15,0,8.7,Clear,28.0,46.0,0,-2.9,0,0,0
T104486,2025-07-18,R1,Train,42.0,11,20,Friday,7,19,0,22.4,Clear,77.0,114.0,0,5.5,1,0,1
T104217,2025-05-05,T9,Tram,13.6,26,12,Monday,5,9,0,25.1,Clear,49.0,66.0,0,4.9,1,0,0
T100486,2025-05-02,M3,Metro,12.2,12,6,Friday,5,18,0,17.1,Storm,78.0,83.0,1,19.5,1,0,1
T101230,2025-10-27,T9,Tram,13.6,26,12,Monday,10,19,0,15.9,Rain,56.0,93.0,0,5.4,1,0,1
T100876,2025-07-17,T7,Tram,8.3,17,10,Thursday,7,18,0,22.6,Clear,77.0,83.0,0,2.9,1,0,0
T102115,2025-03-15,R4,Train,35.5,9,30,Saturday,3,18,0,10.3,Clear,56.0,64.0,0,4.2,1,1,0
T103996,2025-01-10,R4,Train,35.5,9,30,Friday,1,7,0,-4.5,Clear,69.0,96.0,0,3.7,1,0,0
T101878,2025-09-23,M3,Metro,12.2,12,6,Tuesday,9,9,0,22.2,Clear,74.0,83.0,0,-0.1,1,0,0
T100807,2025-02-10,R1,Train,42.0,11,20,Monday,2,17,1,5.1,Clear,73.0,92.0,0,1.8,1,0,0
T101327,2025-01-31,M2,Metro,16.5,15,5,Friday,1,17,1,0.2,Fog,80.0,74.0,0,1.5,1,0,0
T104661,2025-07-31,M3,Metro,12.2,12,6,Thursday,7,11,0,25.5,Rain,35.0,67.0,1,10.1,0,0,1
T100140,2025-12-25,B61,Bus,7.4,18,8,Thursday,12,19,0,3.6,Snow,76.0,58.0,0,11.7,1,0,1
T101012,2025-03-31,M2,Metro,16.5,15,5,Monday,3,17,0,11.0,Clear,82.0,102.0,0,0.3,1,0,0
T105680,2025-03-11,B61,Bus,7.4,18,8,Tuesday,3,9,0,10.5,Snow,92.0,95.0,1,26.8,1,0,1
T104328,2025-01-18,M1,Metro,21.0,19,4,Saturday,1,19,0,3.7,Clear,50.0,65.0,0,-0.5,1,1,0
T104783,2025-10-03,T3,Tram,11.0,22,8,Friday,10,9,1,17.0,Fog,88.0,84.0,0,3.1,1,0,0
T102152,2025-11-09,T7,Tram,8.3,17,10,Sunday,11,6,0,2.5,Clear,14.0,5.0,0,-3.0,0,1,0
T101987,2025-03-19,B61,Bus,7.4,18,8,Wednesday,3,15,0,10.9,Rain,34.0,61.0,0,-2.0,0,0,0
T100680,2025-09-22,B45,Bus,18.0,38,15,Monday,9,6,0,20.8,Clear,28.0,16.0,1,11.4,0,0,1
T103717,2025-04-02,B12,Bus,14.5,32,10,Wednesday,4,16,0,9.7,Fog,65.0,106.0,0,9.8,1,0,1
T101213,2025-11-13,B27,Bus,9.2,24,12,Thursday,11,9,0,14.2,Clear,96.0,59.0,0,9.9,1,0,1
T101155,2025-08-03,B61,Bus,7.4,18,8,Sunday,8,5,0,31.2,Clear,9.0,36.0,1,8.5,0,1,1
T105627,2025-01-15,M2,Metro,16.5,15,5,Wednesday,1,12,0,0.8,Snow,36.0,28.0,0,-1.6,0,0,0
T103037,2025-02-26,M3,Metro,12.2,12,6,Wednesday,2,13,0,2.8,Snow,57.0,48.0,0,-1.5,0,0,0
T105794,2025-05-28,B27,Bus,9.2,24,12,Wednesday,5,7,0,13.6,Fog,74.0,87.0,0,8.7,1,0,1
T103236,2025-05-13,T9,Tram,13.6,26,12,Tuesday,5,16,0,16.8,Fog,80.0,79.0,0,10.6,1,0,1
T103024,2025-05-17,R1,Train,42.0,11,20,Saturday,5,21,0,23.8,Clear,0.0,34.0,0,-3.0,0,1,0
T104886,2025-09-10,B12,Bus,14.5,32,10,Wednesday,9,20,0,18.0,Rain,17.0,30.0,0,-1.0,0,0,0
T105295,2025-10-19,B12,Bus,14.5,32,10,Sunday,10,10,0,7.9,Clear,11.0,26.0,0,-3.0,0,1,0
T101867,2025-10-05,B12,Bus,14.5,32,10,Sunday,10,18,0,9.4,Rain,48.0,52.0,0,5.2,1,1,1
T105578,2025-06-15,R4,Train,35.5,9,30,Sunday,6,8,0,22.5,Clear,60.0,65.0,0,1.1,1,1,0
T104881,2025-12-31,B27,Bus,9.2,24,12,Wednesday,12,5,0,3.9,Snow,47.0,47.0,0,1.6,0,0,0
T105837,2025-01-13,R1,Train,42.0,11,20,Monday,1,15,0,7.2,Rain,16.0,38.0,0,-0.9,0,0,0
T104946,2025-05-16,M3,Metro,12.2,12,6,Friday,5,15,0,31.4,Clear,54.0,28.0,0,-3.0,0,0,0
T104709,2025-06-05,R1,Train,42.0,11,20,Thursday,6,16,0,22.4,Clear,72.0,79.0,1,20.6,1,0,1
T100509,2025-03-28,B12,Bus,14.5,32,10,Friday,3,7,0,7.8,Clear,50.0,94.0,0,8.4,1,0,1
T103628,2025-11-05,M1,Metro,21.0,19,4,Wednesday,11,11,0,10.7,Clear,18.0,73.0,0,-3.0,0,0,0
T103963,2025-05-19,B45,Bus,18.0,38,15,Monday,5,8,1,19.3,Rain,61.0,85.0,0,5.7,1,0,1
T101928,2025-03-08,R4,Train,35.5,9,30,Saturday,3,19,0,14.3,Clear,51.0,55.0,0,1.5,1,1,0
T103262,2025-09-28,B27,Bus,9.2,24,12,Sunday,9,5,0,21.2,Rain,29.0,7.0,0,-2.2,0,1,0
T105144,2025-08-22,M2,Metro,16.5,15,5,Friday,8,19,0,25.6,Clear,81.0,81.0,0,-0.5,1,0,0
T102549,2025-02-16,B45,Bus,18.0,38,15,Sunday,2,9,0,-1.9,Fog,65.0,81.0,0,10.1,1,1,1
T104708,2025-10-08,M3,Metro,12.2,12,6,Wednesday,10,21,0,14.7,Clear,22.0,29.0,0,-3.0,0,0,0
T103179,2025-03-03,R1,Train,42.0,11,20,Monday,3,16,0,1.8,Clear,75.0,72.0,1,17.3,1,0,1
T102909,2025-05-07,T9,Tram,13.6,26,12,Wednesday,5,8,0,19.7,Clear,68.0,56.0,0,2.7,1,0,0
T101357,2025-02-19,B61,Bus,7.4,18,8,Wednesday,2,8,0,1.5,Clear,71.0,70.0,1,21.8,1,0,1
T101680,2025-12-11,T3,Tram,11.0,22,8,Thursday,12,21,0,6.9,Fog,36.0,35.0,0,-1.0,0,0,0
T102022,2025-08-29,R4,Train,35.5,9,30,Friday,8,12,0,18.5,Rain,36.0,43.0,0,-1.6,0,0,0
T101009,2025-07-09,M2,Metro,16.5,15,5,Wednesday,7,8,0,21.5,Rain,88.0,89.0,0,1.4,1,0,0
T100388,2025-11-22,B45,Bus,18.0,38,15,Saturday,11,14,0,6.8,Fog,24.0,31.0,0,2.6,0,1,0
T105148,2025-05-16,R1,Train,42.0,11,20,Friday,5,8,0,16.2,Rain,75.0,71.0,0,3.5,1,0,0
T103775,2025-03-10,M2,Metro,16.5,15,5,Monday,3,19,0,10.9,Rain,64.0,87.0,0,1.2,1,0,0
T100973,2025-06-23,M2,Metro,16.5,15,5,Monday,6,7,0,20.4,Rain,78.0,90.0,0,1.6,1,0,0
T100328,2025-02-21,B12,Bus,14.5,32,10,Friday,2,8,0,1.3,Fog,66.0,71.0,0,7.7,1,0,1
T100160,2025-12-30,B45,Bus,18.0,38,15,Tuesday,12,19,0,2.3,Rain,84.0,80.0,0,9.8,1,0,1
T101506,2025-11-30,B27,Bus,9.2,24,12,Sunday,11,7,0,11.0,Rain,72.0,71.0,0,6.4,1,1,1
T100982,2025-07-19,R4,Train,35.5,9,30,Saturday,7,19,1,28.2,Clear,77.0,45.0,0,-1.1,1,1,0
T104852,2025-02-08,R4,Train,35.5,9,30,Saturday,2,6,0,6.8,Clear,24.0,27.0,0,-3.0,0,1,0
T100420,2025-12-05,M1,Metro,21.0,19,4,Friday,12,18,0,5.8,Clear,93.0,95.0,1,15.5,1,0,1
T105435,2025-12-28,R4,Train,35.5,9,30,Sunday,12,15,0,-3.1,Snow,14.0,34.0,0,-0.9,0,1,0
T104252,2025-12-24,M1,Metro,21.0,19,4,Wednesday,12,19,0,5.9,Clear,60.0,83.0,0,2.3,1,0,0
T105839,2025-09-16,B61,Bus,7.4,18,8,Tuesday,9,16,1,20.2,Clear,59.0,94.0,0,6.0,1,0,1
T100810,2025-01-17,M3,Metro,12.2,12,6,Friday,1,19,0,8.3,Rain,91.0,93.0,0,5.2,1,0,1
T103104,2025-09-13,B45,Bus,18.0,38,15,Saturday,9,10,0,20.3,Clear,16.0,27.0,0,2.7,0,1,0
T102608,2025-07-12,M2,Metro,16.5,15,5,Saturday,7,8,0,27.6,Clear,52.0,84.0,0,0.9,1,1,0
T100323,2025-12-01,R4,Train,35.5,9,30,Monday,12,17,0,1.2,Rain,48.0,51.0,0,5.0,1,0,0
T103430,2025-04-02,B12,Bus,14.5,32,10,Wednesday,4,14,0,14.0,Clear,68.0,42.0,0,3.5,0,0,0
T105522,2025-10-02,B45,Bus,18.0,38,15,Thursday,10,5,0,10.8,Rain,45.0,42.0,0,0.2,0,0,0
T101174,2025-01-04,B27,Bus,9.2,24,12,Saturday,1,9,0,4.4,Rain,46.0,65.0,0,6.9,1,1,1
T100795,2025-04-18,B27,Bus,9.2,24,12,Friday,4,9,0,19.0,Clear,77.0,58.0,0,8.7,1,0,1
T103191,2025-09-06,R4,Train,35.5,9,30,Saturday,9,16,0,23.8,Rain,52.0,79.0,0,4.9,1,1,0
T101992,2025-04-15,M2,Metro,16.5,15,5,Tuesday,4,18,0,19.5,Clear,56.0,80.0,0,0.4,1,0,0
T103682,2025-03-20,T7,Tram,8.3,17,10,Thursday,3,6,0,2.2,Fog,57.0,47.0,0,-2.9,0,0,0
T102717,2025-09-09,T7,Tram,8.3,17,10,Tuesday,9,9,0,24.2,Clear,64.0,95.0,0,3.9,1,0,0
T100254,2025-08-30,B61,Bus,7.4,18,8,Saturday,8,18,0,28.5,Clear,46.0,70.0,0,3.7,1,1,0
T105140,2025-05-18,B12,Bus,14.5,32,10,Sunday,5,7,0,13.3,Clear,47.0,51.0,0,4.9,1,1,0
T100552,2025-10-30,B45,Bus,18.0,38,15,Thursday,10,9,0,16.3,Fog,100.0,66.0,0,10.6,1,0,1
T102316,2025-02-01,M2,Metro,16.5,15,5,Saturday,2,10,0,6.9,Clear,0.0,61.0,0,-3.0,0,1,0
T103943,2025-12-20,B12,Bus,14.5,32,10,Saturday,12,22,0,3.6,Fog,30.0,14.0,0,-1.3,0,1,0
T102416,2025-08-15,T9,Tram,13.6,26,12,Friday,8,18,0,19.2,Fog,60.0,88.0,0,6.5,1,0,1
T104997,2025-10-27,B12,Bus,14.5,32,10,Monday,10,6,0,10.7,Clear,63.0,40.0,1,15.2,0,0,1
T101099,2025-06-08,R1,Train,42.0,11,20,Sunday,6,9,0,26.5,Rain,79.0,44.0,0,2.9,1,1,0
T103863,2025-08-11,M1,Metro,21.0,19,4,Monday,8,6,0,27.1,Clear,47.0,44.0,1,8.3,0,0,1
T101609,2025-02-15,B12,Bus,14.5,32,10,Saturday,2,18,0,-0.1,Clear,66.0,66.0,0,7.3,1,1,1
T103232,2025-09-04,T9,Tram,13.6,26,12,Thursday,9,11,0,17.1,Storm,31.0,32.0,0,1.1,0,0,0
T102286,2025-11-27,B12,Bus,14.5,32,10,Thursday,11,17,0,16.5,Clear,80.0,66.0,0,7.7,1,0,1
T102332,2025-04-08,M2,Metro,16.5,15,5,Tuesday,4,18,0,14.5,Clear,65.0,69.0,0,-1.1,1,0,0
T101533,2025-03-10,T9,Tram,13.6,26,12,Monday,3,7,0,6.8,Storm,68.0,76.0,0,8.6,1,0,1
T100514,2025-12-17,M3,Metro,12.2,12,6,Wednesday,12,18,0,3.0,Snow,80.0,84.0,0,8.3,1,0,1
T105700,2025-08-16,M2,Metro,16.5,15,5,Saturday,8,18,0,22.2,Clear,55.0,56.0,0,-0.6,1,1,0
T103722,2025-10-02,B27,Bus,9.2,24,12,Thursday,10,16,0,8.3,Rain,62.0,76.0,1,24.7,1,0,1
T105321,2025-11-03,T7,Tram,8.3,17,10,Monday,11,17,0,3.8,Snow,83.0,86.0,1,22.8,1,0,1
T105535,2025-09-04,M1,Metro,21.0,19,4,Thursday,9,16,0,24.9,Clear,58.0,46.0,0,0.1,1,0,0
T101617,2025-07-05,R4,Train,35.5,9,30,Saturday,7,5,0,20.9,Clear,11.0,41.0,0,-3.0,0,1,0
T103358,2025-03-10,M3,Metro,12.2,12,6,Monday,3,22,0,13.8,Clear,56.0,27.0,0,-3.0,0,0,0
T102038,2025-12-27,B61,Bus,7.4,18,8,Saturday,12,9,0,-1.6,Clear,54.0,54.0,0,7.7,1,1,1
T105542,2025-04-20,B27,Bus,9.2,24,12,Sunday,4,19,0,18.1,Clear,61.0,54.0,0,6.0,1,1,1
T105659,2025-09-26,M3,Metro,12.2,12,6,Friday,9,12,0,22.3,Clear,40.0,14.0,0,-3.0,0,0,0
T101925,2025-02-18,M2,Metro,16.5,15,5,Tuesday,2,18,0,1.9,Clear,76.0,85.0,0,0.6,1,0,0
T105730,2025-11-01,T9,Tram,13.6,26,12,Saturday,11,22,0,7.8,Fog,48.0,29.0,0,-1.2,0,1,0
T100392,2025-05-15,B61,Bus,7.4,18,8,Thursday,5,16,0,20.1,Clear,78.0,71.0,0,11.8,1,0,1
T102538,2025-07-13,B12,Bus,14.5,32,10,Sunday,7,19,0,21.8,Rain,51.0,76.0,0,12.7,1,1,1
T103169,2025-08-10,M2,Metro,16.5,15,5,Sunday,8,16,0,21.9,Clear,52.0,73.0,0,-0.9,1,1,0
T101979,2025-10-17,R4,Train,35.5,9,30,Friday,10,8,0,6.4,Snow,82.0,88.0,0,8.6,1,0,1
T103239,2025-01-15,T9,Tram,13.6,26,12,Wednesday,1,19,0,5.1,Rain,88.0,96.0,0,6.3,1,0,1
T101977,2025-05-05,R4,Train,35.5,9,30,Monday,5,6,0,21.9,Fog,36.0,27.0,0,-3.0,0,0,0
T104671,2025-09-09,M3,Metro,12.2,12,6,Tuesday,9,19,0,26.9,Storm,69.0,85.0,0,5.1,1,0,1
T102479,2025-02-19,M1,Metro,21.0,19,4,Wednesday,2,22,0,2.0,Snow,24.0,41.0,0,-0.6,0,0,0
T105790,2025-09-25,M2,Metro,16.5,15,5,Thursday,9,13,0,13.4,Fog,63.0,38.0,0,-3.0,0,0,0
T104816,2025-11-15,M3,Metro,12.2,12,6,Saturday,11,16,0,15.2,Clear,47.0,62.0,0,0.6,1,1,0
T101854,2025-02-08,M2,Metro,16.5,15,5,Saturday,2,16,0,1.8,Clear,52.0,59.0,0,0.6,1,1,0
T100495,2025-05-31,M3,Metro,12.2,12,6,Saturday,5,17,0,31.2,Storm,36.0,75.0,0,4.3,1,1,0
T102334,2025-07-21,R4,Train,35.5,9,30,Monday,7,16,0,31.2,Clear,63.0,91.0,0,2.3,1,0,0
T102811,2025-04-15,M1,Metro,21.0,19,4,Tuesday,4,10,0,12.1,Rain,40.0,42.0,0,-2.3,0,0,0
T104495,2025-08-17,B45,Bus,18.0,38,15,Sunday,8,7,0,20.4,Clear,67.0,67.0,0,6.5,1,1,1
T105989,2025-07-25,T9,Tram,13.6,26,12,Friday,7,7,0,32.1,Storm,83.0,83.0,0,11.1,1,0,1
T104678,2025-08-27,B45,Bus,18.0,38,15,Wednesday,8,19,0,23.6,Fog,57.0,85.0,0,7.6,1,0,1
T100318,2025-12-09,T7,Tram,8.3,17,10,Tuesday,12,8,0,3.4,Clear,65.0,74.0,0,8.4,1,0,1
T101793,2025-04-12,B61,Bus,7.4,18,8,Saturday,4,8,0,17.0,Clear,53.0,65.0,0,3.4,1,1,0
T103668,2025-06-05,B45,Bus,18.0,38,15,Thursday,6,15,0,25.1,Storm,30.0,53.0,0,4.8,0,0,0
T103807,2025-02-26,R1,Train,42.0,11,20,Wednesday,2,16,0,9.5,Clear,66.0,50.0,0,2.9,1,0,0
T102230,2025-08-19,B61,Bus,7.4,18,8,Tuesday,8,16,0,24.8,Rain,71.0,53.0,0,9.7,1,0,1
T105136,2025-06-17,M2,Metro,16.5,15,5,Tuesday,6,18,0,25.2,Storm,53.0,81.0,0,4.5,1,0,0
T100071,2025-03-11,M2,Metro,16.5,15,5,Tuesday,3,19,0,9.8,Clear,70.0,75.0,1,18.3,1,0,1
T103916,2025-01-25,B12,Bus,14.5,32,10,Saturday,1,10,0,5.9,Clear,22.0,30.0,0,-1.6,0,1,0
T100637,2025-04-19,B27,Bus,9.2,24,12,Saturday,4,13,0,13.6,Clear,16.0,27.0,1,15.4,0,1,1
T104603,2025-10-04,M1,Metro,21.0,19,4,Saturday,10,12,0,12.1,Clear,8.0,23.0,0,-3.0,0,1,0
T104345,2025-07-03,R1,Train,42.0,11,20,Thursday,7,11,0,27.7,Clear,39.0,31.0,0,-2.3,0,0,0
T102891,2025-07-27,T7,Tram,8.3,17,10,Sunday,7,16,0,32.3,Clear,67.0,84.0,0,5.4,1,1,1
T100801,2025-04-21,B12,Bus,14.5,32,10,Monday,4,10,0,13.8,Clear,28.0,53.0,0,-2.3,0,0,0
T101679,2025-07-07,B61,Bus,7.4,18,8,Monday,7,17,0,19.1,Rain,71.0,92.0,1,23.0,1,0,1
T101234,2025-08-21,T3,Tram,11.0,22,8,Thursday,8,19,0,23.1,Rain,39.0,93.0,0,3.9,1,0,0
T105104,2025-02-09,B61,Bus,7.4,18,8,Sunday,2,21,0,8.7,Rain,5.0,36.0,0,-3.0,0,1,0
T104101,2025-12-27,B45,Bus,18.0,38,15,Saturday,12,14,0,0.1,Rain,29.0,34.0,0,-1.2,0,1,0
T100565,2025-03-28,B61,Bus,7.4,18,8,Friday,3,22,0,7.5,Rain,24.0,37.0,0,-0.6,0,0,0
T105846,2025-02-14,M3,Metro,12.2,12,6,Friday,2,17,0,1.2,Clear,66.0,77.0,0,-0.9,1,0,0
T104318,2025-11-07,B12,Bus,14.5,32,10,Friday,11,7,0,3.2,Rain,78.0,58.0,0,9.3,1,0,1
T102510,2025-03-14,M2,Metro,16.5,15,5,Friday,3,7,0,2.8,Rain,64.0,67.0,0,-1.4,1,0,0
T101259,2025-10-20,B45,Bus,18.0,38,15,Monday,10,18,0,15.2,Rain,71.0,68.0,0,8.8,1,0,1
T100536,2025-06-16,T3,Tram,11.0,22,8,Monday,6,9,0,23.0,Storm,65.0,84.0,0,8.8,1,0,1
T100409,2025-01-06,R4,Train,35.5,9,30,Monday,1,16,0,1.7,Snow,82.0,96.0,0,8.3,1,0,1
T102956,2025-02-06,M1,Metro,21.0,19,4,Thursday,2,5,0,-0.3,Clear,35.0,22.0,0,-3.0,0,0,0
T100239,2025-08-17,B61,Bus,7.4,18,8,Sunday,8,12,1,26.2,Clear,31.0,38.0,0,-3.0,0,1,0
T103625,2025-09-29,T9,Tram,13.6,26,12,Monday,9,20,0,20.4,Storm,53.0,33.0,0,3.3,0,0,0
T103422,2025-08-08,T7,Tram,8.3,17,10,Friday,8,22,0,14.2,Clear,45.0,45.0,0,-1.4,0,0,0
T102274,2025-03-06,B12,Bus,14.5,32,10,Thursday,3,9,0,17.1,Clear,74.0,95.0,0,7.7,1,0,1
T101374,2025-11-20,T3,Tram,11.0,22,8,Thursday,11,19,0,1.5,Snow,52.0,63.0,0,6.4,1,0,1
T105564,2025-02-03,B45,Bus,18.0,38,15,Monday,2,17,0,14.2,Rain,68.0,96.0,0,13.4,1,0,1
T102516,2025-09-10,T9,Tram,13.6,26,12,Wednesday,9,14,0,20.2,Clear,22.0,25.0,0,-1.5,0,0,0
T105757,2025-07-13,M2,Metro,16.5,15,5,Sunday,7,7,0,25.3,Clear,69.0,59.0,0,2.3,1,1,0
T101332,2025-06-05,T3,Tram,11.0,22,8,Thursday,6,8,0,26.9,Rain,79.0,88.0,0,4.6,1,0,0
T100477,2025-01-07,T3,Tram,11.0,22,8,Tuesday,1,19,0,8.5,Clear,57.0,56.0,0,3.5,1,0,0
T102207,2025-11-03,B61,Bus,7.4,18,8,Monday,11,18,0,8.5,Fog,73.0,70.0,0,9.7,1,0,1
T104764,2025-06-09,R1,Train,42.0,11,20,Monday,6,20,0,28.1,Clear,22.0,28.0,0,-1.3,0,0,0
T102159,2025-05-02,T7,Tram,8.3,17,10,Friday,5,19,0,24.8,Rain,88.0,110.0,0,7.9,1,0,1
T100835,2025-10-11,M3,Metro,12.2,12,6,Saturday,10,7,0,15.4,Clear,26.0,53.0,0,2.4,1,1,0
T105587,2025-12-27,B27,Bus,9.2,24,12,Saturday,12,18,0,4.8,Rain,50.0,65.0,0,5.3,1,1,1
T101417,2025-06-10,T7,Tram,8.3,17,10,Tuesday,6,10,0,22.6,Clear,57.0,22.0,0,-2.8,0,0,0
T101850,2025-01-30,B61,Bus,7.4,18,8,Thursday,1,11,0,6.8,Storm,37.0,55.0,0,2.7,0,0,0
T105001,2025-01-13,B45,Bus,18.0,38,15,Monday,1,7,1,-4.9,Clear,62.0,70.0,0,2.9,1,0,0
T103413,2025-02-04,B27,Bus,9.2,24,12,Tuesday,2,11,0,3.0,Fog,36.0,49.0,0,-0.9,0,0,0
T105447,2025-05-30,R1,Train,42.0,11,20,Friday,5,17,0,25.1,Fog,82.0,111.0,0,5.3,1,0,1
T104933,2025-10-30,M3,Metro,12.2,12,6,Thursday,10,7,0,11.8,Rain,75.0,80.0,0,5.1,1,0,1
T102278,2025-05-15,B45,Bus,18.0,38,15,Thursday,5,10,0,20.2,Clear,23.0,43.0,0,-0.7,0,0,0
T100881,2025-11-07,B61,Bus,7.4,18,8,Friday,11,10,0,14.3,Rain,54.0,54.0,0,-1.9,0,0,0
T104950,2025-05-01,B12,Bus,14.5,32,10,Thursday,5,7,0,12.1,Clear,78.0,85.0,0,6.8,1,0,1
T101455,2025-01-24,B45,Bus,18.0,38,15,Friday,1,16,0,5.4,Clear,56.0,72.0,0,11.9,1,0,1
T105490,2025-06-22,T9,Tram,13.6,26,12,Sunday,6,18,0,26.7,Clear,45.0,48.0,0,11.9,1,1,1
T103945,2025-09-25,B61,Bus,7.4,18,8,Thursday,9,7,0,20.7,Clear,70.0,83.0,0,10.3,1,0,1
T104963,2025-03-27,B12,Bus,14.5,32,10,Thursday,3,6,0,4.8,Clear,56.0,47.0,0,-3.0,0,0,0
T100441,2025-04-20,B61,Bus,7.4,18,8,Sunday,4,8,0,21.5,Rain,60.0,81.0,0,8.3,1,1,1
T100264,2025-12-28,T9,Tram,13.6,26,12,Sunday,12,13,0,12.6,Fog,7.0,41.0,1,11.9,0,1,1
T103359,2025-07-12,R1,Train,42.0,11,20,Saturday,7,7,0,20.6,Clear,56.0,64.0,0,2.3,1,1,0
T105315,2025-07-26,M3,Metro,12.2,12,6,Saturday,7,9,0,26.6,Storm,48.0,66.0,0,3.8,1,1,0
T104713,2025-06-28,M1,Metro,21.0,19,4,Saturday,6,8,0,19.8,Rain,62.0,48.0,0,3.0,1,1,0
T103166,2025-10-01,M2,Metro,16.5,15,5,Wednesday,10,6,0,10.7,Storm,42.0,47.0,0,-1.8,0,0,0
T105405,2025-05-22,B12,Bus,14.5,32,10,Thursday,5,17,0,19.3,Clear,56.0,69.0,0,8.1,1,0,1
T100870,2025-06-16,B27,Bus,9.2,24,12,Monday,6,6,0,17.3,Clear,33.0,66.0,0,-1.2,0,0,0
T105533,2025-06-12,T3,Tram,11.0,22,8,Thursday,6,12,0,24.6,Clear,38.0,16.0,0,-3.0,0,0,0
T101661,2025-08-11,T7,Tram,8.3,17,10,Monday,8,19,0,14.8,Rain,52.0,65.0,0,3.3,1,0,0
T100716,2025-07-08,T9,Tram,13.6,26,12,Tuesday,7,22,0,31.0,Storm,15.0,28.0,0,-0.9,0,0,0
T100724,2025-10-14,B61,Bus,7.4,18,8,Tuesday,10,7,0,16.1,Clear,70.0,74.0,0,5.0,1,0,0
T103524,2025-04-17,T7,Tram,8.3,17,10,Thursday,4,19,0,17.2,Clear,76.0,68.0,0,9.2,1,0,1
T103631,2025-07-19,B12,Bus,14.5,32,10,Saturday,7,16,0,26.1,Rain,46.0,86.0,0,7.4,1,1,1
T101469,2025-01-23,B45,Bus,18.0,38,15,Thursday,1,20,0,2.7,Rain,48.0,59.0,0,1.1,0,0,0
T105831,2025-02-26,M1,Metro,21.0,19,4,Wednesday,2,8,0,3.0,Snow,60.0,65.0,0,7.5,1,0,1
T104301,2025-08-28,M1,Metro,21.0,19,4,Thursday,8,20,0,25.6,Rain,42.0,23.0,0,-3.0,0,0,0
T103077,2025-10-25,B27,Bus,9.2,24,12,Saturday,10,12,0,18.5,Clear,11.0,13.0,0,-2.3,0,1,0
T105448,2025-06-06,R4,Train,35.5,9,30,Friday,6,6,0,21.3,Snow,35.0,50.0,0,-1.0,0,0,0
T103416,2025-08-13,T7,Tram,8.3,17,10,Wednesday,8,19,0,24.4,Clear,66.0,65.0,0,2.3,1,0,0
T100154,2025-06-08,B12,Bus,14.5,32,10,Sunday,6,8,0,21.0,Rain,68.0,85.0,0,8.9,1,1,1
T103206,2025-12-31,T3,Tram,11.0,22,8,Wednesday,12,17,0,5.2,Clear,90.0,73.0,0,3.2,1,0,0
T101946,2025-02-27,M2,Metro,16.5,15,5,Thursday,2,21,0,4.0,Storm,17.0,46.0,0,-2.3,0,0,0
T103070,2025-06-04,B27,Bus,9.2,24,12,Wednesday,6,7,0,20.0,Clear,41.0,61.0,0,5.0,1,0,0
T101416,2025-08-20,M3,Metro,12.2,12,6,Wednesday,8,19,0,27.7,Rain,55.0,67.0,0,1.2,1,0,0
T100908,2025-05-16,B27,Bus,9.2,24,12,Friday,5,17,0,17.0,Clear,48.0,55.0,0,4.2,1,0,0
T104505,2025-05-19,B61,Bus,7.4,18,8,Monday,5,22,0,24.3,Clear,17.0,27.0,0,-3.0,0,0,0
T104998,2025-09-05,T9,Tram,13.6,26,12,Friday,9,6,0,21.6,Rain,30.0,46.0,0,-2.2,0,0,0
T101872,2025-08-09,T7,Tram,8.3,17,10,Saturday,8,9,0,27.8,Rain,55.0,64.0,0,3.9,1,1,0
T100019,2025-06-14,M3,Metro,12.2,12,6,Saturday,6,12,0,23.9,Fog,35.0,23.0,0,-3.0,0,1,0
T105408,2025-07-24,M1,Metro,21.0,19,4,Thursday,7,6,0,28.7,Clear,0.0,61.0,0,-3.0,0,0,0
T100314,2025-03-31,R1,Train,42.0,11,20,Monday,3,21,0,9.9,Clear,51.0,69.0,0,-3.0,0,0,0
T100625,2025-03-26,T9,Tram,13.6,26,12,Wednesday,3,11,0,4.8,Clear,41.0,59.0,0,-2.0,0,0,0
T104647,2025-01-30,B12,Bus,14.5,32,10,Thursday,1,6,0,1.4,Snow,56.0,38.0,0,3.0,0,0,0
T100118,2025-03-31,T9,Tram,13.6,26,12,Monday,3,21,0,7.8,Storm,42.0,48.0,0,3.5,0,0,0
T104735,2025-06-02,M3,Metro,12.2,12,6,Monday,6,5,0,24.6,Storm,10.0,26.0,0,0.5,0,0,0
T104062,2025-08-19,R1,Train,42.0,11,20,Tuesday,8,13,0,37.8,Clear,31.0,26.0,0,-3.0,0,0,0
T104643,2025-01-25,M1,Metro,21.0,19,4,Saturday,1,17,0,2.4,Rain,57.0,61.0,0,1.2,1,1,0
T105383,2025-05-20,B27,Bus,9.2,24,12,Tuesday,5,5,1,26.3,Storm,40.0,41.0,0,2.6,0,0,0
T101861,2025-04-19,T9,Tram,13.6,26,12,Saturday,4,16,0,12.4,Clear,59.0,99.0,0,4.5,1,1,0
T100243,2025-08-26,B61,Bus,7.4,18,8,Tuesday,8,15,0,20.3,Storm,32.0,51.0,0,2.9,0,0,0
T102506,2025-06-17,T7,Tram,8.3,17,10,Tuesday,6,10,0,18.6,Rain,21.0,17.0,0,-1.6,0,0,0
T102477,2025-03-06,T9,Tram,13.6,26,12,Thursday,3,8,0,7.1,Clear,79.0,69.0,0,2.3,1,0,0
T100004,2025-06-08,T7,Tram,8.3,17,10,Sunday,6,19,0,26.9,Rain,50.0,83.0,0,4.8,1,1,0
T101971,2025-12-03,B12,Bus,14.5,32,10,Wednesday,12,17,0,3.8,Clear,56.0,71.0,0,6.1,1,0,1
T103902,2025-07-05,B61,Bus,7.4,18,8,Saturday,7,11,0,29.2,Clear,25.0,17.0,0,-3.0,0,1,0
T105965,2025-02-06,M3,Metro,12.2,12,6,Thursday,2,19,0,7.1,Clear,85.0,76.0,0,2.6,1,0,0
T104618,2025-08-20,R4,Train,35.5,9,30,Wednesday,8,16,1,20.9,Clear,69.0,103.0,0,1.4,1,0,0
T103450,2025-06-23,M3,Metro,12.2,12,6,Monday,6,14,0,23.4,Fog,27.0,33.0,0,-3.0,0,0,0
T104207,2025-12-08,M1,Metro,21.0,19,4,Monday,12,19,0,9.2,Clear,53.0,78.0,0,1.6,1,0,0
T104466,2025-10-19,B61,Bus,7.4,18,8,Sunday,10,17,0,14.0,Clear,45.0,87.0,0,6.8,1,1,1
T105512,2025-11-27,B45,Bus,18.0,38,15,Thursday,11,13,0,10.3,Rain,28.0,64.0,0,-0.1,0,0,0
T103912,2025-03-11,T7,Tram,8.3,17,10,Tuesday,3,6,0,10.0,Storm,37.0,53.0,0,1.8,0,0,0
T100407,2025-02-22,M1,Metro,21.0,19,4,Saturday,2,19,0,4.0,Clear,62.0,68.0,0,0.4,1,1,0
T101913,2025-10-11,R4,Train,35.5,9,30,Saturday,10,17,0,15.9,Clear,50.0,84.0,0,3.2,1,1,0
T100215,2025-04-10,M1,Metro,21.0,19,4,Thursday,4,7,0,13.8,Rain,61.0,70.0,0,0.7,1,0,0
T102708,2025-09-24,T7,Tram,8.3,17,10,Wednesday,9,7,0,21.8,Clear,81.0,77.0,0,2.4,1,0,0
T104321,2025-06-13,R4,Train,35.5,9,30,Friday,6,19,0,23.3,Rain,63.0,95.0,0,3.5,1,0,0
T104298,2025-01-14,M3,Metro,12.2,12,6,Tuesday,1,17,0,-0.8,Clear,85.0,74.0,0,5.4,1,0,1
T100028,2025-07-19,T9,Tram,13.6,26,12,Saturday,7,21,0,28.5,Clear,8.0,42.0,0,-2.7,0,1,0
T102250,2025-07-04,M1,Metro,21.0,19,4,Friday,7,19,0,20.1,Clear,78.0,74.0,0,1.5,1,0,0
T102934,2025-10-22,T3,Tram,11.0,22,8,Wednesday,10,18,0,11.0,Clear,97.0,82.0,0,5.0,1,0,0
T102659,2025-02-28,R4,Train,35.5,9,30,Friday,2,16,0,6.6,Clear,48.0,83.0,0,1.8,1,0,0
T102189,2025-08-02,B45,Bus,18.0,38,15,Saturday,8,22,0,25.6,Clear,22.0,31.0,0,-2.0,0,1,0
T101461,2025-04-25,R4,Train,35.5,9,30,Friday,4,12,0,19.0,Storm,22.0,44.0,0,1.3,0,0,0
T102244,2025-09-17,M1,Metro,21.0,19,4,Wednesday,9,13,0,18.6,Fog,35.0,19.0,1,9.4,0,0,1
T102876,2025-08-31,B61,Bus,7.4,18,8,Sunday,8,22,0,20.3,Clear,38.0,17.0,0,-2.0,0,1,0
T104159,2025-01-12,M2,Metro,16.5,15,5,Sunday,1,8,0,2.1,Snow,46.0,37.0,0,6.9,1,1,1
T105213,2025-08-13,B12,Bus,14.5,32,10,Wednesday,8,8,0,26.8,Clear,69.0,75.0,0,5.9,1,0,1
T100911,2025-03-08,M3,Metro,12.2,12,6,Saturday,3,22,0,3.3,Clear,12.0,5.0,0,-3.0,0,1,0
T104377,2025-04-07,R1,Train,42.0,11,20,Monday,4,18,0,12.1,Rain,64.0,68.0,0,6.1,1,0,1
T105650,2025-12-06,T7,Tram,8.3,17,10,Saturday,12,9,1,8.8,Fog,53.0,69.0,0,3.4,1,1,0
T103218,2025-12-26,B27,Bus,9.2,24,12,Friday,12,8,0,4.4,Clear,71.0,75.0,0,7.3,1,0,1
T101090,2025-07-03,M1,Metro,21.0,19,4,Thursday,7,18,0,28.2,Clear,61.0,53.0,1,15.0,1,0,1
T104057,2025-07-13,M1,Metro,21.0,19,4,Sunday,7,18,0,20.8,Fog,49.0,65.0,0,9.0,1,1,1
T101677,2025-06-03,M3,Metro,12.2,12,6,Tuesday,6,22,0,30.2,Rain,36.0,49.0,0,-3.0,0,0,0
T101308,2025-06-01,M3,Metro,12.2,12,6,Sunday,6,7,0,25.8,Clear,40.0,67.0,0,-0.4,1,1,0
T102235,2025-10-16,R1,Train,42.0,11,20,Thursday,10,19,0,14.6,Clear,60.0,50.0,0,4.1,1,0,0
T105909,2025-07-09,T7,Tram,8.3,17,10,Wednesday,7,22,0,31.0,Clear,45.0,60.0,0,-3.0,0,0,0
T105823,2025-02-24,B27,Bus,9.2,24,12,Monday,2,18,0,5.7,Rain,88.0,66.0,0,8.7,1,0,1
T100324,2025-12-22,R4,Train,35.5,9,30,Monday,12,6,0,4.7,Rain,38.0,67.0,0,-2.3,0,0,0
T101312,2025-10-12,T9,Tram,13.6,26,12,Sunday,10,8,0,15.9,Storm,58.0,61.0,0,9.0,1,1,1
T100964,2025-12-13,B12,Bus,14.5,32,10,Saturday,12,18,0,0.4,Clear,75.0,69.0,0,8.6,1,1,1
T100542,2025-03-13,B61,Bus,7.4,18,8,Thursday,3,12,0,7.2,Clear,26.0,28.0,0,0.9,0,0,0
T103476,2025-07-19,T3,Tram,11.0,22,8,Saturday,7,22,0,23.1,Rain,42.0,13.0,0,-3.0,0,1,0
T100679,2025-12-08,T9,Tram,13.6,26,12,Monday,12,15,0,3.1,Snow,39.0,67.0,0,0.4,0,0,0
T104804,2025-09-10,M1,Metro,21.0,19,4,Wednesday,9,5,0,20.6,Clear,37.0,55.0,0,-3.0,0,0,0
T103679,2025-09-25,B27,Bus,9.2,24,12,Thursday,9,16,0,17.6,Rain,82.0,68.0,0,9.9,1,0,1
T102962,2025-12-22,R1,Train,42.0,11,20,Monday,12,6,0,-5.2,Snow,44.0,46.0,0,2.2,0,0,0
T105319,2025-03-24,M2,Metro,16.5,15,5,Monday,3,8,0,11.2,Clear,81.0,73.0,0,0.6,1,0,0
T103490,2025-02-09,B45,Bus,18.0,38,15,Sunday,2,18,0,3.5,Rain,60.0,67.0,0,7.9,1,1,1
T104227,2025-08-12,R4,Train,35.5,9,30,Tuesday,8,8,0,20.0,Storm,76.0,78.0,0,9.9,1,0,1
T100069,2025-06-21,R4,Train,35.5,9,30,Saturday,6,9,0,32.0,Clear,56.0,66.0,0,0.4,1,1,0
T103627,2025-03-28,R4,Train,35.5,9,30,Friday,3,17,0,6.3,Rain,63.0,79.0,0,9.0,1,0,1
T105143,2025-07-23,B12,Bus,14.5,32,10,Wednesday,7,9,0,23.4,Storm,71.0,107.0,0,16.7,1,0,1
T105524,2025-08-12,T3,Tram,11.0,22,8,Tuesday,8,12,0,25.7,Rain,34.0,38.0,0,0.1,0,0,0
T101489,2025-07-05,B27,Bus,9.2,24,12,Saturday,7,18,0,24.4,Fog,62.0,85.0,0,7.9,1,1,1
T102957,2025-06-27,M3,Metro,12.2,12,6,Friday,6,18,0,23.3,Fog,66.0,58.0,0,0.4,1,0,0
T103542,2025-02-01,B61,Bus,7.4,18,8,Saturday,2,19,1,2.0,Rain,44.0,77.0,0,4.9,1,1,0
T103786,2025-03-06,T9,Tram,13.6,26,12,Thursday,3,17,0,7.9,Clear,68.0,83.0,1,16.6,1,0,1
T104390,2025-03-07,B27,Bus,9.2,24,12,Friday,3,9,0,12.0,Fog,63.0,82.0,0,7.3,1,0,1
T100520,2025-05-11,B12,Bus,14.5,32,10,Sunday,5,10,0,19.5,Fog,9.0,55.0,0,-2.1,0,1,0
T103695,2025-08-23,M1,Metro,21.0,19,4,Saturday,8,8,0,24.3,Fog,61.0,80.0,0,2.9,1,1,0
T103854,2025-06-25,M1,Metro,21.0,19,4,Wednesday,6,16,0,25.6,Rain,68.0,54.0,0,3.5,1,0,0
T104972,2025-11-02,M3,Metro,12.2,12,6,Sunday,11,9,0,9.6,Clear,44.0,70.0,0,3.8,1,1,0
T101691,2025-11-21,T9,Tram,13.6,26,12,Friday,11,16,0,7.1,Fog,67.0,80.0,0,5.2,1,0,1
T104510,2025-04-20,M1,Metro,21.0,19,4,Sunday,4,19,0,17.9,Clear,43.0,57.0,0,-1.4,1,1,0
T102284,2025-09-06,M3,Metro,12.2,12,6,Saturday,9,18,0,20.3,Clear,63.0,74.0,0,1.1,1,1,0
T100901,2025-01-16,M2,Metro,16.5,15,5,Thursday,1,10,0,1.2,Snow,32.0,19.0,0,-1.9,0,0,0
T103731,2025-11-10,B27,Bus,9.2,24,12,Monday,11,7,0,7.0,Clear,37.0,83.0,0,7.2,1,0,1
T104360,2025-01-03,T7,Tram,8.3,17,10,Friday,1,18,0,-1.6,Snow,53.0,79.0,0,6.0,1,0,1
T104193,2025-01-15,M2,Metro,16.5,15,5,Wednesday,1,10,0,-0.0,Snow,35.0,21.0,0,-3.0,0,0,0
T104838,2025-11-07,B12,Bus,14.5,32,10,Friday,11,16,1,10.5,Rain,62.0,105.0,0,6.7,1,0,1
T103762,2025-07-30,R4,Train,35.5,9,30,Wednesday,7,21,0,24.0,Clear,19.0,54.0,0,-3.0,0,0,0
T104539,2025-11-14,T7,Tram,8.3,17,10,Friday,11,18,0,7.4,Rain,73.0,63.0,0,5.8,1,0,1
T101816,2025-03-27,T9,Tram,13.6,26,12,Thursday,3,8,0,5.3,Rain,75.0,73.0,0,6.1,1,0,1
T105604,2025-08-11,M2,Metro,16.5,15,5,Monday,8,17,0,17.0,Clear,67.0,62.0,0,1.5,1,0,0
T100278,2025-01-24,B12,Bus,14.5,32,10,Friday,1,12,0,6.6,Fog,33.0,49.0,0,3.6,0,0,0
T100508,2025-04-09,M2,Metro,16.5,15,5,Wednesday,4,17,0,12.9,Snow,73.0,78.0,0,3.8,1,0,0
T103828,2025-09-06,R1,Train,42.0,11,20,Saturday,9,21,0,22.6,Rain,15.0,12.0,0,-3.0,0,1,0
T100692,2025-12-06,M3,Metro,12.2,12,6,Saturday,12,6,0,4.4,Fog,18.0,26.0,0,-3.0,0,1,0
T101799,2025-07-10,B45,Bus,18.0,38,15,Thursday,7,9,0,23.1,Clear,49.0,65.0,0,6.0,1,0,1
T100464,2025-01-03,B27,Bus,9.2,24,12,Friday,1,9,0,4.2,Rain,58.0,64.0,0,9.1,1,0,1
T102315,2025-01-01,B12,Bus,14.5,32,10,Wednesday,1,20,0,3.5,Snow,66.0,38.0,0,6.4,0,0,1
T105861,2025-08-05,R4,Train,35.5,9,30,Tuesday,8,12,0,23.5,Clear,52.0,27.0,1,11.4,0,0,1
T104006,2025-04-02,M1,Metro,21.0,19,4,Wednesday,4,19,0,13.9,Clear,79.0,86.0,0,0.9,1,0,0
T103319,2025-01-13,B27,Bus,9.2,24,12,Monday,1,7,0,-11.9,Storm,61.0,47.0,0,10.0,1,0,1
T103348,2025-02-14,B12,Bus,14.5,32,10,Friday,2,22,0,13.5,Clear,40.0,53.0,0,-1.4,0,0,0
T105266,2025-07-18,B27,Bus,9.2,24,12,Friday,7,12,0,24.7,Clear,53.0,45.0,0,0.0,0,0,0
T104411,2025-08-03,B12,Bus,14.5,32,10,Sunday,8,7,0,24.7,Clear,56.0,62.0,0,7.6,1,1,1
T102680,2025-02-12,R1,Train,42.0,11,20,Wednesday,2,19,0,-3.2,Rain,76.0,65.0,1,20.9,1,0,1
T104044,2025-05-31,T9,Tram,13.6,26,12,Saturday,5,8,0,24.6,Clear,76.0,66.0,0,5.8,1,1,1
T103596,2025-05-04,M2,Metro,16.5,15,5,Sunday,5,17,0,16.6,Rain,51.0,55.0,0,2.2,1,1,0
T104769,2025-01-18,B45,Bus,18.0,38,15,Saturday,1,7,0,-1.2,Rain,43.0,62.0,0,8.4,1,1,1
T104151,2025-07-13,B45,Bus,18.0,38,15,Sunday,7,14,0,24.7,Clear,22.0,30.0,0,-2.1,0,1,0
T105085,2025-05-04,M1,Metro,21.0,19,4,Sunday,5,10,0,25.1,Clear,2.0,20.0,1,6.3,0,1,1
T104442,2025-09-07,T3,Tram,11.0,22,8,Sunday,9,11,0,11.1,Rain,18.0,22.0,0,-3.0,0,1,0
T103611,2025-09-07,M2,Metro,16.5,15,5,Sunday,9,21,0,26.7,Fog,6.0,32.0,0,-3.0,0,1,0
T103915,2025-01-29,B45,Bus,18.0,38,15,Wednesday,1,9,0,3.0,Rain,80.0,85.0,0,11.5,1,0,1
T105760,2025-02-15,B45,Bus,18.0,38,15,Saturday,2,8,0,1.2,Clear,59.0,59.0,0,5.9,1,1,1
T102121,2025-12-14,R4,Train,35.5,9,30,Sunday,12,14,0,1.7,Clear,15.0,28.0,0,-3.0,0,1,0
T101824,2025-10-10,M3,Metro,12.2,12,6,Friday,10,20,0,17.4,Clear,48.0,55.0,0,-3.0,0,0,0
T102931,2025-09-03,B27,Bus,9.2,24,12,Wednesday,9,7,0,21.6,Rain,91.0,93.0,0,10.0,1,0,1
T102466,2025-04-20,T3,Tram,11.0,22,8,Sunday,4,16,0,20.4,Clear,72.0,84.0,0,6.4,1,1,1
T102561,2025-05-11,B12,Bus,14.5,32,10,Sunday,5,9,0,19.6,Rain,55.0,71.0,0,8.7,1,1,1
T101005,2025-12-03,B12,Bus,14.5,32,10,Wednesday,12,12,0,0.6,Clear,56.0,31.0,0,-2.2,0,0,0
T104756,2025-07-29,B27,Bus,9.2,24,12,Tuesday,7,17,0,23.4,Clear,92.0,77.0,0,9.6,1,0,1
T103128,2025-07-04,B27,Bus,9.2,24,12,Friday,7,9,0,20.8,Storm,39.0,58.0,0,9.4,1,0,1
T101354,2025-03-22,R4,Train,35.5,9,30,Saturday,3,13,0,8.7,Clear,22.0,19.0,0,-2.0,0,1,0
T102705,2025-04-14,M1,Metro,21.0,19,4,Monday,4,18,0,9.5,Rain,69.0,84.0,0,4.4,1,0,0
T102380,2025-03-07,B45,Bus,18.0,38,15,Friday,3,7,0,6.1,Clear,55.0,86.0,0,5.5,1,0,1
T100149,2025-01-22,R1,Train,42.0,11,20,Wednesday,1,15,0,-1.1,Snow,37.0,62.0,0,3.5,0,0,0
T100752,2025-02-01,M1,Metro,21.0,19,4,Saturday,2,22,0,1.8,Rain,33.0,32.0,0,-3.0,0,1,0
T105874,2025-09-17,T9,Tram,13.6,26,12,Wednesday,9,11,0,17.8,Clear,53.0,41.0,0,-3.0,0,0,0
T104415,2025-06-11,R4,Train,35.5,9,30,Wednesday,6,6,0,35.6,Clear,57.0,67.0,0,-3.0,0,0,0
T102488,2025-07-11,T9,Tram,13.6,26,12,Friday,7,13,0,16.5,Rain,21.0,51.0,0,-2.5,0,0,0
T105410,2025-01-08,B27,Bus,9.2,24,12,Wednesday,1,17,0,1.4,Snow,82.0,90.0,0,14.0,1,0,1
T104075,2025-01-09,B45,Bus,18.0,38,15,Thursday,1,7,0,3.1,Snow,65.0,81.0,0,12.9,1,0,1
T103066,2025-10-30,R1,Train,42.0,11,20,Thursday,10,19,1,9.1,Fog,81.0,80.0,0,3.9,1,0,0
T105643,2025-09-05,R1,Train,42.0,11,20,Friday,9,8,1,19.1,Rain,84.0,83.0,0,3.2,1,0,0
T101756,2025-05-08,B27,Bus,9.2,24,12,Thursday,5,16,0,16.7,Clear,73.0,72.0,0,10.1,1,0,1
T102311,2025-01-25,B12,Bus,14.5,32,10,Saturday,1,18,0,-2.1,Fog,60.0,39.0,0,7.0,1,1,1
T105608,2025-08-10,M1,Metro,21.0,19,4,Sunday,8,17,0,27.6,Clear,47.0,81.0,0,3.8,1,1,0
T103177,2025-04-19,M1,Metro,21.0,19,4,Saturday,4,19,0,13.4,Clear,39.0,75.0,0,-1.4,1,1,0
T103325,2025-10-13,T7,Tram,8.3,17,10,Monday,10,9,0,15.2,Clear,72.0,51.0,0,2.1,1,0,0
T102409,2025-01-10,M2,Metro,16.5,15,5,Friday,1,15,0,3.6,Storm,37.0,28.0,0,1.6,0,0,0
T105749,2025-02-13,B27,Bus,9.2,24,12,Thursday,2,6,0,-0.1,Snow,38.0,31.0,0,4.7,0,0,0
T104250,2025-06-02,T9,Tram,13.6,26,12,Monday,6,7,0,13.850000000000001,Storm,64.0,90.0,0,10.3,1,0,1
T102621,2025-05-24,T9,Tram,13.6,26,12,Saturday,5,17,0,24.2,Clear,45.0,83.0,0,3.3,1,1,0
T103602,2025-02-26,B27,Bus,9.2,24,12,Wednesday,2,18,0,4.0,Clear,75.0,105.0,0,13.3,1,0,1
T101047,2025-08-08,T3,Tram,11.0,22,8,Friday,8,8,0,26.2,Clear,75.0,77.0,0,5.4,1,0,1
T105933,2025-04-27,M3,Metro,12.2,12,6,Sunday,4,21,0,22.1,Storm,10.0,22.0,0,-2.9,0,1,0
T104939,2025-05-04,B27,Bus,9.2,24,12,Sunday,5,8,0,18.0,Clear,55.0,57.0,1,18.7,1,1,1
T103418,2025-02-05,B12,Bus,14.5,32,10,Wednesday,2,15,0,7.6,Clear,36.0,32.0,0,-1.2,0,0,0
T100059,2025-09-07,T3,Tram,11.0,22,8,Sunday,9,15,0,23.2,Clear,2.0,25.0,0,-3.0,0,1,0
T103238,2025-11-19,M1,Metro,21.0,19,4,Wednesday,11,7,0,5.5,Clear,85.0,68.0,0,2.3,1,0,0
T102611,2025-12-05,B27,Bus,9.2,24,12,Friday,12,18,0,1.8,Rain,64.0,98.0,0,9.3,1,0,1
T105733,2025-05-30,M3,Metro,12.2,12,6,Friday,5,16,0,23.5,Clear,54.0,55.0,0,2.5,1,0,0
T101597,2025-09-22,T3,Tram,11.0,22,8,Monday,9,5,0,21.3,Rain,33.0,26.0,1,9.9,0,0,1
T105248,2025-11-25,R4,Train,35.5,9,30,Tuesday,11,19,0,11.1,Clear,71.0,61.0,0,1.1,1,0,0
T104312,2025-05-08,T7,Tram,8.3,17,10,Thursday,5,10,0,25.9,Clear,19.0,17.0,0,-3.0,0,0,0
T100370,2025-05-03,R4,Train,35.5,9,30,Saturday,5,15,0,25.4,Rain,28.0,35.0,0,-2.0,0,1,0
T104340,2025-01-19,M1,Metro,21.0,19,4,Sunday,1,14,0,3.2,Fog,9.0,53.0,0,-3.0,0,1,0
T100658,2025-01-27,T9,Tram,13.6,26,12,Monday,1,22,0,-4.5,Clear,27.0,44.0,0,1.4,0,0,0
T105419,2025-08-23,M1,Metro,21.0,19,4,Saturday,8,17,0,23.2,Clear,53.0,73.0,0,0.7,1,1,0
T105630,2025-06-23,M1,Metro,21.0,19,4,Monday,6,22,0,28.7,Rain,43.0,42.0,0,-3.0,0,0,0
T101808,2025-02-02,B27,Bus,9.2,24,12,Sunday,2,17,0,-2.1,Snow,61.0,62.0,0,9.3,1,1,1
T101884,2025-08-14,M3,Metro,12.2,12,6,Thursday,8,8,0,25.5,Rain,100.0,53.0,0,3.2,1,0,0
T103385,2025-04-01,M2,Metro,16.5,15,5,Tuesday,4,15,0,18.2,Rain,48.0,37.0,0,-2.0,0,0,0
T102018,2025-09-20,B45,Bus,18.0,38,15,Saturday,9,17,0,18.4,Rain,50.0,55.0,0,6.0,1,1,1
T100475,2025-10-14,B61,Bus,7.4,18,8,Tuesday,10,8,0,16.7,Clear,48.0,88.0,0,5.7,1,0,1
T103466,2025-07-16,M1,Metro,21.0,19,4,Wednesday,7,17,0,27.7,Fog,83.0,57.0,0,0.9,1,0,0
T101724,2025-07-14,R1,Train,42.0,11,20,Monday,7,7,0,18.8,Storm,71.0,81.0,0,7.1,1,0,1
T105806,2025-06-06,M3,Metro,12.2,12,6,Friday,6,14,0,17.1,Clear,8.0,8.0,0,-3.0,0,0,0
T102584,2025-05-08,B45,Bus,18.0,38,15,Thursday,5,16,0,17.7,Rain,92.0,66.0,0,9.5,1,0,1
T104229,2025-01-06,B27,Bus,9.2,24,12,Monday,1,9,0,3.3,Rain,79.0,88.0,0,9.3,1,0,1
T102357,2025-03-22,M1,Metro,21.0,19,4,Saturday,3,8,0,14.7,Fog,57.0,62.0,0,1.5,1,1,0
T105121,2025-08-14,R4,Train,35.5,9,30,Thursday,8,6,0,24.9,Rain,35.0,11.0,0,1.0,0,0,0
T105100,2025-07-20,R1,Train,42.0,11,20,Sunday,7,12,0,17.2,Clear,1.0,39.0,0,-2.4,0,1,0
T101477,2025-05-24,M3,Metro,12.2,12,6,Saturday,5,9,0,11.3,Clear,46.0,78.0,0,-0.7,1,1,0
T100597,2025-10-12,T7,Tram,8.3,17,10,Sunday,10,8,0,6.4,Rain,51.0,50.0,0,2.9,1,1,0
T101610,2025-10-11,B12,Bus,14.5,32,10,Saturday,10,19,0,10.7,Clear,50.0,61.0,0,3.7,1,1,0
T102410,2025-07-13,R1,Train,42.0,11,20,Sunday,7,10,1,28.2,Clear,21.0,32.0,0,-3.0,0,1,0
T105884,2025-02-17,M3,Metro,12.2,12,6,Monday,2,7,0,4.5,Clear,71.0,91.0,0,0.3,1,0,0
T103712,2025-10-22,T9,Tram,13.6,26,12,Wednesday,10,5,0,19.9,Fog,30.0,23.0,0,-1.8,0,0,0
T105168,2025-05-09,M2,Metro,16.5,15,5,Friday,5,12,1,17.1,Clear,28.0,25.0,0,-3.0,0,0,0
T105010,2025-11-05,T9,Tram,13.6,26,12,Wednesday,11,19,0,6.5,Clear,66.0,58.0,0,5.9,1,0,1
T103060,2025-04-01,M2,Metro,16.5,15,5,Tuesday,4,19,0,11.6,Clear,61.0,75.0,0,1.8,1,0,0
T102046,2025-06-15,T7,Tram,8.3,17,10,Sunday,6,9,0,36.1,Rain,61.0,77.0,0,4.3,1,1,0
T100923,2025-02-22,M3,Metro,12.2,12,6,Saturday,2,15,0,-4.2,Rain,2.0,19.0,0,0.8,0,1,0
T105829,2025-06-16,B61,Bus,7.4,18,8,Monday,6,7,0,22.5,Clear,79.0,87.0,0,8.7,1,0,1
T105263,2025-07-01,B45,Bus,18.0,38,15,Tuesday,7,7,0,33.2,Rain,71.0,87.0,0,10.5,1,0,1
T101437,2025-08-27,R4,Train,35.5,9,30,Wednesday,8,9,0,28.5,Rain,93.0,77.0,0,3.1,1,0,0
T103217,2025-06-06,B27,Bus,9.2,24,12,Friday,6,5,0,27.1,Clear,38.0,50.0,0,0.8,0,0,0
T101547,2025-11-07,M3,Metro,12.2,12,6,Friday,11,7,0,7.9,Fog,67.0,80.0,0,2.4,1,0,0
T102698,2025-02-16,T7,Tram,8.3,17,10,Sunday,2,19,0,5.7,Clear,73.0,61.0,0,2.3,1,1,0
T102889,2025-03-13,B27,Bus,9.2,24,12,Thursday,3,9,0,11.3,Fog,54.0,72.0,0,8.9,1,0,1
T101153,2025-11-28,M3,Metro,12.2,12,6,Friday,11,22,0,10.8,Rain,20.0,41.0,0,-1.8,0,0,0
T104243,2025-01-12,B61,Bus,7.4,18,8,Sunday,1,8,0,13.6,Rain,62.0,86.0,0,8.6,1,1,1
T104212,2025-06-01,R1,Train,42.0,11,20,Sunday,6,8,0,21.6,Storm,76.0,63.0,0,13.2,1,1,1
T101637,2025-08-15,M2,Metro,16.5,15,5,Friday,8,5,0,26.6,Storm,47.0,62.0,0,-1.1,0,0,0
T100398,2025-04-13,T9,Tram,13.6,26,12,Sunday,4,13,0,12.9,Rain,8.0,18.0,0,-3.0,0,1,0
T105761,2025-03-01,B61,Bus,7.4,18,8,Saturday,3,12,0,11.3,Clear,1.0,35.0,0,-3.0,0,1,0
T103977,2025-12-27,R4,Train,35.5,9,30,Saturday,12,15,0,-2.5,Snow,6.0,67.0,0,0.4,0,1,0
T104154,2025-03-24,T7,Tram,8.3,17,10,Monday,3,16,0,16.5,Fog,93.0,90.0,0,9.3,1,0,1
T104067,2025-06-03,T9,Tram,13.6,26,12,Tuesday,6,14,0,24.9,Rain,35.0,55.0,0,-2.1,0,0,0
T103300,2025-08-21,B45,Bus,18.0,38,15,Thursday,8,19,0,29.5,Clear,61.0,72.0,0,5.6,1,0,1
T101382,2025-05-07,B45,Bus,18.0,38,15,Wednesday,5,20,0,22.4,Clear,40.0,18.0,1,12.3,0,0,1
T103129,2025-10-16,B27,Bus,9.2,24,12,Thursday,10,22,1,14.3,Clear,13.0,36.0,0,-3.0,0,0,0
T103621,2025-03-23,T9,Tram,13.6,26,12,Sunday,3,21,0,2.5,Clear,20.0,26.0,0,-3.0,0,1,0
T105721,2025-06-01,M1,Metro,21.0,19,4,Sunday,6,20,0,23.6,Clear,15.0,51.0,0,-3.0,0,1,0
T102155,2025-06-28,T9,Tram,13.6,26,12,Saturday,6,11,0,19.4,Fog,1.0,29.0,0,-1.8,0,1,0
T100846,2025-02-27,B27,Bus,9.2,24,12,Thursday,2,7,0,8.2,Rain,56.0,79.0,0,9.8,1,0,1
T104851,2025-09-22,M1,Metro,21.0,19,4,Monday,9,16,0,13.6,Clear,73.0,94.0,0,1.2,1,0,0
T101014,2025-07-09,T7,Tram,8.3,17,10,Wednesday,7,19,0,31.0,Clear,54.0,57.0,0,2.5,1,0,0
T100402,2025-04-27,B61,Bus,7.4,18,8,Sunday,4,8,0,11.5,Clear,39.0,71.0,0,4.4,1,1,0
T103107,2025-05-15,M2,Metro,16.5,15,5,Thursday,5,19,0,14.7,Rain,49.0,80.0,0,4.3,1,0,0
T103170,2025-08-18,T9,Tram,13.6,26,12,Monday,8,19,0,28.9,Rain,78.0,114.0,0,6.9,1,0,1
T102597,2025-09-21,T9,Tram,13.6,26,12,Sunday,9,9,0,20.6,Clear,64.0,73.0,0,4.1,1,1,0
T103302,2025-08-08,T9,Tram,13.6,26,12,Friday,8,16,0,26.3,Fog,74.0,87.0,0,7.4,1,0,1
T102504,2025-01-19,B27,Bus,9.2,24,12,Sunday,1,17,0,-6.2,Rain,57.0,62.0,0,10.1,1,1,1
T101244,2025-11-16,M2,Metro,16.5,15,5,Sunday,11,10,0,8.6,Fog,52.0,40.0,0,-3.0,0,1,0
T100711,2025-07-10,T3,Tram,11.0,22,8,Thursday,7,12,0,22.8,Rain,40.0,32.0,0,-3.0,0,0,0
T102459,2025-01-22,B61,Bus,7.4,18,8,Wednesday,1,21,0,5.4,Clear,43.0,43.0,0,-1.1,0,0,0
T105636,2025-04-03,T3,Tram,11.0,22,8,Thursday,4,20,0,15.2,Clear,8.0,43.0,0,-3.0,0,0,0
T101092,2025-11-04,T7,Tram,8.3,17,10,Tuesday,11,12,0,13.4,Rain,44.0,48.0,0,-2.8,0,0,0
T101626,2025-07-30,B45,Bus,18.0,38,15,Wednesday,7,20,0,23.7,Rain,32.0,33.0,0,-1.2,0,0,0
T101668,2025-07-14,B61,Bus,7.4,18,8,Monday,7,5,0,20.2,Rain,41.0,17.0,0,0.3,0,0,0
T102220,2025-12-12,B61,Bus,7.4,18,8,Friday,12,18,1,-3.8,Clear,71.0,86.0,0,4.6,1,0,0
T102497,2025-11-21,B45,Bus,18.0,38,15,Friday,11,12,0,8.7,Clear,31.0,60.0,0,-0.5,0,0,0
T100122,2025-08-27,M3,Metro,12.2,12,6,Wednesday,8,14,0,27.1,Clear,42.0,33.0,0,-3.0,0,0,0
T104361,2025-10-14,M1,Metro,21.0,19,4,Tuesday,10,18,0,15.1,Clear,60.0,73.0,0,5.2,1,0,1
T105282,2025-10-29,B27,Bus,9.2,24,12,Wednesday,10,10,0,18.6,Clear,38.0,28.0,0,-3.0,0,0,0
T102393,2025-03-22,B27,Bus,9.2,24,12,Saturday,3,15,0,0.3,Clear,20.0,10.0,0,1.4,0,1,0
T102073,2025-05-05,B61,Bus,7.4,18,8,Monday,5,19,0,24.6,Clear,70.0,78.0,0,4.8,1,0,0
T105999,2025-02-05,M3,Metro,12.2,12,6,Wednesday,2,10,0,3.6,Rain,35.0,58.0,0,-3.0,0,0,0
T101351,2025-05-24,R1,Train,42.0,11,20,Saturday,5,8,1,23.1,Fog,81.0,74.0,0,2.7,1,1,0
T103311,2025-05-27,R1,Train,42.0,11,20,Tuesday,5,19,0,20.1,Clear,74.0,73.0,0,3.8,1,0,0
T102587,2025-04-28,M1,Metro,21.0,19,4,Monday,4,8,0,18.5,Fog,62.0,91.0,0,4.6,1,0,0
T102422,2025-02-07,B45,Bus,18.0,38,15,Friday,2,21,0,-1.5,Clear,54.0,66.0,0,-1.3,0,0,0
T101121,2025-01-31,M2,Metro,16.5,15,5,Friday,1,8,0,-0.8,Rain,69.0,85.0,0,5.2,1,0,1
T101211,2025-10-13,B12,Bus,14.5,32,10,Monday,10,12,0,24.8,Clear,32.0,30.0,0,-2.1,0,0,0
T101083,2025-07-22,T9,Tram,13.6,26,12,Tuesday,7,16,0,24.4,Clear,85.0,90.0,0,5.7,1,0,1
T103404,2025-05-24,M3,Metro,12.2,12,6,Saturday,5,21,1,20.1,Rain,26.0,21.0,0,-3.0,0,1,0
T103318,2025-04-04,T7,Tram,8.3,17,10,Friday,4,9,0,17.6,Clear,60.0,53.0,0,3.3,1,0,0
T105215,2025-03-26,M1,Metro,21.0,19,4,Wednesday,3,16,0,14.7,Clear,64.0,71.0,0,-1.0,1,0,0
T104632,2025-04-11,T9,Tram,13.6,26,12,Friday,4,10,0,9.4,Rain,14.0,38.0,0,-2.7,0,0,0
T100871,2025-03-15,T9,Tram,13.6,26,12,Saturday,3,11,1,9.6,Clear,26.0,11.0,0,-3.0,0,1,0
T101659,2025-04-03,M1,Metro,21.0,19,4,Thursday,4,6,0,17.1,Rain,43.0,48.0,0,-3.0,0,0,0
T104673,2025-11-13,M2,Metro,16.5,15,5,Thursday,11,21,0,11.4,Rain,56.0,27.0,0,-3.0,0,0,0
T102001,2025-01-23,M2,Metro,16.5,15,5,Thursday,1,16,0,4.4,Rain,83.0,90.0,0,1.7,1,0,0
T103966,2025-10-14,M3,Metro,12.2,12,6,Tuesday,10,9,0,14.7,Clear,63.0,69.0,0,0.5,1,0,0
T102512,2025-12-18,R1,Train,42.0,11,20,Thursday,12,17,0,1.8,Rain,73.0,98.0,0,5.3,1,0,1
T101379,2025-07-17,T3,Tram,11.0,22,8,Thursday,7,17,0,26.4,Clear,67.0,41.0,0,2.8,1,0,0
T103538,2025-07-12,T9,Tram,13.6,26,12,Saturday,7,15,0,29.3,Rain,11.0,48.0,0,-3.0,0,1,0
T103957,2025-09-25,M3,Metro,12.2,12,6,Thursday,9,19,0,22.7,Clear,85.0,70.0,0,-2.0,1,0,0
T102786,2025-04-14,B45,Bus,18.0,38,15,Monday,4,21,0,24.4,Clear,25.0,67.0,0,-3.0,0,0,0
T105672,2025-12-14,R1,Train,42.0,11,20,Sunday,12,15,0,9.6,Clear,8.0,24.0,0,-3.0,0,1,0
T102013,2025-12-03,T7,Tram,8.3,17,10,Wednesday,12,17,0,4.8,Storm,67.0,72.0,0,8.1,1,0,1
T104986,2025-12-19,R1,Train,42.0,11,20,Friday,12,8,0,8.2,Clear,57.0,67.0,0,4.1,1,0,0
T102405,2025-10-30,B27,Bus,9.2,24,12,Thursday,10,10,0,13.9,Clear,32.0,24.0,0,-2.7,0,0,0
T102298,2025-03-23,B12,Bus,14.5,32,10,Sunday,3,16,0,10.0,Storm,50.0,76.0,0,11.9,1,1,1
T103739,2025-10-31,M1,Metro,21.0,19,4,Friday,10,16,0,15.0,Rain,42.0,94.0,0,1.3,1,0,0
T102462,2025-06-23,M2,Metro,16.5,15,5,Monday,6,22,0,27.1,Rain,17.0,74.0,0,-0.4,0,0,0
T101115,2025-06-28,R4,Train,35.5,9,30,Saturday,6,9,0,29.0,Storm,67.0,72.0,0,6.6,1,1,1
T102804,2025-03-04,T9,Tram,13.6,26,12,Tuesday,3,21,0,9.5,Clear,41.0,32.0,0,-3.0,0,0,0
T101031,2025-03-05,M3,Metro,12.2,12,6,Wednesday,3,18,0,8.2,Clear,68.0,83.0,0,2.8,1,0,0
T105120,2025-10-25,B61,Bus,7.4,18,8,Saturday,10,17,0,17.1,Clear,46.0,90.0,0,8.2,1,1,1
T103387,2025-09-26,R1,Train,42.0,11,20,Friday,9,7,0,20.3,Clear,88.0,94.0,0,4.5,1,0,0
T101025,2025-01-21,R4,Train,35.5,9,30,Tuesday,1,22,0,5.5,Rain,27.0,27.0,0,-3.0,0,0,0
T102760,2025-02-18,R4,Train,35.5,9,30,Tuesday,2,10,0,0.9,Snow,50.0,67.0,0,1.0,0,0,0
T101289,2025-08-15,B12,Bus,14.5,32,10,Friday,8,9,0,21.1,Clear,64.0,92.0,0,8.4,1,0,1
T105105,2025-08-23,T3,Tram,11.0,22,8,Saturday,8,9,0,22.1,Clear,58.0,49.0,0,2.9,1,1,0
T103677,2025-10-08,B27,Bus,9.2,24,12,Wednesday,10,11,0,16.9,Clear,36.0,55.0,0,-2.7,0,0,0
T104225,2025-03-06,M3,Metro,12.2,12,6,Thursday,3,6,0,7.3,Rain,43.0,39.0,0,-0.3,0,0,0
T102004,2025-10-19,R4,Train,35.5,9,30,Sunday,10,18,0,12.9,Rain,62.0,49.0,0,2.7,1,1,0
T101629,2025-02-16,T7,Tram,8.3,17,10,Sunday,2,6,0,4.8,Rain,23.0,20.0,0,-3.0,0,1,0
T102117,2025-07-17,T3,Tram,11.0,22,8,Thursday,7,9,0,22.8,Rain,77.0,59.0,0,6.1,1,0,1
T100462,2025-10-01,B45,Bus,18.0,38,15,Wednesday,10,18,0,10.8,Fog,56.0,98.0,0,13.3,1,0,1
T102133,2025-05-26,B61,Bus,7.4,18,8,Monday,5,7,0,22.5,Storm,65.0,88.0,0,11.2,1,0,1
T100287,2025-07-28,B12,Bus,14.5,32,10,Monday,7,13,0,13.6,Rain,38.0,47.0,0,-0.0,0,0,0
T101020,2025-01-21,T9,Tram,13.6,26,12,Tuesday,1,22,0,2.8,Fog,13.0,48.0,0,-3.0,0,0,0
T102263,2025-07-08,M1,Metro,21.0,19,4,Tuesday,7,20,0,31.3,Clear,28.0,31.0,0,-3.0,0,0,0
T104086,2025-04-09,T9,Tram,13.6,26,12,Wednesday,4,15,0,12.9,Clear,48.0,41.0,0,-3.0,0,0,0
T102570,2025-10-20,R4,Train,35.5,9,30,Monday,10,18,0,15.5,Clear,62.0,62.0,0,2.0,1,0,0
T103139,2025-06-30,T9,Tram,13.6,26,12,Monday,6,19,0,22.7,Clear,75.0,73.0,0,3.0,1,0,0
T104875,2025-08-31,B45,Bus,18.0,38,15,Sunday,8,12,0,28.7,Rain,24.0,59.0,0,-1.5,0,1,0
T105133,2025-01-16,M1,Metro,21.0,19,4,Thursday,1,9,0,14.7,Fog,63.0,86.0,0,4.0,1,0,0
T103887,2025-03-06,R4,Train,35.5,9,30,Thursday,3,22,0,14.3,Clear,30.0,45.0,0,-3.0,0,0,0
T100554,2025-12-26,T3,Tram,11.0,22,8,Friday,12,17,0,0.2,Rain,44.0,73.0,0,3.6,1,0,0
T103930,2025-09-16,T3,Tram,11.0,22,8,Tuesday,9,16,0,17.7,Clear,63.0,65.0,0,5.2,1,0,1
T103026,2025-02-11,R4,Train,35.5,9,30,Tuesday,2,18,0,8.1,Clear,66.0,85.0,0,4.3,1,0,0
T103093,2025-03-29,R4,Train,35.5,9,30,Saturday,3,19,0,6.4,Fog,73.0,55.0,0,5.2,1,1,1
T104258,2025-08-09,T9,Tram,13.6,26,12,Saturday,8,9,0,26.8,Rain,64.0,83.0,0,8.9,1,1,1
T105957,2025-09-19,B27,Bus,9.2,24,12,Friday,9,19,0,19.8,Storm,74.0,87.0,0,12.7,1,0,1
T103796,2025-09-08,M1,Metro,21.0,19,4,Monday,9,18,0,12.3,Clear,73.0,68.0,0,1.2,1,0,0
T103711,2025-12-31,R4,Train,35.5,9,30,Wednesday,12,16,0,1.9,Snow,73.0,73.0,0,11.1,1,0,1
T103051,2025-03-05,T9,Tram,13.6,26,12,Wednesday,3,14,0,1.0,Clear,25.0,35.0,0,-3.0,0,0,0
T105304,2025-03-27,M2,Metro,16.5,15,5,Thursday,3,15,0,2.7,Fog,35.0,11.0,0,-3.0,0,0,0
T103368,2025-06-04,M3,Metro,12.2,12,6,Wednesday,6,5,0,24.6,Clear,24.0,49.0,1,10.7,0,0,1
T101882,2025-03-06,R4,Train,35.5,9,30,Thursday,3,7,1,4.5,Clear,62.0,93.0,0,1.2,1,0,0
T104979,2025-08-11,M2,Metro,16.5,15,5,Monday,8,18,1,23.4,Clear,100.0,75.0,0,-3.0,1,0,0
T103188,2025-01-22,T3,Tram,11.0,22,8,Wednesday,1,12,0,8.1,Clear,27.0,20.0,0,-3.0,0,0,0
T102890,2025-02-24,R1,Train,42.0,11,20,Monday,2,11,0,7.0,Clear,30.0,67.0,0,-3.0,0,0,0
T103506,2025-11-02,B45,Bus,18.0,38,15,Sunday,11,18,0,5.1,Rain,73.0,61.0,0,10.1,1,1,1
T105605,2025-01-23,M3,Metro,12.2,12,6,Thursday,1,8,0,5.3,Clear,58.0,77.0,0,0.1,1,0,0
T100877,2025-09-29,B12,Bus,14.5,32,10,Monday,9,16,0,20.3,Rain,86.0,79.0,0,13.0,1,0,1
T101384,2025-05-22,M1,Metro,21.0,19,4,Thursday,5,8,0,30.4,Rain,77.0,84.0,0,4.7,1,0,0
T100828,2025-11-12,T7,Tram,8.3,17,10,Wednesday,11,13,0,8.8,Rain,47.0,43.0,0,-3.0,0,0,0
T105969,2025-01-25,M2,Metro,16.5,15,5,Saturday,1,19,0,-6.4,Snow,67.0,96.0,0,6.0,1,1,1
T105470,2025-08-05,T7,Tram,8.3,17,10,Tuesday,8,8,0,29.0,Rain,82.0,97.0,0,8.1,1,0,1
T103460,2025-06-01,B27,Bus,9.2,24,12,Sunday,6,22,0,26.5,Fog,11.0,25.0,0,2.7,0,1,0
T105866,2025-09-20,M1,Metro,21.0,19,4,Saturday,9,9,0,20.3,Fog,42.0,95.0,0,6.3,1,1,1
T100045,2025-12-21,T7,Tram,8.3,17,10,Sunday,12,9,0,-0.2,Fog,36.0,74.0,0,3.7,1,1,0
T104921,2025-11-15,M2,Metro,16.5,15,5,Saturday,11,19,0,3.2,Snow,67.0,70.0,0,3.5,1,1,0
T105359,2025-05-05,T3,Tram,11.0,22,8,Monday,5,17,0,22.9,Rain,68.0,86.0,0,4.5,1,0,0
T100403,2025-12-21,R4,Train,35.5,9,30,Sunday,12,11,0,7.7,Clear,26.0,9.0,0,-2.8,0,1,0
T102368,2025-03-01,T7,Tram,8.3,17,10,Saturday,3,7,0,8.5,Storm,42.0,53.0,0,9.2,1,1,1
T100099,2025-02-21,B45,Bus,18.0,38,15,Friday,2,17,0,6.2,Clear,70.0,65.0,0,8.4,1,0,1
T103016,2025-07-14,T3,Tram,11.0,22,8,Monday,7,19,0,20.2,Clear,64.0,63.0,0,5.7,1,0,1
T105953,2025-08-27,M3,Metro,12.2,12,6,Wednesday,8,15,0,25.0,Clear,39.0,51.0,0,0.1,0,0,0
T102378,2025-12-27,R4,Train,35.5,9,30,Saturday,12,18,0,0.8,Snow,61.0,56.0,0,5.0,1,1,0
T104623,2025-01-29,B61,Bus,7.4,18,8,Wednesday,1,8,1,0.7,Clear,54.0,71.0,0,1.5,1,0,0
T100185,2025-06-12,R1,Train,42.0,11,20,Thursday,6,8,0,15.4,Clear,53.0,72.0,0,7.3,1,0,1
T103852,2025-02-08,R1,Train,42.0,11,20,Saturday,2,19,0,5.5,Clear,47.0,62.0,0,1.1,1,1,0
T104082,2025-10-08,B45,Bus,18.0,38,15,Wednesday,10,16,0,16.9,Clear,74.0,69.0,1,20.1,1,0,1
T100623,2025-06-02,R4,Train,35.5,9,30,Monday,6,16,0,23.3,Clear,57.0,61.0,0,0.6,1,0,0
T101725,2025-10-13,M2,Metro,16.5,15,5,Monday,10,8,0,18.8,Rain,75.0,81.0,0,0.6,1,0,0
T104945,2025-09-22,R4,Train,35.5,9,30,Monday,9,16,0,19.3,Clear,82.0,81.0,0,1.6,1,0,0
T102102,2025-03-04,B45,Bus,18.0,38,15,Tuesday,3,10,0,6.1,Clear,41.0,37.0,0,-2.4,0,0,0
T100643,2025-06-25,T7,Tram,8.3,17,10,Wednesday,6,9,0,20.8,Snow,64.0,87.0,0,7.3,1,0,1
T103659,2025-06-30,R1,Train,42.0,11,20,Monday,6,7,0,27.5,Rain,72.0,90.0,0,4.9,1,0,0
T102118,2025-07-19,T7,Tram,8.3,17,10,Saturday,7,7,0,25.9,Clear,58.0,83.0,0,4.9,1,1,0
T104489,2025-05-21,T7,Tram,8.3,17,10,Wednesday,5,19,0,14.5,Rain,46.0,93.0,0,8.5,1,0,1
T103350,2025-02-28,M2,Metro,16.5,15,5,Friday,2,9,0,2.4,Clear,59.0,67.0,0,1.8,1,0,0
T105868,2025-12-04,B27,Bus,9.2,24,12,Thursday,12,17,0,13.2,Rain,90.0,69.0,1,22.5,1,0,1
T105752,2025-02-13,T9,Tram,13.6,26,12,Thursday,2,6,0,4.7,Rain,46.0,35.0,0,0.5,0,0,0
T103986,2025-04-24,T7,Tram,8.3,17,10,Thursday,4,5,1,15.6,Rain,35.0,38.0,0,-3.0,0,0,0
T104162,2025-07-25,T3,Tram,11.0,22,8,Friday,7,8,0,13.0,Clear,60.0,84.0,0,4.6,1,0,0
T100627,2025-05-15,M1,Metro,21.0,19,4,Thursday,5,18,0,24.5,Clear,63.0,73.0,0,-0.2,1,0,0
T105209,2025-01-12,T9,Tram,13.6,26,12,Sunday,1,19,0,4.1,Clear,42.0,48.0,0,1.0,1,1,0
T102007,2025-02-25,B45,Bus,18.0,38,15,Tuesday,2,6,0,2.3,Snow,33.0,48.0,0,0.9,0,0,0
T105206,2025-09-15,T7,Tram,8.3,17,10,Monday,9,7,0,13.2,Clear,86.0,99.0,0,3.9,1,0,0
T101558,2025-12-30,B27,Bus,9.2,24,12,Tuesday,12,8,0,3.7,Clear,67.0,94.0,0,7.8,1,0,1
T104025,2025-02-21,B45,Bus,18.0,38,15,Friday,2,18,0,7.4,Rain,67.0,52.0,0,7.0,1,0,1
T104991,2025-07-10,B61,Bus,7.4,18,8,Thursday,7,9,0,22.2,Clear,56.0,80.0,0,6.1,1,0,1
T103344,2025-07-16,R4,Train,35.5,9,30,Wednesday,7,18,0,23.1,Clear,79.0,69.0,0,1.3,1,0,0
T100607,2025-07-07,R4,Train,35.5,9,30,Monday,7,16,0,27.7,Clear,73.0,76.0,0,1.5,1,0,0
T103056,2025-10-20,R1,Train,42.0,11,20,Monday,10,17,0,18.9,Rain,76.0,67.0,0,4.8,1,0,0
T104789,2025-08-06,T7,Tram,8.3,17,10,Wednesday,8,18,0,24.0,Clear,79.0,58.0,0,3.7,1,0,0
T102792,2025-09-21,M1,Metro,21.0,19,4,Sunday,9,7,0,21.2,Clear,50.0,44.0,0,-1.7,1,1,0
T101035,2025-09-29,B45,Bus,18.0,38,15,Monday,9,15,0,26.1,Rain,41.0,30.0,0,2.0,0,0,0
T105584,2025-06-17,T3,Tram,11.0,22,8,Tuesday,6,14,1,25.4,Clear,41.0,26.0,0,-3.0,0,0,0
T104446,2025-04-23,T7,Tram,8.3,17,10,Wednesday,4,12,0,19.7,Storm,33.0,33.0,0,3.2,0,0,0
T102091,2025-04-30,B61,Bus,7.4,18,8,Wednesday,4,18,0,7.2,Clear,61.0,95.0,0,7.8,1,0,1
T104642,2025-12-14,M3,Metro,12.2,12,6,Sunday,12,9,0,3.4,Rain,65.0,67.0,0,2.8,1,1,0
T102961,2025-06-03,T7,Tram,8.3,17,10,Tuesday,6,9,0,22.6,Clear,56.0,92.0,0,2.6,1,0,0
T105987,2025-07-20,R1,Train,42.0,11,20,Sunday,7,9,0,28.3,Clear,38.0,68.0,0,0.7,1,1,0
T100750,2025-12-17,M2,Metro,16.5,15,5,Wednesday,12,8,0,6.5,Rain,68.0,51.0,0,1.2,1,0,0
T100499,2025-06-05,T7,Tram,8.3,17,10,Thursday,6,7,0,15.9,Clear,64.0,81.0,0,3.8,1,0,0
T100942,2025-11-30,T9,Tram,13.6,26,12,Sunday,11,14,0,4.5,Clear,32.0,45.0,1,11.1,0,1,1
T104438,2025-05-06,B12,Bus,14.5,32,10,Tuesday,5,10,0,20.4,Storm,21.0,66.0,0,1.1,0,0,0
T101390,2025-04-22,R4,Train,35.5,9,30,Tuesday,4,7,0,9.4,Clear,73.0,65.0,0,1.3,1,0,0
T103019,2025-09-29,B61,Bus,7.4,18,8,Monday,9,7,0,17.9,Clear,74.0,95.0,0,8.1,1,0,1
T102341,2025-05-24,R4,Train,35.5,9,30,Saturday,5,19,0,15.9,Clear,48.0,68.0,0,2.9,1,1,0
T100121,2025-09-01,M1,Metro,21.0,19,4,Monday,9,7,0,24.8,Rain,74.0,80.0,0,1.4,1,0,0
T101923,2025-06-08,B27,Bus,9.2,24,12,Sunday,6,15,0,24.9,Clear,16.0,20.0,0,-3.0,0,1,0
T100931,2025-09-13,M3,Metro,12.2,12,6,Saturday,9,6,0,11.4,Clear,12.0,22.0,0,-3.0,0,1,0
T105362,2025-08-01,T9,Tram,13.6,26,12,Friday,8,11,0,24.8,Rain,50.0,34.0,1,12.6,0,0,1
T100857,2025-01-21,R4,Train,35.5,9,30,Tuesday,1,19,0,1.8,Clear,64.0,73.0,0,3.6,1,0,0
T102903,2025-08-14,R4,Train,35.5,9,30,Thursday,8,17,0,26.2,Clear,57.0,74.0,0,7.2,1,0,1
T101943,2025-01-11,B27,Bus,9.2,24,12,Saturday,1,17,0,-3.6,Clear,41.0,66.0,0,3.1,1,1,0
T102202,2025-01-15,M1,Metro,21.0,19,4,Wednesday,1,18,0,7.0,Fog,58.0,83.0,0,8.3,1,0,1
T101261,2025-12-04,B27,Bus,9.2,24,12,Thursday,12,16,0,4.4,Fog,58.0,80.0,0,7.3,1,0,1
T100034,2025-11-21,B45,Bus,18.0,38,15,Friday,11,10,0,8.5,Clear,27.0,38.0,1,11.7,0,0,1
T104409,2025-04-28,B45,Bus,18.0,38,15,Monday,4,19,0,16.1,Storm,82.0,77.0,0,14.6,1,0,1
T103432,2025-03-17,R1,Train,42.0,11,20,Monday,3,20,0,3.1,Rain,15.0,23.0,0,-3.0,0,0,0
T102617,2025-01-20,R4,Train,35.5,9,30,Monday,1,22,0,1.7,Clear,20.0,39.0,0,-3.0,0,0,0
T100946,2025-12-22,T7,Tram,8.3,17,10,Monday,12,15,0,3.9,Clear,50.0,27.0,0,-3.0,0,0,0
T100785,2025-08-03,R4,Train,35.5,9,30,Sunday,8,20,0,18.7,Rain,23.0,18.0,0,-3.0,0,1,0
T104096,2025-07-15,R4,Train,35.5,9,30,Tuesday,7,18,0,30.6,Clear,79.0,101.0,0,3.9,1,0,0
T104032,2025-04-09,R1,Train,42.0,11,20,Wednesday,4,18,0,21.5,Rain,71.0,98.0,0,4.5,1,0,0
T100061,2025-09-29,M3,Metro,12.2,12,6,Monday,9,8,1,25.3,Clear,78.0,89.0,0,-0.4,1,0,0
T105096,2025-08-13,M3,Metro,12.2,12,6,Wednesday,8,9,0,24.2,Clear,62.0,90.0,0,2.4,1,0,0
T103309,2025-12-11,T7,Tram,8.3,17,10,Thursday,12,6,0,-0.6,Clear,26.0,33.0,0,-3.0,0,0,0
T103007,2025-06-05,T7,Tram,8.3,17,10,Thursday,6,18,0,24.2,Clear,74.0,90.0,0,5.0,1,0,0
T102560,2025-07-30,R4,Train,35.5,9,30,Wednesday,7,9,0,26.3,Storm,67.0,71.0,0,7.6,1,0,1
T101845,2025-08-14,T3,Tram,11.0,22,8,Thursday,8,8,0,22.7,Storm,90.0,68.0,0,11.1,1,0,1
T101216,2025-07-05,M1,Metro,21.0,19,4,Saturday,7,21,0,24.8,Rain,46.0,41.0,0,-3.0,0,1,0
T105617,2025-03-09,B12,Bus,14.5,32,10,Sunday,3,17,0,16.1,Clear,61.0,57.0,0,5.3,1,1,1
T104690,2025-01-01,T3,Tram,11.0,22,8,Wednesday,1,20,0,-1.1,Clear,30.0,42.0,0,-3.0,0,0,0
T105950,2025-05-27,M2,Metro,16.5,15,5,Tuesday,5,16,1,25.4,Rain,67.0,91.0,0,0.3,1,0,0
T100139,2025-06-09,T7,Tram,8.3,17,10,Monday,6,17,0,24.6,Rain,93.0,97.0,0,7.0,1,0,1
T100183,2025-09-12,R1,Train,42.0,11,20,Friday,9,16,0,28.4,Clear,57.0,57.0,0,2.5,1,0,0
T104830,2025-05-08,B61,Bus,7.4,18,8,Thursday,5,5,0,15.7,Clear,49.0,30.0,1,13.2,0,0,1
T101135,2025-01-22,T7,Tram,8.3,17,10,Wednesday,1,14,0,2.8,Rain,28.0,24.0,0,-2.2,0,0,0
T105426,2025-10-29,R4,Train,35.5,9,30,Wednesday,10,19,0,14.7,Storm,49.0,71.0,0,9.5,1,0,1
T104701,2025-01-21,R1,Train,42.0,11,20,Tuesday,1,7,0,3.2,Snow,64.0,84.0,0,7.7,1,0,1
T100427,2025-10-21,M1,Metro,21.0,19,4,Tuesday,10,19,0,15.3,Storm,60.0,88.0,0,5.4,1,0,1
T103471,2025-09-30,M2,Metro,16.5,15,5,Tuesday,9,18,0,18.9,Storm,60.0,88.0,0,8.8,1,0,1
T101535,2025-01-12,T3,Tram,11.0,22,8,Sunday,1,20,0,2.1,Snow,5.0,48.0,0,1.2,0,1,0
T104182,2025-02-06,B12,Bus,14.5,32,10,Thursday,2,9,0,3.4,Snow,60.0,86.0,0,10.4,1,0,1
T102498,2025-01-12,M1,Metro,21.0,19,4,Sunday,1,5,0,-3.0,Snow,5.0,25.0,0,-2.1,0,1,0
T101575,2025-04-27,B27,Bus,9.2,24,12,Sunday,4,10,0,15.5,Clear,14.0,53.0,0,-3.0,0,1,0
T105978,2025-03-17,R4,Train,35.5,9,30,Monday,3,7,0,9.8,Clear,72.0,78.0,0,3.5,1,0,0
T100632,2025-06-08,B45,Bus,18.0,38,15,Sunday,6,13,0,20.9,Clear,28.0,16.0,0,-2.9,0,1,0
T102824,2025-08-14,M2,Metro,16.5,15,5,Thursday,8,21,0,20.2,Clear,40.0,35.0,0,-3.0,0,0,0
T101922,2025-10-29,T9,Tram,13.6,26,12,Wednesday,10,11,0,15.9,Clear,46.0,51.0,0,1.0,0,0,0
T101293,2025-01-02,T3,Tram,11.0,22,8,Thursday,1,7,0,-0.1,Clear,62.0,72.0,0,1.6,1,0,0
T101618,2025-02-14,B61,Bus,7.4,18,8,Friday,2,11,0,3.0,Storm,7.0,34.0,0,6.8,0,0,1
T100120,2025-06-10,B45,Bus,18.0,38,15,Tuesday,6,7,0,22.4,Rain,64.0,90.0,0,8.3,1,0,1
T102573,2025-05-23,R1,Train,42.0,11,20,Friday,5,19,0,20.2,Clear,78.0,58.0,0,2.1,1,0,0
T105797,2025-08-16,T9,Tram,13.6,26,12,Saturday,8,7,0,29.8,Clear,79.0,86.0,0,5.9,1,1,1
T100181,2025-02-25,R1,Train,42.0,11,20,Tuesday,2,10,0,1.5,Clear,38.0,37.0,0,-3.0,0,0,0
T105466,2025-01-13,M3,Metro,12.2,12,6,Monday,1,18,0,5.3,Fog,63.0,71.0,0,2.0,1,0,0
T101027,2025-04-13,R4,Train,35.5,9,30,Sunday,4,17,0,22.4,Clear,44.0,47.0,0,1.9,1,1,0
T101556,2025-11-24,M3,Metro,12.2,12,6,Monday,11,8,1,12.7,Clear,57.0,75.0,0,-1.9,1,0,0
T102958,2025-07-07,T7,Tram,8.3,17,10,Monday,7,8,0,34.6,Clear,82.0,89.0,0,3.0,1,0,0
T104295,2025-12-29,T7,Tram,8.3,17,10,Monday,12,11,0,4.7,Rain,19.0,27.0,0,-2.7,0,0,0
T104965,2025-02-08,T3,Tram,11.0,22,8,Saturday,2,18,0,-3.0,Rain,48.0,65.0,0,4.3,1,1,0
T100990,2025-05-06,T9,Tram,13.6,26,12,Tuesday,5,7,0,17.2,Fog,76.0,71.0,0,5.2,1,0,1
T103530,2025-05-19,M2,Metro,16.5,15,5,Monday,5,6,0,13.8,Fog,29.0,25.0,0,-3.0,0,0,0
T104917,2025-04-10,B45,Bus,18.0,38,15,Thursday,4,16,0,16.2,Clear,85.0,68.0,0,8.1,1,0,1
T103175,2025-07-23,R1,Train,42.0,11,20,Wednesday,7,22,0,25.4,Clear,52.0,35.0,1,10.7,0,0,1
T102264,2025-02-08,B12,Bus,14.5,32,10,Saturday,2,19,0,9.5,Rain,41.0,58.0,0,6.5,1,1,1
T102363,2025-02-13,B27,Bus,9.2,24,12,Thursday,2,19,0,3.7,Clear,63.0,76.0,0,5.4,1,0,1
T101999,2025-04-13,B45,Bus,18.0,38,15,Sunday,4,13,0,12.8,Clear,36.0,42.0,0,-0.8,0,1,0
T100455,2025-07-22,B45,Bus,18.0,38,15,Tuesday,7,18,0,31.1,Clear,74.0,72.0,0,8.0,1,0,1
T100293,2025-05-02,M2,Metro,16.5,15,5,Friday,5,22,0,14.7,Clear,19.0,24.0,0,-3.0,0,0,0
T105119,2025-01-12,B27,Bus,9.2,24,12,Sunday,1,16,0,-3.5,Clear,47.0,64.0,0,8.0,1,1,1
T103265,2025-08-23,B61,Bus,7.4,18,8,Saturday,8,5,0,26.5,Clear,15.0,43.0,0,-2.6,0,1,0
T102832,2025-04-20,R4,Train,35.5,9,30,Sunday,4,7,0,16.2,Clear,50.0,63.0,0,4.0,1,1,0
T102711,2025-01-09,M2,Metro,16.5,15,5,Thursday,1,16,0,2.0,Fog,89.0,85.0,1,24.3,1,0,1
T105482,2025-04-21,B12,Bus,14.5,32,10,Monday,4,8,0,7.9,Clear,69.0,68.0,0,10.3,1,0,1
T103972,2025-02-15,M1,Metro,21.0,19,4,Saturday,2,9,0,3.3,Rain,46.0,71.0,0,3.9,1,1,0
T103400,2025-10-25,T7,Tram,8.3,17,10,Saturday,10,19,0,18.9,Rain,55.0,65.0,0,6.9,1,1,1
T102747,2025-10-23,B27,Bus,9.2,24,12,Thursday,10,16,0,15.6,Rain,96.0,64.0,0,10.7,1,0,1
T101962,2025-02-22,M1,Metro,21.0,19,4,Saturday,2,22,0,7.3,Rain,8.0,22.0,1,9.1,0,1,1
T105932,2025-05-04,B12,Bus,14.5,32,10,Sunday,5,19,0,19.4,Clear,35.0,67.0,0,2.7,1,1,0
T101113,2025-04-17,T7,Tram,8.3,17,10,Thursday,4,20,0,13.1,Rain,28.0,38.0,1,9.8,0,0,1
T102448,2025-10-12,M3,Metro,12.2,12,6,Sunday,10,18,0,11.8,Clear,48.0,77.0,0,4.3,1,1,0
T100150,2025-11-09,B12,Bus,14.5,32,10,Sunday,11,13,0,-0.9,Clear,18.0,24.0,0,-3.0,0,1,0
T101343,2025-07-29,M1,Metro,21.0,19,4,Tuesday,7,19,0,22.2,Clear,57.0,83.0,0,1.2,1,0,0
T104883,2025-02-28,M3,Metro,12.2,12,6,Friday,2,9,0,-4.8,Clear,67.0,79.0,0,1.1,1,0,0
T101131,2025-09-02,M3,Metro,12.2,12,6,Tuesday,9,19,0,21.5,Clear,54.0,84.0,0,4.7,1,0,0
T105921,2025-10-19,B12,Bus,14.5,32,10,Sunday,10,14,0,8.0,Clear,2.0,63.0,0,-3.0,0,1,0
T105244,2025-05-09,T9,Tram,13.6,26,12,Friday,5,11,0,16.6,Clear,40.0,41.0,0,-3.0,0,0,0
T100298,2025-04-14,B61,Bus,7.4,18,8,Monday,4,8,0,10.5,Clear,80.0,76.0,0,10.1,1,0,1
T101937,2025-07-22,T7,Tram,8.3,17,10,Tuesday,7,7,0,27.8,Rain,65.0,61.0,0,4.0,1,0,0
T104029,2025-06-01,B45,Bus,18.0,38,15,Sunday,6,19,0,13.3,Clear,69.0,85.0,0,12.6,1,1,1
T102052,2025-05-12,T7,Tram,8.3,17,10,Monday,5,10,0,17.6,Clear,58.0,49.0,0,-3.0,0,0,0
T102238,2025-06-23,T9,Tram,13.6,26,12,Monday,6,8,0,19.1,Clear,67.0,68.0,0,4.4,1,0,0
T102986,2025-09-30,M2,Metro,16.5,15,5,Tuesday,9,19,0,22.3,Rain,73.0,67.0,0,3.6,1,0,0
T105288,2025-04-07,B61,Bus,7.4,18,8,Monday,4,8,0,15.0,Fog,74.0,75.0,0,9.2,1,0,1
T104386,2025-04-05,B27,Bus,9.2,24,12,Saturday,4,20,0,17.9,Clear,32.0,24.0,1,13.1,0,1,1
T100168,2025-05-03,M3,Metro,12.2,12,6,Saturday,5,19,0,23.3,Clear,46.0,51.0,0,1.9,1,1,0
T104093,2025-06-12,B45,Bus,18.0,38,15,Thursday,6,6,0,26.5,Clear,41.0,57.0,0,0.4,0,0,0
T100396,2025-01-17,T9,Tram,13.6,26,12,Friday,1,13,0,-1.5,Rain,45.0,37.0,0,1.0,0,0,0
T100221,2025-06-16,B61,Bus,7.4,18,8,Monday,6,16,0,27.9,Clear,87.0,48.0,0,6.2,1,0,1
T102212,2025-08-09,R4,Train,35.5,9,30,Saturday,8,17,1,28.9,Clear,54.0,69.0,0,2.0,1,1,0
T102224,2025-05-27,R1,Train,42.0,11,20,Tuesday,5,19,0,25.1,Rain,73.0,83.0,0,5.9,1,0,1
T105805,2025-02-24,B27,Bus,9.2,24,12,Monday,2,22,0,13.6,Rain,0.0,63.0,0,-3.0,0,0,0
T105454,2025-04-23,R4,Train,35.5,9,30,Wednesday,4,9,0,9.3,Clear,68.0,82.0,0,2.4,1,0,0
T100244,2025-08-18,M3,Metro,12.2,12,6,Monday,8,9,0,23.0,Clear,58.0,73.0,0,-0.7,1,0,0
T104985,2025-01-19,B45,Bus,18.0,38,15,Sunday,1,19,0,6.3,Rain,65.0,56.0,0,8.7,1,1,1
T100356,2025-02-25,M2,Metro,16.5,15,5,Tuesday,2,18,1,-7.0,Snow,54.0,90.0,0,2.9,1,0,0
T104127,2025-02-03,B27,Bus,9.2,24,12,Monday,2,15,0,0.3,Fog,49.0,34.0,0,5.7,0,0,1
T101441,2025-07-07,M1,Metro,21.0,19,4,Monday,7,20,0,26.1,Clear,42.0,41.0,0,-3.0,0,0,0
T100511,2025-09-30,M3,Metro,12.2,12,6,Tuesday,9,19,0,16.6,Clear,78.0,93.0,0,0.8,1,0,0
T103925,2025-07-28,T7,Tram,8.3,17,10,Monday,7,10,1,24.6,Clear,47.0,38.0,0,-3.0,0,0,0
T103646,2025-08-23,T3,Tram,11.0,22,8,Saturday,8,7,0,26.0,Rain,58.0,59.0,0,3.5,1,1,0
T103364,2025-02-28,T3,Tram,11.0,22,8,Friday,2,14,0,5.9,Fog,53.0,35.0,0,-2.8,0,0,0
T100629,2025-05-14,B61,Bus,7.4,18,8,Wednesday,5,12,0,22.6,Clear,33.0,66.0,0,-1.9,0,0,0
T101273,2025-09-04,M3,Metro,12.2,12,6,Thursday,9,7,0,21.2,Rain,84.0,106.0,0,4.4,1,0,0
T102147,2025-12-08,B45,Bus,18.0,38,15,Monday,12,8,0,5.6,Rain,55.0,83.0,0,9.9,1,0,1
T100535,2025-02-26,M3,Metro,12.2,12,6,Wednesday,2,8,0,1.5,Storm,85.0,89.0,0,7.4,1,0,1
T100650,2025-06-28,B45,Bus,18.0,38,15,Saturday,6,20,0,24.2,Clear,32.0,27.0,0,-1.3,0,1,0
T105169,2025-01-02,M2,Metro,16.5,15,5,Thursday,1,8,0,4.6,Clear,49.0,93.0,0,1.4,1,0,0
T104859,2025-10-04,M1,Metro,21.0,19,4,Saturday,10,10,0,10.3,Clear,18.0,67.0,0,-3.0,0,1,0
T105572,2025-03-29,M3,Metro,12.2,12,6,Saturday,3,16,0,15.8,Clear,81.0,65.0,0,-1.5,1,1,0
T101392,2025-12-26,B61,Bus,7.4,18,8,Friday,12,8,0,3.0,Clear,64.0,77.0,0,9.0,1,0,1
T102051,2025-04-21,R4,Train,35.5,9,30,Monday,4,22,0,12.4,Rain,10.0,57.0,0,0.1,0,0,0
T101421,2025-12-30,R1,Train,42.0,11,20,Tuesday,12,17,0,10.5,Rain,74.0,62.0,0,2.2,1,0,0
T101130,2025-05-29,B61,Bus,7.4,18,8,Thursday,5,18,0,18.6,Clear,65.0,63.0,0,6.1,1,0,1
T100030,2025-06-14,R1,Train,42.0,11,20,Saturday,6,16,0,24.6,Clear,64.0,75.0,0,5.5,1,1,1
T103260,2025-06-08,T3,Tram,11.0,22,8,Sunday,6,17,0,27.5,Clear,50.0,88.0,0,4.1,1,1,0
T104365,2025-11-02,B12,Bus,14.5,32,10,Sunday,11,16,0,9.3,Clear,60.0,63.0,0,5.5,1,1,1
T101237,2025-02-15,B61,Bus,7.4,18,8,Saturday,2,8,0,-1.4,Fog,76.0,75.0,0,8.1,1,1,1
T104988,2025-12-07,T7,Tram,8.3,17,10,Sunday,12,19,0,15.0,Clear,58.0,79.0,0,5.9,1,1,1
T100058,2025-09-29,M1,Metro,21.0,19,4,Monday,9,10,0,24.0,Clear,36.0,47.0,0,-3.0,0,0,0
T101501,2025-04-06,B27,Bus,9.2,24,12,Sunday,4,5,0,20.2,Rain,5.0,40.0,0,-2.4,0,1,0
T101290,2025-03-27,M2,Metro,16.5,15,5,Thursday,3,17,1,9.2,Rain,64.0,94.0,0,-0.7,1,0,0
T101806,2025-01-04,B45,Bus,18.0,38,15,Saturday,1,5,0,-2.1,Clear,26.0,5.0,0,-1.8,0,1,0
T101601,2025-09-27,B12,Bus,14.5,32,10,Saturday,9,17,0,27.9,Clear,49.0,59.0,0,4.7,1,1,0
T105048,2025-04-17,B12,Bus,14.5,32,10,Thursday,4,7,0,13.0,Fog,82.0,60.0,0,11.7,1,0,1
T102630,2025-12-08,T7,Tram,8.3,17,10,Monday,12,13,0,5.4,Clear,53.0,45.0,0,-3.0,0,0,0
T104524,2025-10-20,T3,Tram,11.0,22,8,Monday,10,9,0,17.5,Clear,57.0,66.0,0,5.7,1,0,1
T105677,2025-05-16,T7,Tram,8.3,17,10,Friday,5,13,0,23.0,Rain,38.0,23.0,0,-2.0,0,0,0
T102239,2025-11-19,T7,Tram,8.3,17,10,Wednesday,11,17,0,10.8,Storm,70.0,74.0,0,8.1,1,0,1
T101084,2025-03-15,T9,Tram,13.6,26,12,Saturday,3,16,0,5.9,Rain,53.0,65.0,0,4.1,1,1,0
T104068,2025-09-27,B61,Bus,7.4,18,8,Saturday,9,18,0,21.1,Clear,52.0,66.0,0,5.7,1,1,1
T101516,2025-06-26,B12,Bus,14.5,32,10,Thursday,6,9,1,21.4,Clear,63.0,44.0,0,2.8,1,0,0
T105171,2025-06-12,R4,Train,35.5,9,30,Thursday,6,22,0,33.4,Clear,41.0,38.0,0,-0.3,0,0,0
T104483,2025-01-23,B61,Bus,7.4,18,8,Thursday,1,15,0,-2.2,Clear,56.0,46.0,0,-1.8,0,0,0
T101474,2025-12-23,T7,Tram,8.3,17,10,Tuesday,12,8,0,3.2,Storm,57.0,77.0,1,22.2,1,0,1
T105704,2025-04-24,B27,Bus,9.2,24,12,Thursday,4,19,0,8.6,Clear,60.0,85.0,0,5.4,1,0,1
T103497,2025-06-23,R1,Train,42.0,11,20,Monday,6,8,0,22.7,Storm,75.0,83.0,0,9.4,1,0,1
T105449,2025-03-03,M3,Metro,12.2,12,6,Monday,3,9,0,5.5,Clear,62.0,56.0,0,-0.5,1,0,0
T103153,2025-10-17,M3,Metro,12.2,12,6,Friday,10,5,0,7.2,Clear,34.0,50.0,0,-3.0,0,0,0
T101328,2025-09-04,T3,Tram,11.0,22,8,Thursday,9,7,0,12.0,Storm,87.0,88.0,0,12.3,1,0,1
T103012,2025-01-17,M3,Metro,12.2,12,6,Friday,1,22,0,5.1,Clear,40.0,62.0,0,-3.0,0,0,0
T103748,2025-12-02,M2,Metro,16.5,15,5,Tuesday,12,13,0,3.7,Clear,16.0,31.0,0,-3.0,0,0,0
T103395,2025-10-18,T7,Tram,8.3,17,10,Saturday,10,8,0,7.3,Clear,48.0,85.0,0,9.8,1,1,1
T101010,2025-04-09,B12,Bus,14.5,32,10,Wednesday,4,9,0,15.3,Fog,72.0,88.0,0,10.5,1,0,1
T102270,2025-04-27,T3,Tram,11.0,22,8,Sunday,4,21,0,19.1,Clear,11.0,9.0,0,-3.0,0,1,0
T102369,2025-03-06,R4,Train,35.5,9,30,Thursday,3,17,0,-2.8,Snow,65.0,83.0,0,7.1,1,0,1
T102242,2025-06-15,T9,Tram,13.6,26,12,Sunday,6,17,0,32.0,Clear,55.0,83.0,0,2.1,1,1,0
T104001,2025-11-04,B45,Bus,18.0,38,15,Tuesday,11,15,0,11.7,Fog,19.0,54.0,0,-1.8,0,0,0
T101439,2025-12-15,T7,Tram,8.3,17,10,Monday,12,17,0,7.4,Storm,86.0,87.0,0,10.8,1,0,1
T100210,2025-04-06,B12,Bus,14.5,32,10,Sunday,4,19,0,14.0,Clear,56.0,90.0,0,9.6,1,1,1
T104920,2025-12-23,M1,Metro,21.0,19,4,Tuesday,12,22,0,-6.0,Clear,36.0,67.0,0,-3.0,0,0,0
T101669,2025-09-22,B61,Bus,7.4,18,8,Monday,9,5,0,13.6,Clear,39.0,21.0,0,-2.3,0,0,0
T105843,2025-01-03,B12,Bus,14.5,32,10,Friday,1,21,0,5.4,Clear,26.0,52.0,0,-2.5,0,0,0
T101615,2025-03-05,M1,Metro,21.0,19,4,Wednesday,3,5,0,3.4,Snow,35.0,53.0,0,-2.2,0,0,0
T100546,2025-06-06,M2,Metro,16.5,15,5,Friday,6,8,0,25.6,Rain,71.0,72.0,0,-0.2,1,0,0
T105819,2025-07-27,B27,Bus,9.2,24,12,Sunday,7,21,0,22.2,Storm,0.0,31.0,0,3.2,0,1,0
T103539,2025-10-29,M2,Metro,16.5,15,5,Wednesday,10,9,1,16.8,Clear,59.0,66.0,0,5.2,1,0,1
T103152,2025-03-13,B61,Bus,7.4,18,8,Thursday,3,10,0,5.9,Clear,36.0,44.0,0,-0.7,0,0,0
T104796,2025-07-03,T3,Tram,11.0,22,8,Thursday,7,18,0,26.0,Clear,69.0,72.0,0,2.0,1,0,0
T100126,2025-01-29,B27,Bus,9.2,24,12,Wednesday,1,9,0,6.0,Snow,71.0,95.0,0,13.1,1,0,1
T105540,2025-04-14,M3,Metro,12.2,12,6,Monday,4,20,0,17.2,Rain,28.0,75.0,0,-3.0,0,0,0
T104775,2025-01-17,B45,Bus,18.0,38,15,Friday,1,9,0,3.8,Snow,65.0,92.0,0,11.8,1,0,1
T101633,2025-11-18,T7,Tram,8.3,17,10,Tuesday,11,13,0,3.6,Rain,33.0,30.0,0,-3.0,0,0,0
T101511,2025-03-25,T3,Tram,11.0,22,8,Tuesday,3,9,0,9.8,Clear,71.0,55.0,0,4.5,1,0,0
T102865,2025-01-13,M3,Metro,12.2,12,6,Monday,1,19,0,2.7,Snow,48.0,93.0,0,7.5,1,0,1
T103334,2025-01-27,R4,Train,35.5,9,30,Monday,1,14,0,-0.4,Fog,26.0,33.0,0,3.1,0,0,0
T105057,2025-10-30,R4,Train,35.5,9,30,Thursday,10,8,0,9.0,Fog,66.0,101.0,0,6.6,1,0,1
T105767,2025-05-01,R4,Train,35.5,9,30,Thursday,5,5,0,14.6,Rain,35.0,50.0,0,-3.0,0,0,0
T100867,2025-11-02,B45,Bus,18.0,38,15,Sunday,11,19,0,3.5,Snow,54.0,81.0,0,10.9,1,1,1
T100788,2025-07-18,B45,Bus,18.0,38,15,Friday,7,11,0,26.1,Clear,61.0,43.0,0,-0.3,0,0,0
T100466,2025-03-02,T3,Tram,11.0,22,8,Sunday,3,17,0,9.0,Snow,53.0,78.0,0,6.1,1,1,1
T102003,2025-06-17,T3,Tram,11.0,22,8,Tuesday,6,17,0,27.6,Rain,74.0,98.0,0,30.199999999999996,1,0,1
T101754,2025-08-17,B27,Bus,9.2,24,12,Sunday,8,8,0,32.1,Rain,65.0,77.0,0,7.9,1,1,1
T102503,2025-02-09,B27,Bus,9.2,24,12,Sunday,2,17,0,1.2,Snow,61.0,62.0,0,10.4,1,1,1
T101852,2025-06-15,B45,Bus,18.0,38,15,Sunday,6,6,0,21.8,Clear,23.0,39.0,0,0.2,0,1,0
T100989,2025-10-15,B27,Bus,9.2,24,12,Wednesday,10,17,0,14.8,Rain,71.0,84.0,0,8.9,1,0,1
T101209,2025-12-18,R4,Train,35.5,9,30,Thursday,12,15,0,1.2,Fog,20.0,40.0,0,-1.8,0,0,0
T101939,2025-03-17,B27,Bus,9.2,24,12,Monday,3,16,0,10.8,Storm,86.0,65.0,0,11.6,1,0,1
T101459,2025-07-08,M3,Metro,12.2,12,6,Tuesday,7,22,0,26.7,Clear,53.0,46.0,0,-3.0,0,0,0
T103784,2025-12-26,T7,Tram,8.3,17,10,Friday,12,10,0,8.0,Rain,49.0,53.0,0,-0.0,0,0,0
T100710,2025-09-05,B61,Bus,7.4,18,8,Friday,9,17,0,21.8,Storm,61.0,96.0,1,26.1,1,0,1
T100270,2025-04-18,T9,Tram,13.6,26,12,Friday,4,9,0,9.9,Clear,85.0,88.0,0,4.6,1,0,0
T102190,2025-05-13,B45,Bus,18.0,38,15,Tuesday,5,15,0,16.5,Clear,43.0,26.0,0,-0.1,0,0,0
T104218,2025-07-12,M2,Metro,16.5,15,5,Saturday,7,8,0,29.9,Clear,32.0,48.0,0,2.1,1,1,0
T103906,2025-09-19,R1,Train,42.0,11,20,Friday,9,14,0,15.0,Clear,42.0,53.0,0,-3.0,0,0,0
T100197,2025-02-13,B61,Bus,7.4,18,8,Thursday,2,19,0,-6.0,Snow,77.0,75.0,0,11.0,1,0,1
T102010,2025-07-01,T9,Tram,13.6,26,12,Tuesday,7,20,0,29.5,Clear,43.0,53.0,0,-3.0,0,0,0
T104953,2025-02-22,B45,Bus,18.0,38,15,Saturday,2,18,0,14.7,Clear,77.0,61.0,0,8.5,1,1,1
T104550,2025-01-17,R4,Train,35.5,9,30,Friday,1,13,0,7.5,Clear,39.0,55.0,0,-0.8,0,0,0
T102983,2025-10-28,R1,Train,42.0,11,20,Tuesday,10,5,0,19.1,Storm,46.0,33.0,0,1.6,0,0,0
T105596,2025-07-14,T9,Tram,13.6,26,12,Monday,7,8,0,28.2,Rain,57.0,75.0,1,18.6,1,0,1
T103861,2025-08-24,M3,Metro,12.2,12,6,Sunday,8,21,0,18.2,Fog,22.0,67.0,0,-3.0,0,1,0
T104923,2025-09-05,B27,Bus,9.2,24,12,Friday,9,17,0,26.0,Storm,54.0,80.0,0,12.4,1,0,1
T100593,2025-12-24,M3,Metro,12.2,12,6,Wednesday,12,6,0,2.3,Snow,42.0,67.0,0,-1.7,0,0,0
T101604,2025-02-15,B12,Bus,14.5,32,10,Saturday,2,9,0,0.8,Clear,80.0,69.0,0,8.0,1,1,1
T101341,2025-02-19,T3,Tram,11.0,22,8,Wednesday,2,8,0,0.2,Rain,46.0,91.0,0,4.1,1,0,0
T105099,2025-04-18,T7,Tram,8.3,17,10,Friday,4,7,0,11.9,Rain,76.0,105.0,0,6.0,1,0,1
T104215,2025-12-29,B61,Bus,7.4,18,8,Monday,12,5,0,13.6,Rain,45.0,49.0,0,0.8,0,0,0
T103479,2025-10-12,M1,Metro,21.0,19,4,Sunday,10,19,0,13.1,Clear,62.0,69.0,0,-0.6,1,1,0
T105907,2025-11-30,B12,Bus,14.5,32,10,Sunday,11,12,0,12.3,Clear,20.0,20.0,0,-3.0,0,1,0
T105773,2025-01-09,B61,Bus,7.4,18,8,Thursday,1,19,0,-1.3,Rain,59.0,68.0,1,22.5,1,0,1
T104357,2025-04-04,T9,Tram,13.6,26,12,Friday,4,20,0,12.0,Storm,37.0,22.0,1,18.2,0,0,1
T104311,2025-11-09,B12,Bus,14.5,32,10,Sunday,11,14,0,18.7,Rain,25.0,38.0,0,-2.1,0,1,0
T100562,2025-06-29,T7,Tram,8.3,17,10,Sunday,6,19,0,28.3,Clear,72.0,102.0,0,3.6,1,1,0
T100266,2025-06-13,M2,Metro,16.5,15,5,Friday,6,7,0,28.0,Rain,57.0,72.0,0,4.9,1,0,0
T100177,2025-02-28,T9,Tram,13.6,26,12,Friday,2,7,0,5.2,Clear,45.0,82.0,0,2.8,1,0,0
T104230,2025-01-27,B12,Bus,14.5,32,10,Monday,1,14,0,3.4,Clear,50.0,9.0,0,-1.7,0,0,0
T101369,2025-08-20,B45,Bus,18.0,38,15,Wednesday,8,7,0,22.2,Fog,72.0,94.0,0,12.8,1,0,1
T101690,2025-10-09,R1,Train,42.0,11,20,Thursday,10,16,0,13.0,Rain,41.0,100.0,0,7.0,1,0,1
T101847,2025-07-17,R4,Train,35.5,9,30,Thursday,7,8,0,23.3,Clear,58.0,75.0,0,1.5,1,0,0
T100076,2025-05-01,B61,Bus,7.4,18,8,Thursday,5,16,0,16.3,Clear,73.0,63.0,0,7.5,1,0,1
T103365,2025-10-01,M3,Metro,12.2,12,6,Wednesday,10,7,0,17.0,Rain,66.0,64.0,1,18.8,1,0,1
T100683,2025-12-16,M3,Metro,12.2,12,6,Tuesday,12,22,0,-2.7,Snow,42.0,51.0,1,13.5,0,0,1
T100096,2025-03-29,M2,Metro,16.5,15,5,Saturday,3,17,0,8.9,Rain,71.0,50.0,0,1.0,1,1,0
T101559,2025-11-09,R4,Train,35.5,9,30,Sunday,11,12,1,5.8,Clear,0.0,16.0,0,-3.0,0,1,0
T100675,2025-09-22,R1,Train,42.0,11,20,Monday,9,16,1,18.1,Clear,81.0,92.0,0,4.8,1,0,0
T102773,2025-09-15,B61,Bus,7.4,18,8,Monday,9,8,0,22.7,Rain,62.0,89.0,0,9.2,1,0,1
T101001,2025-09-26,T3,Tram,11.0,22,8,Friday,9,15,0,28.1,Clear,42.0,12.0,0,-3.0,0,0,0
T100027,2025-10-28,M2,Metro,16.5,15,5,Tuesday,10,7,0,20.7,Clear,50.0,84.0,0,2.1,1,0,0
T104284,2025-02-14,T9,Tram,13.6,26,12,Friday,2,19,0,2.5,Snow,81.0,73.0,0,15.7,1,0,1
T103420,2025-07-08,T7,Tram,8.3,17,10,Tuesday,7,18,0,22.3,Clear,72.0,101.0,0,6.6,1,0,1
T105633,2025-04-14,B61,Bus,7.4,18,8,Monday,4,18,0,13.4,Clear,56.0,49.0,0,7.6,1,0,1
T102565,2025-06-07,M1,Metro,21.0,19,4,Saturday,6,19,0,14.7,Clear,58.0,69.0,0,3.8,1,1,0
T103995,2025-05-03,T7,Tram,8.3,17,10,Saturday,5,16,0,13.850000000000001,Clear,53.0,69.0,0,3.8,1,1,0
T104280,2025-06-24,M2,Metro,16.5,15,5,Tuesday,6,21,0,27.0,Clear,30.0,18.0,0,-3.0,0,0,0
T103440,2025-12-13,T7,Tram,8.3,17,10,Saturday,12,10,1,10.6,Clear,32.0,25.0,0,-3.0,0,1,0
T101841,2025-02-05,B45,Bus,18.0,38,15,Wednesday,2,16,0,-4.0,Rain,87.0,107.0,0,13.9,1,0,1
T102702,2025-03-22,R4,Train,35.5,9,30,Saturday,3,19,0,-0.5,Snow,71.0,74.0,0,5.9,1,1,1
T105134,2025-09-23,R1,Train,42.0,11,20,Tuesday,9,6,0,24.4,Storm,32.0,41.0,0,0.5,0,0,0
T105261,2025-01-31,T7,Tram,8.3,17,10,Friday,1,15,0,-0.9,Clear,21.0,47.0,0,-1.7,0,0,0
T100178,2025-11-25,M3,Metro,12.2,12,6,Tuesday,11,17,0,-0.5,Snow,74.0,67.0,1,19.0,1,0,1
T101324,2025-11-13,T7,Tram,8.3,17,10,Thursday,11,11,0,10.4,Fog,36.0,25.0,0,-3.0,0,0,0
T104548,2025-07-11,T3,Tram,11.0,22,8,Friday,7,18,0,31.7,Clear,64.0,63.0,0,1.4,1,0,0
T102093,2025-03-14,B45,Bus,18.0,38,15,Friday,3,13,1,10.4,Rain,27.0,51.0,0,-2.4,0,0,0
T102095,2025-10-12,B61,Bus,7.4,18,8,Sunday,10,10,0,10.1,Clear,16.0,46.0,0,-3.0,0,1,0
T102937,2025-09-21,R4,Train,35.5,9,30,Sunday,9,8,0,14.1,Rain,47.0,86.0,0,5.1,1,1,1
T104038,2025-04-22,R4,Train,35.5,9,30,Tuesday,4,14,0,17.3,Rain,21.0,48.0,0,-2.8,0,0,0
T102525,2025-04-29,B61,Bus,7.4,18,8,Tuesday,4,22,0,21.0,Fog,22.0,15.0,0,1.3,0,0,0
T100097,2025-09-07,R4,Train,35.5,9,30,Sunday,9,16,0,18.9,Clear,45.0,48.0,0,1.0,1,1,0
T101495,2025-06-07,R1,Train,42.0,11,20,Saturday,6,17,0,23.0,Storm,44.0,69.0,0,11.4,1,1,1
T101536,2025-02-26,B45,Bus,18.0,38,15,Wednesday,2,22,0,5.5,Clear,30.0,55.0,0,-0.7,0,0,0
T102550,2025-08-27,R1,Train,42.0,11,20,Wednesday,8,12,0,18.9,Clear,57.0,61.0,0,-2.7,0,0,0
T101052,2025-07-03,M2,Metro,16.5,15,5,Thursday,7,7,0,22.3,Clear,47.0,69.0,0,-0.5,1,0,0
T102835,2025-07-18,B12,Bus,14.5,32,10,Friday,7,9,0,21.4,Rain,56.0,88.0,0,12.8,1,0,1
T102359,2025-03-18,R1,Train,42.0,11,20,Tuesday,3,19,0,8.2,Clear,62.0,79.0,0,4.3,1,0,0
T104984,2025-03-12,R1,Train,42.0,11,20,Wednesday,3,10,0,6.0,Rain,25.0,27.0,0,0.3,0,0,0
T104074,2025-04-29,M3,Metro,12.2,12,6,Tuesday,4,18,0,10.9,Storm,62.0,92.0,0,7.7,1,0,1
T103755,2025-04-28,M2,Metro,16.5,15,5,Monday,4,8,0,17.5,Clear,83.0,76.0,0,-0.4,1,0,0
T105305,2025-10-25,M1,Metro,21.0,19,4,Saturday,10,6,0,18.5,Fog,58.0,24.0,0,-3.0,0,1,0
T105467,2025-05-02,R1,Train,42.0,11,20,Friday,5,18,0,18.4,Rain,90.0,80.0,0,3.8,1,0,0
T101706,2025-12-25,R1,Train,42.0,11,20,Thursday,12,8,0,1.9,Clear,64.0,74.0,0,1.7,1,0,0
T105186,2025-11-12,T9,Tram,13.6,26,12,Wednesday,11,15,0,7.6,Rain,36.0,55.0,0,-1.0,0,0,0
T100222,2025-09-14,M2,Metro,16.5,15,5,Sunday,9,19,0,15.6,Rain,55.0,76.0,0,0.8,1,1,0
T104975,2025-10-20,B27,Bus,9.2,24,12,Monday,10,18,0,15.5,Clear,79.0,95.0,0,8.1,1,0,1
T102135,2025-09-08,M2,Metro,16.5,15,5,Monday,9,18,0,21.5,Clear,58.0,69.0,0,-1.7,1,0,0
T102218,2025-04-15,T7,Tram,8.3,17,10,Tuesday,4,17,0,16.5,Rain,98.0,81.0,0,9.7,1,0,1
T102636,2025-05-03,B12,Bus,14.5,32,10,Saturday,5,9,0,15.8,Clear,54.0,68.0,0,4.8,1,1,0
T104700,2025-11-21,T7,Tram,8.3,17,10,Friday,11,13,0,6.4,Rain,10.0,27.0,0,-2.2,0,0,0
T103042,2025-04-30,T9,Tram,13.6,26,12,Wednesday,4,19,0,8.7,Clear,86.0,72.0,0,6.3,1,0,1
T102033,2025-09-05,B61,Bus,7.4,18,8,Friday,9,17,0,18.6,Rain,60.0,104.0,0,8.1,1,0,1
T104211,2025-09-17,T7,Tram,8.3,17,10,Wednesday,9,9,0,24.1,Clear,66.0,74.0,0,3.4,1,0,0
T102087,2025-08-30,R4,Train,35.5,9,30,Saturday,8,18,0,24.5,Snow,59.0,77.0,0,5.3,1,1,1
T103447,2025-07-25,M1,Metro,21.0,19,4,Friday,7,7,0,30.5,Rain,83.0,96.0,0,3.6,1,0,0
T101109,2025-01-17,B61,Bus,7.4,18,8,Friday,1,19,0,3.4,Fog,65.0,73.0,0,6.9,1,0,1
T101375,2025-12-17,R4,Train,35.5,9,30,Wednesday,12,9,0,6.0,Rain,61.0,52.0,1,16.9,1,0,1
T103452,2025-06-15,M2,Metro,16.5,15,5,Sunday,6,16,0,31.8,Rain,42.0,65.0,0,0.4,1,1,0
T100587,2025-02-06,T7,Tram,8.3,17,10,Thursday,2,14,0,2.2,Snow,42.0,45.0,0,0.0,0,0,0
T102259,2025-12-29,R1,Train,42.0,11,20,Monday,12,13,0,8.6,Storm,40.0,57.0,0,3.4,0,0,0
T101200,2025-11-17,M2,Metro,16.5,15,5,Monday,11,9,0,5.6,Storm,46.0,72.0,0,6.0,1,0,1
T100945,2025-02-13,T9,Tram,13.6,26,12,Thursday,2,16,0,1.4,Snow,67.0,87.0,0,12.5,1,0,1
T103609,2025-09-04,M3,Metro,12.2,12,6,Thursday,9,17,0,23.1,Clear,68.0,67.0,0,1.2,1,0,0
T104262,2025-04-17,R4,Train,35.5,9,30,Thursday,4,7,0,14.0,Rain,66.0,83.0,0,8.6,1,0,1
T103785,2025-07-22,T7,Tram,8.3,17,10,Tuesday,7,11,0,22.2,Clear,33.0,8.0,0,-3.0,0,0,0
T102500,2025-09-13,B61,Bus,7.4,18,8,Saturday,9,8,0,17.8,Storm,45.0,80.0,0,11.3,1,1,1
T104499,2025-05-07,M3,Metro,12.2,12,6,Wednesday,5,19,0,18.1,Clear,60.0,30.0,0,-1.2,1,0,0
T105296,2025-01-02,R4,Train,35.5,9,30,Thursday,1,5,0,-3.1,Fog,46.0,64.0,0,-3.0,0,0,0
T101685,2025-07-09,M1,Metro,21.0,19,4,Wednesday,7,12,0,29.3,Clear,47.0,48.0,0,-3.0,0,0,0
T103245,2025-10-23,M1,Metro,21.0,19,4,Thursday,10,17,0,16.8,Clear,87.0,69.0,0,-0.2,1,0,0
T100265,2025-08-01,B27,Bus,9.2,24,12,Friday,8,19,0,26.1,Rain,87.0,45.0,0,8.6,1,0,1
T104778,2025-02-08,B61,Bus,7.4,18,8,Saturday,2,18,0,-0.8,Fog,62.0,59.0,0,7.9,1,1,1
T101783,2025-12-15,M1,Metro,21.0,19,4,Monday,12,18,0,5.8,Clear,73.0,77.0,1,13.6,1,0,1
T102676,2025-12-18,M3,Metro,12.2,12,6,Thursday,12,7,0,5.0,Rain,68.0,82.0,0,1.3,1,0,0
T105219,2025-05-09,M2,Metro,16.5,15,5,Friday,5,12,0,19.0,Clear,46.0,53.0,0,-3.0,0,0,0
T104028,2025-09-09,M3,Metro,12.2,12,6,Tuesday,9,6,0,26.5,Clear,29.0,51.0,0,-3.0,0,0,0
T101881,2025-04-07,B12,Bus,14.5,32,10,Monday,4,17,0,21.6,Clear,62.0,78.0,0,6.4,1,0,1
T102106,2025-10-07,T7,Tram,8.3,17,10,Tuesday,10,7,0,11.2,Storm,70.0,75.0,0,7.7,1,0,1
T101465,2025-02-10,T9,Tram,13.6,26,12,Monday,2,8,0,-5.5,Storm,67.0,71.0,0,9.3,1,0,1
T105952,2025-03-12,M2,Metro,16.5,15,5,Wednesday,3,19,0,5.8,Clear,58.0,101.0,0,0.1,1,0,0
T101195,2025-08-20,R1,Train,42.0,11,20,Wednesday,8,11,0,26.4,Clear,12.0,28.0,0,-3.0,0,0,0
T101649,2025-11-02,M2,Metro,16.5,15,5,Sunday,11,11,1,11.1,Clear,34.0,20.0,0,-3.0,0,1,0
T101598,2025-11-05,B12,Bus,14.5,32,10,Wednesday,11,8,0,4.7,Clear,62.0,70.0,0,10.1,1,0,1
T103510,2025-12-21,B45,Bus,18.0,38,15,Sunday,12,9,0,7.0,Rain,51.0,92.0,0,8.2,1,1,1
T101252,2025-01-28,M3,Metro,12.2,12,6,Tuesday,1,16,0,1.2,Fog,80.0,81.0,0,1.4,1,0,0
T100414,2025-01-07,B45,Bus,18.0,38,15,Tuesday,1,12,1,11.0,Clear,44.0,32.0,0,-2.8,0,0,0
T101703,2025-03-14,B61,Bus,7.4,18,8,Friday,3,9,0,7.8,Rain,84.0,66.0,0,9.9,1,0,1
T105500,2025-12-12,B45,Bus,18.0,38,15,Friday,12,10,0,-4.6,Rain,58.0,26.0,0,0.5,0,0,0
T105411,2025-06-20,T3,Tram,11.0,22,8,Friday,6,7,0,28.9,Clear,42.0,60.0,0,3.6,1,0,0
T104767,2025-01-04,B45,Bus,18.0,38,15,Saturday,1,7,0,3.0,Snow,56.0,61.0,0,12.1,1,1,1
T101748,2025-10-21,T9,Tram,13.6,26,12,Tuesday,10,9,0,10.3,Rain,54.0,88.0,0,5.1,1,0,1
T102047,2025-07-13,R1,Train,42.0,11,20,Sunday,7,16,0,31.5,Rain,67.0,81.0,0,4.3,1,1,0
T105125,2025-09-30,B27,Bus,9.2,24,12,Tuesday,9,19,0,22.6,Rain,58.0,90.0,0,7.0,1,0,1
T102429,2025-04-09,T9,Tram,13.6,26,12,Wednesday,4,17,1,17.5,Clear,69.0,90.0,0,2.5,1,0,0
T105313,2025-05-24,R1,Train,42.0,11,20,Saturday,5,19,0,22.0,Clear,47.0,66.0,0,2.6,1,1,0
T105979,2025-08-11,T7,Tram,8.3,17,10,Monday,8,20,0,20.7,Rain,28.0,39.0,0,-0.4,0,0,0
T101701,2025-03-07,T7,Tram,8.3,17,10,Friday,3,11,0,13.850000000000001,Clear,46.0,50.0,0,-3.0,0,0,0
T101978,2025-01-21,T7,Tram,8.3,17,10,Tuesday,1,19,0,0.1,Clear,67.0,104.0,0,4.4,1,0,0
T102814,2025-03-14,T7,Tram,8.3,17,10,Friday,3,5,0,9.5,Rain,22.0,66.0,0,-1.6,0,0,0
T101098,2025-01-16,B45,Bus,18.0,38,15,Thursday,1,17,1,13.6,Snow,67.0,93.0,0,9.1,1,0,1
T103367,2025-04-16,M2,Metro,16.5,15,5,Wednesday,4,16,0,17.6,Rain,72.0,67.0,0,1.9,1,0,0
T105255,2025-05-06,M3,Metro,12.2,12,6,Tuesday,5,16,0,19.9,Clear,64.0,99.0,0,2.3,1,0,0
T104448,2025-07-21,T7,Tram,8.3,17,10,Monday,7,7,0,26.5,Rain,56.0,95.0,0,6.4,1,0,1
T105603,2025-06-29,M1,Metro,21.0,19,4,Sunday,6,19,0,23.0,Clear,52.0,86.0,0,1.4,1,1,0
T105245,2025-03-25,M1,Metro,21.0,19,4,Tuesday,3,19,0,2.4,Clear,76.0,87.0,0,0.8,1,0,0
T102753,2025-08-26,M2,Metro,16.5,15,5,Tuesday,8,7,0,35.1,Fog,53.0,69.0,0,1.4,1,0,0
T101061,2025-09-08,B12,Bus,14.5,32,10,Monday,9,8,0,18.9,Rain,53.0,68.0,0,6.3,1,0,1
T102355,2025-05-15,R4,Train,35.5,9,30,Thursday,5,17,0,15.4,Clear,53.0,93.0,0,4.8,1,0,0
T100585,2025-12-04,T9,Tram,13.6,26,12,Thursday,12,8,0,7.8,Storm,90.0,88.0,1,24.9,1,0,1
T105799,2025-06-03,B12,Bus,14.5,32,10,Tuesday,6,17,0,27.2,Rain,69.0,76.0,0,11.0,1,0,1
T105546,2025-02-26,R4,Train,35.5,9,30,Wednesday,2,19,0,-0.4,Snow,65.0,79.0,0,6.6,1,0,1
T105320,2025-04-25,M2,Metro,16.5,15,5,Friday,4,16,0,13.1,Clear,49.0,68.0,1,15.5,1,0,1
T100208,2025-04-07,B61,Bus,7.4,18,8,Monday,4,8,0,11.5,Clear,47.0,66.0,0,3.2,1,0,0
T101165,2025-02-08,T3,Tram,11.0,22,8,Saturday,2,17,0,5.5,Clear,60.0,53.0,0,6.1,1,1,1
T100263,2025-12-04,R1,Train,42.0,11,20,Thursday,12,6,0,11.3,Rain,29.0,51.0,0,-3.0,0,0,0
T104501,2025-07-14,T7,Tram,8.3,17,10,Monday,7,18,0,24.1,Clear,61.0,96.0,0,2.6,1,0,0
T105514,2025-07-05,M2,Metro,16.5,15,5,Saturday,7,19,0,28.5,Clear,28.0,67.0,0,1.5,1,1,0
T102838,2025-03-20,M2,Metro,16.5,15,5,Thursday,3,8,0,11.3,Clear,76.0,91.0,0,6.7,1,0,1
T101170,2025-08-18,R1,Train,42.0,11,20,Monday,8,5,0,26.8,Clear,23.0,67.0,0,-2.5,0,0,0
T102287,2025-10-27,T3,Tram,11.0,22,8,Monday,10,22,0,18.3,Rain,28.0,45.0,0,-3.0,0,0,0
T102536,2025-04-30,T9,Tram,13.6,26,12,Wednesday,4,7,0,17.6,Clear,63.0,62.0,1,17.8,1,0,1
T105857,2025-05-14,R1,Train,42.0,11,20,Wednesday,5,16,0,19.2,Clear,59.0,105.0,0,5.6,1,0,1
T105915,2025-01-05,B12,Bus,14.5,32,10,Sunday,1,21,0,2.9,Rain,14.0,35.0,0,-0.9,0,1,0
T105016,2025-01-21,R1,Train,42.0,11,20,Tuesday,1,8,0,4.5,Clear,50.0,99.0,0,3.1,1,0,0
T105394,2025-07-18,M1,Metro,21.0,19,4,Friday,7,7,0,22.6,Rain,76.0,73.0,0,2.8,1,0,0
T104092,2025-05-14,M1,Metro,21.0,19,4,Wednesday,5,7,0,16.7,Clear,67.0,82.0,0,-0.4,1,0,0
T103898,2025-04-21,M1,Metro,21.0,19,4,Monday,4,7,0,21.2,Clear,75.0,73.0,0,0.4,1,0,0
T101301,2025-05-27,B61,Bus,7.4,18,8,Tuesday,5,16,0,20.4,Clear,69.0,86.0,1,19.8,1,0,1
T100631,2025-04-30,B12,Bus,14.5,32,10,Wednesday,4,9,0,17.3,Rain,72.0,72.0,0,9.7,1,0,1
T103248,2025-02-21,T9,Tram,13.6,26,12,Friday,2,11,0,3.5,Clear,42.0,41.0,0,-3.0,0,0,0
T103821,2025-01-05,B27,Bus,9.2,24,12,Sunday,1,13,0,1.0,Clear,2.0,12.0,1,9.5,0,1,1
T103040,2025-05-25,M2,Metro,16.5,15,5,Sunday,5,17,0,22.0,Fog,44.0,64.0,0,0.1,1,1,0
T100689,2025-10-13,T9,Tram,13.6,26,12,Monday,10,14,0,14.6,Clear,38.0,49.0,0,-3.0,0,0,0
T100050,2025-10-05,T3,Tram,11.0,22,8,Sunday,10,16,0,13.8,Clear,63.0,96.0,1,16.9,1,1,1
T103197,2025-10-24,B61,Bus,7.4,18,8,Friday,10,9,0,17.4,Clear,67.0,84.0,0,6.3,1,0,1
T100373,2025-05-17,M2,Metro,16.5,15,5,Saturday,5,5,0,23.4,Clear,16.0,29.0,0,-3.0,0,1,0
T100697,2025-08-04,M3,Metro,12.2,12,6,Monday,8,19,0,28.5,Rain,50.0,68.0,0,3.4,1,0,0
T102562,2025-09-01,R4,Train,35.5,9,30,Monday,9,13,0,19.2,Rain,28.0,23.0,0,-1.0,0,0,0
T103392,2025-10-18,T7,Tram,8.3,17,10,Saturday,10,15,0,13.0,Clear,25.0,29.0,0,-3.0,0,1,0
T103082,2025-04-12,B45,Bus,18.0,38,15,Saturday,4,18,0,19.5,Clear,70.0,66.0,0,8.6,1,1,1
T103250,2025-05-04,M1,Metro,21.0,19,4,Sunday,5,9,0,18.4,Rain,55.0,84.0,0,1.0,1,1,0
T104416,2025-06-21,B27,Bus,9.2,24,12,Saturday,6,10,0,27.5,Clear,49.0,44.0,0,-1.8,0,1,0
T101985,2025-10-17,B12,Bus,14.5,32,10,Friday,10,9,0,7.8,Clear,64.0,88.0,0,8.4,1,0,1
T103278,2025-12-29,R4,Train,35.5,9,30,Monday,12,16,0,9.6,Clear,66.0,76.0,0,2.0,1,0,0
T104860,2025-01-22,B12,Bus,14.5,32,10,Wednesday,1,19,0,4.8,Rain,62.0,58.0,0,9.6,1,0,1
T104333,2025-11-23,T3,Tram,11.0,22,8,Sunday,11,16,0,6.2,Clear,56.0,86.0,0,3.7,1,1,0
T103279,2025-09-24,B45,Bus,18.0,38,15,Wednesday,9,12,0,16.8,Clear,56.0,57.0,1,15.4,0,0,1
T105328,2025-03-08,B12,Bus,14.5,32,10,Saturday,3,10,0,4.0,Clear,0.0,35.0,0,-2.5,0,1,0
T100188,2025-03-29,B27,Bus,9.2,24,12,Saturday,3,15,0,4.8,Rain,3.0,29.0,1,10.0,0,1,1
T100693,2025-12-12,M3,Metro,12.2,12,6,Friday,12,12,0,14.7,Storm,28.0,45.0,0,-1.7,0,0,0
T104978,2025-12-04,M1,Metro,21.0,19,4,Thursday,12,17,0,2.0,Fog,57.0,68.0,0,2.8,1,0,0
T104351,2025-07-26,B12,Bus,14.5,32,10,Saturday,7,11,0,24.6,Clear,37.0,66.0,1,13.6,0,1,1
T104726,2025-02-05,M3,Metro,12.2,12,6,Wednesday,2,22,0,7.0,Clear,34.0,42.0,0,-0.3,0,0,0
T102279,2025-09-03,M3,Metro,12.2,12,6,Wednesday,9,18,0,25.2,Clear,80.0,67.0,0,-1.2,1,0,0
T105356,2025-09-11,B61,Bus,7.4,18,8,Thursday,9,18,0,16.1,Rain,69.0,61.0,0,8.9,1,0,1
T103907,2025-12-21,R4,Train,35.5,9,30,Sunday,12,20,0,-1.4,Rain,18.0,34.0,0,-3.0,0,1,0
T101097,2025-10-03,B27,Bus,9.2,24,12,Friday,10,7,0,15.1,Clear,67.0,76.0,0,7.4,1,0,1
T104491,2025-03-13,M1,Metro,21.0,19,4,Thursday,3,10,1,10.2,Clear,32.0,38.0,0,-3.0,0,0,0
T104331,2025-04-09,M2,Metro,16.5,15,5,Wednesday,4,17,0,21.8,Clear,64.0,60.0,1,13.2,1,0,1
T101747,2025-05-18,B27,Bus,9.2,24,12,Sunday,5,16,0,21.7,Clear,73.0,66.0,0,5.2,1,1,1
T101802,2025-06-15,M2,Metro,16.5,15,5,Sunday,6,7,0,24.6,Clear,31.0,65.0,0,2.1,1,1,0
T102474,2025-02-08,M3,Metro,12.2,12,6,Saturday,2,9,0,6.4,Clear,51.0,85.0,0,5.0,1,1,0
T104005,2025-12-14,M3,Metro,12.2,12,6,Sunday,12,17,0,4.9,Clear,66.0,88.0,0,2.4,1,1,0
T105440,2025-07-08,M2,Metro,16.5,15,5,Tuesday,7,16,0,29.2,Rain,74.0,77.0,0,1.9,1,0,0
T102640,2025-03-29,M1,Metro,21.0,19,4,Saturday,3,7,0,2.3,Fog,66.0,62.0,0,2.4,1,1,0
T105407,2025-10-24,M3,Metro,12.2,12,6,Friday,10,7,0,14.9,Clear,92.0,60.0,0,0.4,1,0,0
T102645,2025-01-02,M1,Metro,21.0,19,4,Thursday,1,18,0,-2.9,Snow,81.0,64.0,0,8.2,1,0,1
T100493,2025-08-09,T3,Tram,11.0,22,8,Saturday,8,16,0,19.1,Clear,59.0,90.0,0,2.8,1,1,0
T102913,2025-03-24,B27,Bus,9.2,24,12,Monday,3,7,0,10.0,Rain,53.0,66.0,0,9.3,1,0,1
T104323,2025-04-07,R4,Train,35.5,9,30,Monday,4,16,0,19.9,Rain,81.0,97.0,0,5.0,1,0,0
T104302,2025-02-18,B27,Bus,9.2,24,12,Tuesday,2,16,0,4.2,Rain,64.0,74.0,0,7.2,1,0,1
T100729,2025-08-29,B61,Bus,7.4,18,8,Friday,8,17,0,22.9,Rain,66.0,89.0,0,7.5,1,0,1
T104786,2025-07-24,B12,Bus,14.5,32,10,Thursday,7,19,0,20.9,Clear,50.0,72.0,0,4.3,1,0,0
T100824,2025-08-16,T9,Tram,13.6,26,12,Saturday,8,6,0,23.7,Clear,15.0,66.0,0,-3.0,0,1,0
T100634,2025-03-08,R1,Train,42.0,11,20,Saturday,3,10,0,9.6,Clear,48.0,43.0,0,-3.0,0,1,0
T101590,2025-09-26,B27,Bus,9.2,24,12,Friday,9,8,1,13.3,Storm,68.0,66.0,0,8.2,1,0,1
T101737,2025-02-06,M1,Metro,21.0,19,4,Thursday,2,8,0,-0.5,Clear,82.0,76.0,0,0.8,1,0,0
T100574,2025-01-03,B27,Bus,9.2,24,12,Friday,1,8,0,-0.9,Fog,75.0,98.0,0,10.4,1,0,1
T100714,2025-12-02,R4,Train,35.5,9,30,Tuesday,12,14,0,9.7,Clear,17.0,45.0,0,-1.2,0,0,0
T102252,2025-03-30,B12,Bus,14.5,32,10,Sunday,3,20,0,7.2,Clear,29.0,12.0,0,-1.2,0,1,0
T105548,2025-03-22,B61,Bus,7.4,18,8,Saturday,3,18,0,5.2,Clear,60.0,48.0,0,9.5,1,1,1
T105369,2025-04-15,T7,Tram,8.3,17,10,Tuesday,4,15,0,8.4,Clear,30.0,30.0,0,-3.0,0,0,0
T100758,2025-02-16,B61,Bus,7.4,18,8,Sunday,2,16,0,5.2,Clear,54.0,79.0,0,5.7,1,1,1
T100621,2025-06-24,R4,Train,35.5,9,30,Tuesday,6,19,0,25.4,Clear,69.0,46.0,0,1.1,1,0,0
T100108,2025-06-22,M1,Metro,21.0,19,4,Sunday,6,19,0,22.1,Rain,70.0,70.0,0,-0.1,1,1,0
T103459,2025-05-25,T3,Tram,11.0,22,8,Sunday,5,19,0,23.6,Clear,55.0,88.0,0,4.0,1,1,0
T103691,2025-08-17,B61,Bus,7.4,18,8,Sunday,8,7,0,39.1,Rain,48.0,69.0,0,7.4,1,1,1
T101095,2025-01-30,R4,Train,35.5,9,30,Thursday,1,8,0,3.4,Rain,66.0,86.0,0,4.0,1,0,0
T105590,2025-01-30,B27,Bus,9.2,24,12,Thursday,1,17,0,7.9,Clear,75.0,69.0,0,6.8,1,0,1
T100494,2025-04-16,B61,Bus,7.4,18,8,Wednesday,4,20,0,13.5,Rain,51.0,20.0,0,1.9,0,0,0
T104887,2025-07-16,M2,Metro,16.5,15,5,Wednesday,7,17,0,26.5,Rain,79.0,57.0,0,1.6,1,0,0
T105291,2025-11-18,B45,Bus,18.0,38,15,Tuesday,11,19,0,11.2,Clear,70.0,79.0,0,8.9,1,0,1
T102219,2025-03-12,T9,Tram,13.6,26,12,Wednesday,3,21,0,3.9,Clear,35.0,65.0,0,-3.0,0,0,0
T105808,2025-06-26,M3,Metro,12.2,12,6,Thursday,6,19,0,25.2,Clear,68.0,63.0,0,0.0,1,0,0
T104497,2025-05-22,B27,Bus,9.2,24,12,Thursday,5,11,0,17.9,Storm,24.0,26.0,0,4.5,0,0,0
T101595,2025-03-02,M3,Metro,12.2,12,6,Sunday,3,17,0,-0.7,Clear,33.0,65.0,0,-0.7,1,1,0
T104119,2025-01-19,B12,Bus,14.5,32,10,Sunday,1,7,0,3.8,Clear,63.0,80.0,0,7.2,1,1,1
T102317,2025-06-09,T7,Tram,8.3,17,10,Monday,6,21,0,22.8,Clear,36.0,32.0,0,-2.5,0,0,0
T102043,2025-10-01,B45,Bus,18.0,38,15,Wednesday,10,18,0,7.5,Clear,77.0,85.0,0,7.6,1,0,1
T100883,2025-02-26,B45,Bus,18.0,38,15,Wednesday,2,21,0,9.0,Rain,64.0,69.0,0,3.0,0,0,0
T103305,2025-04-03,B27,Bus,9.2,24,12,Thursday,4,19,0,11.7,Snow,84.0,102.0,0,13.1,1,0,1
T104640,2025-11-04,T7,Tram,8.3,17,10,Tuesday,11,22,0,6.0,Rain,39.0,32.0,0,-2.5,0,0,0
T100709,2025-06-20,T7,Tram,8.3,17,10,Friday,6,8,0,20.1,Clear,73.0,96.0,0,3.9,1,0,0
T101539,2025-08-15,M1,Metro,21.0,19,4,Friday,8,7,0,31.2,Clear,69.0,72.0,0,-0.3,1,0,0
T100176,2025-09-19,M2,Metro,16.5,15,5,Friday,9,7,1,18.2,Rain,77.0,88.0,0,1.6,1,0,0
T105631,2025-07-23,M3,Metro,12.2,12,6,Wednesday,7,15,0,24.8,Rain,21.0,52.0,0,-3.0,0,0,0
T104023,2025-04-15,T9,Tram,13.6,26,12,Tuesday,4,7,0,16.1,Rain,82.0,81.0,0,5.0,1,0,0
T104165,2025-09-06,T7,Tram,8.3,17,10,Saturday,9,12,0,17.0,Storm,13.0,30.0,0,3.3,0,1,0
T104447,2025-03-11,B27,Bus,9.2,24,12,Tuesday,3,19,0,9.6,Rain,80.0,65.0,0,8.3,1,0,1
T103941,2025-04-24,M1,Metro,21.0,19,4,Thursday,4,18,0,14.7,Clear,54.0,79.0,0,0.0,1,0,0
T101105,2025-03-08,T3,Tram,11.0,22,8,Saturday,3,17,0,6.7,Clear,54.0,73.0,0,3.7,1,1,0
T103194,2025-09-28,B45,Bus,18.0,38,15,Sunday,9,22,0,16.4,Rain,14.0,18.0,0,-3.0,0,1,0
T105769,2025-07-20,T7,Tram,8.3,17,10,Sunday,7,18,0,22.1,Clear,65.0,79.0,0,6.8,1,1,1
T102254,2025-04-18,M3,Metro,12.2,12,6,Friday,4,7,1,14.1,Clear,83.0,79.0,1,11.8,1,0,1
T101210,2025-08-16,M3,Metro,12.2,12,6,Saturday,8,20,0,31.8,Clear,14.0,43.0,0,-3.0,0,1,0
T105929,2025-04-04,M2,Metro,16.5,15,5,Friday,4,12,0,17.9,Storm,49.0,60.0,0,-0.6,0,0,0
T104047,2025-04-01,M1,Metro,21.0,19,4,Tuesday,4,9,0,9.1,Clear,62.0,67.0,0,0.4,1,0,0
T103264,2025-07-12,M1,Metro,21.0,19,4,Saturday,7,8,0,29.4,Clear,41.0,62.0,0,-0.2,1,1,0
T100505,2025-06-15,B61,Bus,7.4,18,8,Sunday,6,18,0,20.5,Clear,73.0,85.0,0,6.3,1,1,1
T102125,2025-04-04,B27,Bus,9.2,24,12,Friday,4,17,0,10.5,Clear,64.0,85.0,0,10.9,1,0,1
T103791,2025-03-06,T7,Tram,8.3,17,10,Thursday,3,18,0,8.3,Rain,75.0,83.0,0,3.9,1,0,0
T100726,2025-09-21,R1,Train,42.0,11,20,Sunday,9,18,0,14.9,Clear,44.0,47.0,0,1.0,1,1,0
T105022,2025-09-07,M1,Metro,21.0,19,4,Sunday,9,12,0,22.5,Clear,9.0,26.0,0,-3.0,0,1,0
T100630,2025-09-26,T7,Tram,8.3,17,10,Friday,9,19,0,13.850000000000001,Clear,61.0,48.0,0,3.3,1,0,0
T102634,2025-01-31,M3,Metro,12.2,12,6,Friday,1,19,0,-2.6,Snow,44.0,71.0,0,2.3,1,0,0
T103210,2025-12-17,M2,Metro,16.5,15,5,Wednesday,12,5,0,-2.1,Snow,6.0,50.0,0,-2.0,0,0,0
T100748,2025-04-25,T3,Tram,11.0,22,8,Friday,4,20,0,6.4,Fog,47.0,39.0,0,0.6,0,0,0
T103689,2025-03-03,T3,Tram,11.0,22,8,Monday,3,18,0,13.6,Clear,78.0,72.0,0,2.6,1,0,0
T100614,2025-09-08,B45,Bus,18.0,38,15,Monday,9,6,0,18.7,Clear,31.0,18.0,0,-1.7,0,0,0
T101325,2025-03-10,R1,Train,42.0,11,20,Monday,3,16,1,6.6,Rain,76.0,67.0,0,2.1,1,0,0
T105073,2025-10-13,B61,Bus,7.4,18,8,Monday,10,9,0,20.5,Rain,86.0,91.0,0,12.6,1,0,1
T103020,2025-05-08,M3,Metro,12.2,12,6,Thursday,5,16,0,17.6,Clear,75.0,80.0,0,1.8,1,0,0
T105995,2025-03-18,M3,Metro,12.2,12,6,Tuesday,3,15,0,4.1,Fog,44.0,38.0,0,-3.0,0,0,0
T104751,2025-02-24,M2,Metro,16.5,15,5,Monday,2,16,0,-0.3,Storm,77.0,69.0,0,6.6,1,0,1
T105851,2025-08-04,B45,Bus,18.0,38,15,Monday,8,17,0,16.8,Storm,67.0,98.0,1,26.7,1,0,1
T103931,2025-01-28,B12,Bus,14.5,32,10,Tuesday,1,18,0,7.7,Storm,65.0,80.0,0,15.0,1,0,1
T105592,2025-07-12,M1,Metro,21.0,19,4,Saturday,7,8,1,21.4,Clear,37.0,59.0,1,15.0,1,1,1
T100691,2025-10-18,M2,Metro,16.5,15,5,Saturday,10,9,0,15.4,Rain,33.0,81.0,0,2.9,1,1,0
T101883,2025-11-05,B45,Bus,18.0,38,15,Wednesday,11,16,0,2.1,Clear,77.0,86.0,0,11.8,1,0,1
T102437,2025-09-04,R4,Train,35.5,9,30,Thursday,9,16,0,22.0,Clear,74.0,93.0,0,2.2,1,0,0
T100783,2025-02-14,M2,Metro,16.5,15,5,Friday,2,16,0,4.3,Clear,58.0,77.0,0,2.2,1,0,0
T105189,2025-04-18,T9,Tram,13.6,26,12,Friday,4,7,0,9.8,Clear,82.0,93.0,0,4.1,1,0,0
T104268,2025-01-17,T3,Tram,11.0,22,8,Friday,1,20,0,6.6,Clear,44.0,48.0,0,-2.9,0,0,0
T103870,2025-01-17,M1,Metro,21.0,19,4,Friday,1,16,0,10.2,Fog,51.0,106.0,0,4.9,1,0,0
T100231,2025-11-09,M1,Metro,21.0,19,4,Sunday,11,14,0,7.9,Storm,15.0,5.0,0,-0.1,0,1,0
T103626,2025-10-09,T3,Tram,11.0,22,8,Thursday,10,9,0,10.8,Clear,62.0,75.0,0,3.3,1,0,0
T102491,2025-04-07,B61,Bus,7.4,18,8,Monday,4,11,0,10.7,Fog,51.0,46.0,0,2.9,0,0,0
T104175,2025-05-08,T3,Tram,11.0,22,8,Thursday,5,10,0,13.0,Rain,36.0,25.0,0,-1.9,0,0,0
T104278,2025-09-25,T3,Tram,11.0,22,8,Thursday,9,18,0,17.0,Clear,44.0,78.0,0,2.7,1,0,0
T104240,2025-05-03,M2,Metro,16.5,15,5,Saturday,5,19,0,26.4,Clear,60.0,66.0,0,1.1,1,1,0
T103579,2025-01-29,M2,Metro,16.5,15,5,Wednesday,1,17,0,10.6,Clear,67.0,59.0,0,0.2,1,0,0
T105097,2025-04-27,M2,Metro,16.5,15,5,Sunday,4,14,0,17.3,Rain,29.0,5.0,0,-3.0,0,1,0
T103910,2025-03-26,R4,Train,35.5,9,30,Wednesday,3,9,0,15.1,Clear,96.0,61.0,1,18.4,1,0,1
T103848,2025-09-28,M1,Metro,21.0,19,4,Sunday,9,18,0,23.7,Clear,70.0,66.0,0,3.9,1,1,0
T104224,2025-10-13,M3,Metro,12.2,12,6,Monday,10,16,0,14.7,Rain,75.0,89.0,0,2.1,1,0,0
T104682,2025-09-12,M2,Metro,16.5,15,5,Friday,9,9,0,15.5,Rain,59.0,89.0,0,0.6,1,0,0
T100559,2025-11-07,B27,Bus,9.2,24,12,Friday,11,17,0,0.1,Fog,68.0,76.0,0,8.8,1,0,1
T105918,2025-09-06,B61,Bus,7.4,18,8,Saturday,9,12,0,21.8,Clear,42.0,12.0,0,-1.2,0,1,0
T105958,2025-08-12,B12,Bus,14.5,32,10,Tuesday,8,14,0,13.6,Storm,32.0,44.0,0,4.9,0,0,0
T105421,2025-12-21,M3,Metro,12.2,12,6,Sunday,12,8,1,1.5,Clear,47.0,62.0,0,-0.9,1,1,0
T100166,2025-04-28,B61,Bus,7.4,18,8,Monday,4,11,0,15.7,Clear,45.0,18.0,0,0.1,0,0,0
T100043,2025-05-10,M2,Metro,16.5,15,5,Saturday,5,21,0,21.8,Rain,22.0,22.0,1,8.1,0,1,1
T103133,2025-01-30,M3,Metro,12.2,12,6,Thursday,1,7,0,14.7,Rain,70.0,80.0,0,2.0,1,0,0
T104948,2025-04-07,R1,Train,42.0,11,20,Monday,4,18,0,11.4,Clear,87.0,64.0,0,5.1,1,0,1
T100170,2025-02-08,T9,Tram,13.6,26,12,Saturday,2,11,0,4.5,Clear,6.0,22.0,0,-3.0,0,1,0
T105678,2025-08-12,B12,Bus,14.5,32,10,Tuesday,8,15,0,25.9,Rain,39.0,13.0,0,-1.8,0,0,0
T101487,2025-01-01,T9,Tram,13.6,26,12,Wednesday,1,17,0,-5.6,Clear,62.0,81.0,0,3.6,1,0,0
T100506,2025-07-13,R4,Train,35.5,9,30,Sunday,7,20,0,31.6,Clear,46.0,5.0,0,-3.0,0,1,0
T105195,2025-05-29,T3,Tram,11.0,22,8,Thursday,5,22,0,22.0,Fog,49.0,5.0,0,-2.5,0,0,0
T101362,2025-05-09,B12,Bus,14.5,32,10,Friday,5,6,0,25.2,Clear,33.0,41.0,0,-1.9,0,0,0
T104116,2025-01-07,R4,Train,35.5,9,30,Tuesday,1,17,0,3.9,Storm,61.0,53.0,0,6.5,1,0,1
T103798,2025-01-04,M2,Metro,16.5,15,5,Saturday,1,16,0,4.1,Rain,58.0,47.0,0,2.8,1,1,0
T100332,2025-04-24,B45,Bus,18.0,38,15,Thursday,4,9,0,15.8,Storm,42.0,90.0,0,10.6,1,0,1
T105517,2025-09-04,B45,Bus,18.0,38,15,Thursday,9,7,1,19.1,Storm,56.0,89.0,0,14.0,1,0,1
T104164,2025-09-18,T7,Tram,8.3,17,10,Thursday,9,17,0,18.0,Clear,43.0,99.0,0,4.6,1,0,0
T102045,2025-12-29,B61,Bus,7.4,18,8,Monday,12,17,0,1.1,Snow,27.0,85.0,0,12.8,1,0,1
T102384,2025-03-09,R4,Train,35.5,9,30,Sunday,3,18,0,11.6,Clear,55.0,79.0,0,1.2,1,1,0
T101492,2025-01-11,B45,Bus,18.0,38,15,Saturday,1,11,0,7.7,Rain,8.0,54.0,0,-0.5,0,1,0
T100620,2025-06-08,B27,Bus,9.2,24,12,Sunday,6,10,0,20.4,Rain,0.0,45.0,1,11.2,0,1,1
T105165,2025-01-29,B61,Bus,7.4,18,8,Wednesday,1,12,0,-0.8,Clear,22.0,66.0,1,9.0,0,0,1
T102995,2025-08-19,T7,Tram,8.3,17,10,Tuesday,8,19,0,25.8,Clear,75.0,101.0,1,19.1,1,0,1
T103033,2025-02-10,T7,Tram,8.3,17,10,Monday,2,15,0,4.8,Clear,33.0,44.0,0,-3.0,0,0,0
T104882,2025-07-01,T3,Tram,11.0,22,8,Tuesday,7,18,0,26.8,Rain,84.0,95.0,0,6.2,1,0,1
T105339,2025-06-20,M3,Metro,12.2,12,6,Friday,6,8,0,24.3,Rain,95.0,75.0,0,2.5,1,0,0
T101605,2025-11-21,B61,Bus,7.4,18,8,Friday,11,12,0,1.7,Clear,27.0,44.0,0,-1.5,0,0,0
T102458,2025-06-23,T3,Tram,11.0,22,8,Monday,6,11,0,13.850000000000001,Fog,39.0,32.0,0,-1.7,0,0,0
T102307,2025-02-26,T7,Tram,8.3,17,10,Wednesday,2,13,0,8.8,Clear,34.0,15.0,0,-1.6,0,0,0
T101026,2025-01-29,B45,Bus,18.0,38,15,Wednesday,1,20,0,-1.4,Clear,37.0,56.0,0,-1.3,0,0,0
T102911,2025-02-03,T3,Tram,11.0,22,8,Monday,2,17,0,4.3,Fog,63.0,66.0,0,6.7,1,0,1
T104123,2025-04-08,B27,Bus,9.2,24,12,Tuesday,4,8,0,15.7,Clear,69.0,84.0,0,11.1,1,0,1
T105504,2025-07-14,B61,Bus,7.4,18,8,Monday,7,13,0,33.2,Clear,64.0,49.0,0,7.9,0,0,1
T105429,2025-11-11,B27,Bus,9.2,24,12,Tuesday,11,16,0,5.9,Clear,60.0,93.0,0,6.8,1,0,1
T105804,2025-04-23,M2,Metro,16.5,15,5,Wednesday,4,11,0,9.7,Storm,47.0,49.0,0,-1.6,0,0,0
T102697,2025-06-02,T9,Tram,13.6,26,12,Monday,6,17,0,28.7,Clear,73.0,81.0,0,5.2,1,0,1
T102513,2025-10-03,B12,Bus,14.5,32,10,Friday,10,16,0,23.4,Clear,55.0,65.0,0,5.4,1,0,1
T105755,2025-05-27,B45,Bus,18.0,38,15,Tuesday,5,21,0,20.0,Fog,45.0,58.0,1,15.2,0,0,1
T104583,2025-09-16,T7,Tram,8.3,17,10,Tuesday,9,8,0,17.7,Clear,71.0,69.0,1,17.1,1,0,1
T101338,2025-10-10,B27,Bus,9.2,24,12,Friday,10,9,0,19.3,Clear,48.0,56.0,0,6.0,1,0,1
T105554,2025-07-22,M2,Metro,16.5,15,5,Tuesday,7,8,0,31.1,Fog,75.0,86.0,0,4.1,1,0,0
T101988,2025-03-18,B12,Bus,14.5,32,10,Tuesday,3,16,0,8.9,Storm,77.0,74.0,0,15.2,1,0,1
T101956,2025-07-12,M2,Metro,16.5,15,5,Saturday,7,8,0,23.1,Rain,54.0,73.0,0,1.5,1,1,0
T103111,2025-10-06,M2,Metro,16.5,15,5,Monday,10,7,0,11.6,Rain,63.0,67.0,0,1.5,1,0,0
T105289,2025-04-17,M1,Metro,21.0,19,4,Thursday,4,8,0,22.2,Rain,72.0,92.0,0,6.8,1,0,1
T105191,2025-11-30,M1,Metro,21.0,19,4,Sunday,11,17,0,11.9,Clear,56.0,52.0,0,-0.2,1,1,0
T101398,2025-01-10,B12,Bus,14.5,32,10,Friday,1,6,0,4.6,Clear,50.0,47.0,0,-1.7,0,0,0
T105706,2025-05-31,R4,Train,35.5,9,30,Saturday,5,17,0,24.5,Clear,57.0,96.0,0,4.2,1,1,0
T105543,2025-10-19,R1,Train,42.0,11,20,Sunday,10,12,0,12.5,Clear,22.0,56.0,0,-3.0,0,1,0
T104675,2025-05-15,M1,Metro,21.0,19,4,Thursday,5,16,0,15.5,Clear,81.0,90.0,0,0.2,1,0,0
T101368,2025-12-18,B27,Bus,9.2,24,12,Thursday,12,8,0,3.9,Clear,60.0,90.0,0,6.5,1,0,1
T102149,2025-11-08,B12,Bus,14.5,32,10,Saturday,11,7,0,13.6,Rain,61.0,77.0,0,6.7,1,1,1
T105214,2025-10-21,T7,Tram,8.3,17,10,Tuesday,10,8,0,11.7,Storm,72.0,106.0,0,11.2,1,0,1
T105690,2025-05-16,B27,Bus,9.2,24,12,Friday,5,7,0,18.2,Rain,66.0,85.0,0,7.6,1,0,1
T104967,2025-05-04,T3,Tram,11.0,22,8,Sunday,5,15,0,22.7,Storm,30.0,42.0,0,0.2,0,1,0
T103697,2025-05-31,B27,Bus,9.2,24,12,Saturday,5,19,0,15.6,Clear,58.0,62.0,0,4.4,1,1,0
T103617,2025-05-30,T7,Tram,8.3,17,10,Friday,5,17,0,13.850000000000001,Clear,59.0,73.0,0,3.5,1,0,0
T104387,2025-01-22,M2,Metro,16.5,15,5,Wednesday,1,10,0,-3.1,Rain,42.0,53.0,0,-3.0,0,0,0
T105192,2025-07-01,M2,Metro,16.5,15,5,Tuesday,7,20,0,18.4,Rain,28.0,50.0,0,-3.0,0,0,0
T102930,2025-03-05,R1,Train,42.0,11,20,Wednesday,3,18,0,6.1,Clear,73.0,72.0,0,1.0,1,0,0
T103403,2025-12-26,T7,Tram,8.3,17,10,Friday,12,6,0,6.6,Clear,36.0,26.0,0,-3.0,0,0,0
T104050,2025-04-29,B61,Bus,7.4,18,8,Tuesday,4,19,0,17.7,Snow,66.0,92.0,0,11.1,1,0,1
T101707,2025-11-30,T3,Tram,11.0,22,8,Sunday,11,12,0,6.4,Rain,14.0,14.0,0,-2.2,0,1,0
T104400,2025-05-19,R4,Train,35.5,9,30,Monday,5,5,0,21.4,Clear,20.0,29.0,0,-0.7,0,0,0
T103498,2025-02-14,R4,Train,35.5,9,30,Friday,2,12,0,-3.8,Rain,47.0,29.0,0,-3.0,0,0,0
T104707,2025-07-20,M1,Metro,21.0,19,4,Sunday,7,7,0,23.5,Rain,59.0,42.0,0,2.4,1,1,0
T104588,2025-08-10,R4,Train,35.5,9,30,Sunday,8,9,0,26.1,Clear,46.0,62.0,0,1.5,1,1,0
T100916,2025-07-18,B12,Bus,14.5,32,10,Friday,7,9,0,22.8,Rain,81.0,82.0,0,8.1,1,0,1
T102179,2025-06-16,B45,Bus,18.0,38,15,Monday,6,18,0,30.0,Clear,63.0,89.0,0,12.1,1,0,1
T102629,2025-01-15,B12,Bus,14.5,32,10,Wednesday,1,6,0,5.7,Clear,33.0,68.0,0,-2.9,0,0,0
T104971,2025-05-20,R1,Train,42.0,11,20,Tuesday,5,5,0,17.6,Rain,29.0,17.0,0,0.1,0,0,0
T105084,2025-07-09,B12,Bus,14.5,32,10,Wednesday,7,19,0,25.0,Clear,72.0,101.0,0,9.4,1,0,1
T105162,2025-04-15,T9,Tram,13.6,26,12,Tuesday,4,9,0,7.6,Clear,55.0,76.0,0,3.9,1,0,0
T100091,2025-10-21,R4,Train,35.5,9,30,Tuesday,10,17,0,14.0,Storm,68.0,87.0,0,9.3,1,0,1
T104508,2025-04-07,T7,Tram,8.3,17,10,Monday,4,7,0,14.4,Rain,100.0,72.0,0,6.7,1,0,1
T101163,2025-07-13,M3,Metro,12.2,12,6,Sunday,7,8,0,31.8,Storm,45.0,52.0,0,7.3,1,1,1
T105526,2025-08-03,T3,Tram,11.0,22,8,Sunday,8,9,0,27.8,Snow,78.0,48.0,0,6.6,1,1,1
T104097,2025-02-23,B27,Bus,9.2,24,12,Sunday,2,11,0,1.5,Snow,21.0,9.0,0,4.7,0,1,0
T100912,2025-05-18,B61,Bus,7.4,18,8,Sunday,5,17,0,23.6,Clear,54.0,53.0,0,5.7,1,1,1
T100218,2025-06-13,B12,Bus,14.5,32,10,Friday,6,7,0,24.9,Clear,68.0,69.0,0,30.199999999999996,1,0,1
T103126,2025-10-31,R1,Train,42.0,11,20,Friday,10,16,0,7.5,Clear,91.0,93.0,1,17.1,1,0,1
T101909,2025-12-10,B12,Bus,14.5,32,10,Wednesday,12,19,0,3.4,Clear,55.0,65.0,0,4.6,1,0,0
T101660,2025-08-15,M1,Metro,21.0,19,4,Friday,8,16,0,24.7,Fog,81.0,85.0,0,1.7,1,0,0
T102505,2025-02-12,B45,Bus,18.0,38,15,Wednesday,2,9,0,2.6,Clear,52.0,113.0,0,6.7,1,0,1
T103829,2025-02-24,B61,Bus,7.4,18,8,Monday,2,18,0,2.7,Clear,91.0,55.0,0,8.4,1,0,1
T105896,2025-01-08,T9,Tram,13.6,26,12,Wednesday,1,9,0,10.7,Rain,71.0,80.0,0,6.7,1,0,1
T103749,2025-11-27,T9,Tram,13.6,26,12,Thursday,11,16,0,13.850000000000001,Clear,88.0,89.0,1,20.6,1,0,1
T102990,2025-06-16,B12,Bus,14.5,32,10,Monday,6,11,0,22.7,Clear,32.0,28.0,0,-1.7,0,0,0
T104731,2025-09-08,R4,Train,35.5,9,30,Monday,9,18,0,13.4,Rain,81.0,97.0,0,5.2,1,0,1
T103934,2025-03-08,B12,Bus,14.5,32,10,Saturday,3,17,0,6.8,Clear,62.0,55.0,0,5.6,1,1,1
T101144,2025-05-01,B45,Bus,18.0,38,15,Thursday,5,20,0,12.5,Rain,26.0,8.0,0,-2.2,0,0,0
T100124,2025-11-09,B27,Bus,9.2,24,12,Sunday,11,8,0,15.1,Clear,52.0,62.0,0,4.3,1,1,0
T104017,2025-02-25,M2,Metro,16.5,15,5,Tuesday,2,16,0,2.4,Clear,83.0,65.0,0,0.5,1,0,0
T103716,2025-05-08,M1,Metro,21.0,19,4,Thursday,5,9,0,22.8,Rain,52.0,80.0,0,1.7,1,0,0
T102994,2025-10-09,B12,Bus,14.5,32,10,Thursday,10,16,0,21.1,Rain,63.0,110.0,0,9.9,1,0,1
T104367,2025-02-21,M2,Metro,16.5,15,5,Friday,2,9,0,8.8,Clear,60.0,73.0,0,-1.5,1,0,0
T104593,2025-09-23,R4,Train,35.5,9,30,Tuesday,9,7,0,19.0,Rain,80.0,94.0,0,4.0,1,0,0
T105865,2025-07-25,B61,Bus,7.4,18,8,Friday,7,6,0,29.5,Fog,54.0,44.0,0,0.4,0,0,0
T104153,2025-12-23,T7,Tram,8.3,17,10,Tuesday,12,8,0,4.7,Clear,72.0,84.0,0,3.0,1,0,0
T105849,2025-01-22,T9,Tram,13.6,26,12,Wednesday,1,7,0,2.4,Snow,97.0,98.0,0,11.5,1,0,1
T105897,2025-12-16,T3,Tram,11.0,22,8,Tuesday,12,18,0,-0.7,Clear,81.0,91.0,0,3.7,1,0,0
T102915,2025-06-09,M1,Metro,21.0,19,4,Monday,6,18,0,20.8,Rain,76.0,94.0,0,5.0,1,0,0
T100085,2025-09-13,M3,Metro,12.2,12,6,Saturday,9,6,0,19.7,Storm,58.0,24.0,0,-0.4,0,1,0
T104339,2025-07-03,B61,Bus,7.4,18,8,Thursday,7,7,0,26.6,Rain,66.0,69.0,0,9.7,1,0,1
T102421,2025-10-04,M2,Metro,16.5,15,5,Saturday,10,18,0,9.1,Clear,50.0,73.0,0,-1.7,1,1,0
T101380,2025-12-24,M2,Metro,16.5,15,5,Wednesday,12,8,1,9.8,Snow,79.0,102.0,0,3.2,1,0,0
T105034,2025-01-08,T7,Tram,8.3,17,10,Wednesday,1,14,0,6.5,Fog,39.0,35.0,0,-1.0,0,0,0
T105417,2025-03-04,B12,Bus,14.5,32,10,Tuesday,3,20,0,6.6,Rain,42.0,48.0,0,-0.1,0,0,0
T102758,2025-05-12,B45,Bus,18.0,38,15,Monday,5,16,0,16.9,Rain,84.0,69.0,0,9.9,1,0,1
T101042,2025-06-01,M1,Metro,21.0,19,4,Sunday,6,19,0,17.4,Clear,66.0,54.0,1,17.3,1,1,1
T105800,2025-02-15,B45,Bus,18.0,38,15,Saturday,2,19,0,2.6,Snow,48.0,90.0,0,10.8,1,1,1
T105691,2025-08-03,R1,Train,42.0,11,20,Sunday,8,11,0,14.3,Clear,29.0,63.0,0,-3.0,0,1,0
T100078,2025-07-26,T9,Tram,13.6,26,12,Saturday,7,19,0,16.9,Rain,46.0,74.0,0,4.3,1,1,0
T102064,2025-08-04,M3,Metro,12.2,12,6,Monday,8,21,0,24.8,Rain,47.0,39.0,0,-3.0,0,0,0
T102940,2025-09-19,B27,Bus,9.2,24,12,Friday,9,17,0,23.3,Clear,69.0,77.0,0,8.9,1,0,1
T103062,2025-05-20,M1,Metro,21.0,19,4,Tuesday,5,17,0,23.1,Clear,54.0,105.0,0,4.2,1,0,0
T103227,2025-05-19,T7,Tram,8.3,17,10,Monday,5,16,0,19.1,Rain,64.0,72.0,0,5.6,1,0,1
T102735,2025-02-20,M1,Metro,21.0,19,4,Thursday,2,9,0,6.4,Rain,63.0,61.0,0,2.3,1,0,0
T102929,2025-08-27,B45,Bus,18.0,38,15,Wednesday,8,17,0,25.9,Rain,67.0,62.0,0,7.8,1,0,1
T104336,2025-10-04,B45,Bus,18.0,38,15,Saturday,10,6,0,12.8,Rain,2.0,72.0,0,2.8,0,1,0
T102648,2025-12-08,M3,Metro,12.2,12,6,Monday,12,8,0,4.5,Clear,41.0,80.0,0,3.1,1,0,0
T102971,2025-01-19,B61,Bus,7.4,18,8,Sunday,1,19,0,1.2,Snow,69.0,73.0,0,10.1,1,1,1
T101055,2025-12-30,B27,Bus,9.2,24,12,Tuesday,12,7,0,11.7,Clear,74.0,88.0,0,6.8,1,0,1
T100339,2025-12-14,M1,Metro,21.0,19,4,Sunday,12,17,0,4.7,Rain,58.0,69.0,0,1.3,1,1,0
T101798,2025-06-24,T9,Tram,13.6,26,12,Tuesday,6,9,0,21.5,Rain,87.0,88.0,0,5.6,1,0,1
T102144,2025-05-13,M1,Metro,21.0,19,4,Tuesday,5,8,0,14.7,Rain,57.0,86.0,0,1.8,1,0,0
T103923,2025-06-02,B27,Bus,9.2,24,12,Monday,6,8,0,28.1,Clear,70.0,86.0,0,5.7,1,0,1
T102257,2025-08-27,M3,Metro,12.2,12,6,Wednesday,8,16,0,23.8,Rain,72.0,76.0,0,1.3,1,0,0
T105314,2025-05-30,M3,Metro,12.2,12,6,Friday,5,19,0,18.6,Storm,79.0,85.0,0,7.2,1,0,1
T105781,2025-02-23,R4,Train,35.5,9,30,Sunday,2,7,1,-0.4,Clear,44.0,67.0,0,-1.3,1,1,0
T100723,2025-02-13,T3,Tram,11.0,22,8,Thursday,2,16,0,3.5,Snow,73.0,91.0,0,10.4,1,0,1
T101954,2025-12-21,M1,Metro,21.0,19,4,Sunday,12,5,0,-1.1,Rain,21.0,23.0,0,-0.5,0,1,0
T103865,2025-10-11,M3,Metro,12.2,12,6,Saturday,10,17,0,10.5,Rain,29.0,63.0,0,0.5,1,1,0
T100003,2025-06-10,M1,Metro,21.0,19,4,Tuesday,6,9,0,26.0,Storm,73.0,79.0,0,7.6,1,0,1
T100501,2025-08-26,R4,Train,35.5,9,30,Tuesday,8,7,0,24.0,Rain,76.0,64.0,0,3.9,1,0,0
T103072,2025-03-29,B12,Bus,14.5,32,10,Saturday,3,20,0,5.1,Clear,11.0,5.0,0,-2.7,0,1,0
T101807,2025-06-25,T9,Tram,13.6,26,12,Wednesday,6,19,0,22.9,Clear,57.0,96.0,0,4.0,1,0,0
T100310,2025-09-01,T7,Tram,8.3,17,10,Monday,9,17,0,29.7,Rain,81.0,61.0,0,4.8,1,0,0
T102684,2025-07-04,M2,Metro,16.5,15,5,Friday,7,7,0,22.6,Rain,60.0,73.0,0,0.6,1,0,0
T101227,2025-12-26,R1,Train,42.0,11,20,Friday,12,17,0,7.9,Rain,53.0,96.0,0,4.0,1,0,0
T103237,2025-12-29,T7,Tram,8.3,17,10,Monday,12,16,0,6.5,Clear,70.0,92.0,0,3.8,1,0,0
T104406,2025-04-05,B61,Bus,7.4,18,8,Saturday,4,14,0,14.8,Storm,3.0,29.0,0,-0.6,0,1,0
T104624,2025-05-24,R4,Train,35.5,9,30,Saturday,5,18,0,23.2,Clear,47.0,68.0,0,1.4,1,1,0
T102386,2025-12-14,M1,Metro,21.0,19,4,Sunday,12,7,0,5.9,Fog,62.0,44.0,0,2.2,1,1,0
T100608,2025-12-19,B27,Bus,9.2,24,12,Friday,12,18,0,14.9,Rain,66.0,86.0,1,23.9,1,0,1
T104679,2025-01-26,B61,Bus,7.4,18,8,Sunday,1,9,0,3.8,Snow,73.0,64.0,0,10.9,1,1,1
T105827,2025-09-03,B61,Bus,7.4,18,8,Wednesday,9,9,0,22.8,Rain,65.0,69.0,0,9.5,1,0,1
T101592,2025-05-20,T9,Tram,13.6,26,12,Tuesday,5,13,0,16.4,Clear,9.0,38.0,0,-3.0,0,0,0
T104757,2025-02-18,B45,Bus,18.0,38,15,Tuesday,2,18,0,0.1,Snow,94.0,71.0,0,14.9,1,0,1
T103639,2025-08-15,T9,Tram,13.6,26,12,Friday,8,18,0,18.3,Storm,57.0,105.0,0,10.9,1,0,1
T101945,2025-02-13,T9,Tram,13.6,26,12,Thursday,2,18,0,9.0,Clear,92.0,63.0,0,3.5,1,0,0
T104907,2025-10-16,B45,Bus,18.0,38,15,Thursday,10,17,0,13.9,Clear,88.0,73.0,1,21.2,1,0,1
T103045,2025-11-19,M3,Metro,12.2,12,6,Wednesday,11,16,0,9.7,Clear,64.0,76.0,0,0.6,1,0,0
T101049,2025-02-13,T9,Tram,13.6,26,12,Thursday,2,17,0,5.2,Rain,74.0,66.0,0,2.7,1,0,0
T105539,2025-12-28,M2,Metro,16.5,15,5,Sunday,12,14,0,3.9,Clear,0.0,35.0,1,6.1,0,1,1
T100347,2025-12-08,R4,Train,35.5,9,30,Monday,12,20,0,5.0,Clear,30.0,45.0,0,-3.0,0,0,0
T101996,2025-07-21,M2,Metro,16.5,15,5,Monday,7,9,0,32.3,Clear,61.0,99.0,0,3.3,1,0,0
T100103,2025-01-03,B27,Bus,9.2,24,12,Friday,1,20,0,-0.0,Rain,19.0,44.0,0,-0.8,0,0,0
T104771,2025-10-06,M3,Metro,12.2,12,6,Monday,10,17,0,12.2,Clear,69.0,93.0,0,-0.6,1,0,0
T104532,2025-09-15,M2,Metro,16.5,15,5,Monday,9,19,0,17.6,Clear,54.0,61.0,0,-1.6,1,0,0
T101279,2025-11-12,T9,Tram,13.6,26,12,Wednesday,11,11,0,9.9,Rain,30.0,59.0,0,-2.3,0,0,0
T105822,2025-11-15,T9,Tram,13.6,26,12,Saturday,11,7,0,10.1,Clear,71.0,73.0,0,5.2,1,1,1
T103171,2025-12-09,M3,Metro,12.2,12,6,Tuesday,12,5,0,-3.1,Snow,32.0,40.0,0,-2.1,0,0,0
T100774,2025-11-05,R4,Train,35.5,9,30,Wednesday,11,11,0,3.8,Rain,36.0,39.0,0,-3.0,0,0,0
T102982,2025-10-20,R1,Train,42.0,11,20,Monday,10,18,0,12.1,Clear,68.0,74.0,1,18.5,1,0,1
T105975,2025-07-20,T3,Tram,11.0,22,8,Sunday,7,9,0,29.7,Clear,58.0,64.0,0,3.2,1,1,0
T101258,2025-07-17,B27,Bus,9.2,24,12,Thursday,7,13,0,26.6,Clear,33.0,26.0,0,-2.5,0,0,0
T104658,2025-06-03,B27,Bus,9.2,24,12,Tuesday,6,9,0,20.8,Clear,56.0,94.0,1,22.0,1,0,1
T105241,2025-11-17,T7,Tram,8.3,17,10,Monday,11,17,0,6.9,Rain,56.0,87.0,0,8.6,1,0,1
T102381,2025-06-13,B12,Bus,14.5,32,10,Friday,6,9,0,15.4,Rain,93.0,69.0,0,10.9,1,0,1
T104035,2025-01-12,T7,Tram,8.3,17,10,Sunday,1,13,0,-3.4,Clear,21.0,48.0,0,-3.0,0,1,0
T102153,2025-07-18,M1,Metro,21.0,19,4,Friday,7,6,0,26.5,Rain,14.0,25.0,0,-3.0,0,0,0
T104083,2025-10-15,B27,Bus,9.2,24,12,Wednesday,10,19,0,11.3,Clear,78.0,68.0,0,9.5,1,0,1
T100815,2025-11-02,B61,Bus,7.4,18,8,Sunday,11,8,0,8.2,Storm,70.0,84.0,0,13.3,1,1,1
T100117,2025-02-21,B45,Bus,18.0,38,15,Friday,2,9,0,6.7,Rain,77.0,84.0,0,11.4,1,0,1
T103181,2025-03-13,B45,Bus,18.0,38,15,Thursday,3,7,1,9.2,Clear,50.0,97.0,0,5.0,1,0,0
T103282,2025-12-20,B27,Bus,9.2,24,12,Saturday,12,21,0,6.5,Clear,17.0,46.0,0,-3.0,0,1,0
T103905,2025-10-06,B45,Bus,18.0,38,15,Monday,10,22,0,11.1,Clear,26.0,46.0,1,12.0,0,0,1
T102444,2025-08-07,M2,Metro,16.5,15,5,Thursday,8,16,0,31.2,Clear,89.0,102.0,0,2.1,1,0,0
T103094,2025-11-29,B45,Bus,18.0,38,15,Saturday,11,19,0,14.3,Rain,34.0,76.0,0,4.7,1,1,0
T104261,2025-03-15,B61,Bus,7.4,18,8,Saturday,3,21,0,9.0,Storm,8.0,16.0,0,0.5,0,1,0
T104183,2025-11-08,M3,Metro,12.2,12,6,Saturday,11,17,0,-0.7,Rain,47.0,71.0,0,1.1,1,1,0
T105845,2025-02-28,M2,Metro,16.5,15,5,Friday,2,21,0,14.7,Rain,31.0,27.0,0,-3.0,0,0,0
T105772,2025-05-30,T3,Tram,11.0,22,8,Friday,5,7,0,22.8,Clear,65.0,73.0,0,2.8,1,0,0
T100944,2025-02-17,M3,Metro,12.2,12,6,Monday,2,17,0,-0.5,Snow,73.0,82.0,0,7.1,1,0,1
T101158,2025-05-21,B27,Bus,9.2,24,12,Wednesday,5,7,0,13.2,Clear,80.0,94.0,0,10.7,1,0,1
T102290,2025-05-25,T7,Tram,8.3,17,10,Sunday,5,21,0,30.9,Fog,39.0,40.0,0,-1.4,0,1,0
T100584,2025-05-28,M2,Metro,16.5,15,5,Wednesday,5,14,0,23.1,Clear,28.0,31.0,0,-3.0,0,0,0
T104556,2025-02-26,M2,Metro,16.5,15,5,Wednesday,2,19,0,-0.3,Rain,76.0,72.0,0,2.5,1,0,0
T102539,2025-06-30,M3,Metro,12.2,12,6,Monday,6,18,1,31.2,Clear,82.0,82.0,0,-3.0,1,0,0
T104102,2025-03-11,R1,Train,42.0,11,20,Tuesday,3,22,0,9.2,Clear,5.0,57.0,1,11.0,0,0,1
T102965,2025-08-05,M3,Metro,12.2,12,6,Tuesday,8,8,0,25.7,Clear,68.0,93.0,0,2.3,1,0,0
T102277,2025-01-19,M2,Metro,16.5,15,5,Sunday,1,8,0,0.9,Rain,65.0,46.0,0,2.4,1,1,0
T103291,2025-06-19,R4,Train,35.5,9,30,Thursday,6,11,0,23.6,Clear,57.0,34.0,0,-3.0,0,0,0
T105155,2025-11-10,M2,Metro,16.5,15,5,Monday,11,7,0,10.6,Clear,81.0,111.0,0,1.0,1,0,0
T102112,2025-11-30,B45,Bus,18.0,38,15,Sunday,11,10,0,8.3,Rain,21.0,35.0,0,1.9,0,1,0
T105768,2025-06-21,T3,Tram,11.0,22,8,Saturday,6,18,0,11.9,Clear,31.0,96.0,1,16.5,1,1,1
T102596,2025-07-02,R4,Train,35.5,9,30,Wednesday,7,9,0,21.6,Clear,84.0,87.0,0,2.8,1,0,0
T102888,2025-02-24,T9,Tram,13.6,26,12,Monday,2,16,0,13.850000000000001,Rain,69.0,96.0,0,12.8,1,0,1
T102672,2025-11-07,B61,Bus,7.4,18,8,Friday,11,20,0,8.8,Rain,52.0,45.0,0,-0.1,0,0,0
T103411,2025-12-27,B61,Bus,7.4,18,8,Saturday,12,18,0,10.4,Clear,47.0,74.0,0,8.0,1,1,1
T101966,2025-05-16,B45,Bus,18.0,38,15,Friday,5,10,0,19.7,Clear,32.0,66.0,0,2.1,0,0,0
T103427,2025-11-19,R1,Train,42.0,11,20,Wednesday,11,9,0,7.0,Clear,78.0,80.0,0,4.5,1,0,0
T102757,2025-08-20,R1,Train,42.0,11,20,Wednesday,8,18,0,20.8,Clear,60.0,75.0,0,3.5,1,0,0
T103875,2025-08-09,M2,Metro,16.5,15,5,Saturday,8,9,0,20.7,Rain,49.0,99.0,0,2.4,1,1,0
T101198,2025-10-21,B45,Bus,18.0,38,15,Tuesday,10,14,0,10.5,Clear,31.0,57.0,0,-2.8,0,0,0
T100252,2025-03-10,B61,Bus,7.4,18,8,Monday,3,19,0,5.8,Clear,56.0,81.0,0,5.5,1,0,1
T102668,2025-01-28,B12,Bus,14.5,32,10,Tuesday,1,21,0,-0.1,Snow,36.0,26.0,0,2.9,0,0,0
T102457,2025-12-08,T9,Tram,13.6,26,12,Monday,12,9,0,3.0,Clear,59.0,85.0,0,2.6,1,0,0
T105644,2025-08-11,T7,Tram,8.3,17,10,Monday,8,15,0,24.0,Rain,38.0,66.0,0,-1.5,0,0,0
T104435,2025-12-06,B12,Bus,14.5,32,10,Saturday,12,19,0,3.3,Clear,49.0,80.0,0,6.3,1,1,1
T102616,2025-12-29,M3,Metro,12.2,12,6,Monday,12,21,0,2.1,Clear,47.0,71.0,0,-3.0,0,0,0
T100513,2025-10-26,B27,Bus,9.2,24,12,Sunday,10,17,0,11.7,Clear,41.0,74.0,0,6.6,1,1,1
T101500,2025-07-13,R1,Train,42.0,11,20,Sunday,7,12,0,28.3,Clear,6.0,36.0,0,-3.0,0,1,0
T100256,2025-09-05,M1,Metro,21.0,19,4,Friday,9,19,0,12.0,Clear,81.0,85.0,0,4.1,1,0,0
T105876,2025-11-30,M1,Metro,21.0,19,4,Sunday,11,16,0,1.9,Fog,59.0,95.0,0,2.9,1,1,0
T103599,2025-08-15,M3,Metro,12.2,12,6,Friday,8,13,0,25.3,Fog,18.0,26.0,0,-3.0,0,0,0
T104507,2025-08-03,M3,Metro,12.2,12,6,Sunday,8,7,0,24.2,Clear,34.0,63.0,0,-1.4,1,1,0
T102467,2025-09-06,M3,Metro,12.2,12,6,Saturday,9,12,0,18.2,Clear,6.0,37.0,0,-3.0,0,1,0
T103041,2025-04-17,B27,Bus,9.2,24,12,Thursday,4,17,0,17.6,Clear,56.0,93.0,1,25.9,1,0,1
T104475,2025-04-27,B27,Bus,9.2,24,12,Sunday,4,17,0,13.0,Rain,57.0,94.0,0,6.5,1,1,1
T103444,2025-12-02,M2,Metro,16.5,15,5,Tuesday,12,18,0,0.4,Clear,85.0,93.0,0,4.9,1,0,0
T103595,2025-04-16,T7,Tram,8.3,17,10,Wednesday,4,12,0,9.4,Rain,49.0,54.0,0,2.2,0,0,0
T105848,2025-08-09,B61,Bus,7.4,18,8,Saturday,8,7,0,27.6,Storm,75.0,48.0,0,11.0,1,1,1
T104169,2025-09-04,R4,Train,35.5,9,30,Thursday,9,17,0,23.7,Fog,62.0,96.0,0,11.6,1,0,1
T100551,2025-05-24,M3,Metro,12.2,12,6,Saturday,5,16,0,12.3,Fog,64.0,58.0,1,15.7,1,1,1
T103955,2025-12-11,B45,Bus,18.0,38,15,Thursday,12,18,0,1.6,Clear,56.0,76.0,0,5.1,1,0,1
T103767,2025-10-01,T3,Tram,11.0,22,8,Wednesday,10,10,0,14.6,Clear,48.0,51.0,0,-1.5,0,0,0
T102037,2025-01-15,B27,Bus,9.2,24,12,Wednesday,1,17,0,-6.0,Rain,78.0,86.0,1,23.7,1,0,1
T100399,2025-04-24,R4,Train,35.5,9,30,Thursday,4,15,0,7.1,Clear,28.0,52.0,1,11.6,0,0,1
T105103,2025-07-02,B12,Bus,14.5,32,10,Wednesday,7,7,0,20.6,Clear,67.0,74.0,0,6.5,1,0,1
T105023,2025-06-03,T9,Tram,13.6,26,12,Tuesday,6,8,0,15.4,Clear,49.0,40.0,0,1.4,1,0,0
T102171,2025-09-29,R4,Train,35.5,9,30,Monday,9,14,0,21.2,Clear,21.0,44.0,0,30.199999999999996,0,0,1
T103546,2025-05-30,B12,Bus,14.5,32,10,Friday,5,14,0,20.8,Clear,48.0,65.0,0,-0.5,0,0,0
T103559,2025-06-20,M1,Metro,21.0,19,4,Friday,6,5,0,18.3,Clear,44.0,36.0,0,-3.0,0,0,0
T105745,2025-01-08,B27,Bus,9.2,24,12,Wednesday,1,11,0,13.6,Snow,21.0,44.0,0,4.7,0,0,0
T102426,2025-02-27,B61,Bus,7.4,18,8,Thursday,2,13,0,2.3,Fog,36.0,49.0,0,-1.8,0,0,0
T101264,2025-03-29,T9,Tram,13.6,26,12,Saturday,3,11,0,13.850000000000001,Clear,34.0,25.0,0,-3.0,0,1,0
T104785,2025-05-12,R4,Train,35.5,9,30,Monday,5,15,0,22.3,Rain,48.0,38.0,0,-1.0,0,0,0
T103000,2025-10-11,T7,Tram,8.3,17,10,Saturday,10,11,0,13.7,Clear,7.0,54.0,0,-3.0,0,1,0
T101924,2025-05-12,B27,Bus,9.2,24,12,Monday,5,16,1,23.4,Clear,77.0,66.0,0,4.8,1,0,0
T104397,2025-04-05,M3,Metro,12.2,12,6,Saturday,4,19,0,8.1,Storm,70.0,63.0,0,6.2,1,1,1
T105753,2025-04-11,M1,Metro,21.0,19,4,Friday,4,6,0,18.1,Rain,23.0,16.0,0,-3.0,0,0,0
T100296,2025-11-07,B27,Bus,9.2,24,12,Friday,11,11,0,10.7,Clear,35.0,56.0,0,0.7,0,0,0
T104657,2025-07-29,T7,Tram,8.3,17,10,Tuesday,7,6,0,13.850000000000001,Rain,49.0,17.0,0,-3.0,0,0,0
T105600,2025-05-03,R1,Train,42.0,11,20,Saturday,5,11,0,20.7,Storm,42.0,31.0,0,0.5,0,1,0
T101568,2025-11-28,T3,Tram,11.0,22,8,Friday,11,7,0,10.0,Clear,86.0,71.0,0,6.0,1,0,1
T101222,2025-12-17,T3,Tram,11.0,22,8,Wednesday,12,16,0,3.1,Snow,66.0,31.0,0,7.7,1,0,1
T104338,2025-09-28,R1,Train,42.0,11,20,Sunday,9,18,0,22.1,Clear,56.0,77.0,0,1.7,1,1,0
T100856,2025-03-31,M2,Metro,16.5,15,5,Monday,3,9,0,12.7,Clear,49.0,92.0,0,0.6,1,0,0
T105836,2025-11-17,M3,Metro,12.2,12,6,Monday,11,6,0,12.5,Rain,30.0,33.0,0,-3.0,0,0,0
T103922,2025-06-25,M2,Metro,16.5,15,5,Wednesday,6,18,0,27.2,Clear,64.0,73.0,1,13.6,1,0,1
T101730,2025-10-12,T9,Tram,13.6,26,12,Sunday,10,7,0,16.0,Clear,65.0,44.0,0,30.199999999999996,1,1,1
T102642,2025-03-16,R1,Train,42.0,11,20,Sunday,3,19,0,8.9,Clear,50.0,48.0,0,1.8,1,1,0
T102688,2025-08-21,T9,Tram,13.6,26,12,Thursday,8,18,0,25.2,Clear,68.0,66.0,0,4.2,1,0,0
T105389,2025-11-16,M2,Metro,16.5,15,5,Sunday,11,18,0,13.3,Snow,47.0,61.0,0,5.4,1,1,1
T105634,2025-10-07,T7,Tram,8.3,17,10,Tuesday,10,9,0,18.3,Fog,95.0,78.0,0,5.3,1,0,1
T101652,2025-01-19,B61,Bus,7.4,18,8,Sunday,1,14,0,-2.6,Clear,1.0,30.0,0,-3.0,0,1,0
T103511,2025-07-31,T9,Tram,13.6,26,12,Thursday,7,19,0,24.6,Rain,71.0,72.0,0,4.5,1,0,0
T104533,2025-10-02,B61,Bus,7.4,18,8,Thursday,10,5,1,13.6,Clear,48.0,49.0,0,-1.1,0,0,0
T101150,2025-05-16,M1,Metro,21.0,19,4,Friday,5,12,0,16.3,Rain,30.0,35.0,0,-3.0,0,0,0
T100837,2025-03-14,B12,Bus,14.5,32,10,Friday,3,10,0,8.3,Clear,32.0,44.0,0,-3.0,0,0,0
T100892,2025-07-10,B12,Bus,14.5,32,10,Thursday,7,9,0,19.8,Clear,59.0,63.0,0,4.8,1,0,0
T105518,2025-07-26,B12,Bus,14.5,32,10,Saturday,7,7,0,28.4,Rain,50.0,58.0,0,5.7,1,1,1
T100088,2025-10-08,T3,Tram,11.0,22,8,Wednesday,10,17,0,9.9,Fog,78.0,70.0,0,6.8,1,0,1
T103706,2025-02-27,B61,Bus,7.4,18,8,Thursday,2,6,0,-1.6,Clear,30.0,42.0,0,-2.8,0,0,0
T105307,2025-09-29,T3,Tram,11.0,22,8,Monday,9,20,0,19.4,Clear,34.0,38.0,0,-3.0,0,0,0
T105571,2025-09-10,M2,Metro,16.5,15,5,Wednesday,9,8,0,20.1,Clear,82.0,67.0,0,-0.3,1,0,0
T104638,2025-08-13,M3,Metro,12.2,12,6,Wednesday,8,18,0,25.4,Rain,62.0,82.0,0,3.2,1,0,0
T104677,2025-07-27,M3,Metro,12.2,12,6,Sunday,7,16,0,35.5,Storm,43.0,83.0,0,5.2,1,1,1
T104418,2025-09-18,M2,Metro,16.5,15,5,Thursday,9,19,1,22.4,Clear,63.0,47.0,0,-2.6,1,0,0
T101654,2025-02-27,B27,Bus,9.2,24,12,Thursday,2,19,0,-2.3,Snow,76.0,78.0,0,10.2,1,0,1
T105742,2025-11-22,T9,Tram,13.6,26,12,Saturday,11,17,0,9.0,Clear,63.0,57.0,0,3.9,1,1,0
T101544,2025-03-26,T3,Tram,11.0,22,8,Wednesday,3,21,0,6.4,Rain,46.0,39.0,0,-2.3,0,0,0
T101571,2025-05-12,R4,Train,35.5,9,30,Monday,5,5,0,15.6,Rain,33.0,44.0,0,-2.2,0,0,0
T104529,2025-07-25,T3,Tram,11.0,22,8,Friday,7,18,0,36.1,Fog,63.0,95.0,0,7.0,1,0,1
T100540,2025-09-16,R4,Train,35.5,9,30,Tuesday,9,22,0,24.4,Clear,33.0,28.0,0,-3.0,0,0,0
T102194,2025-08-28,B27,Bus,9.2,24,12,Thursday,8,14,0,26.7,Rain,42.0,34.0,0,1.3,0,0,0
T101336,2025-08-21,R4,Train,35.5,9,30,Thursday,8,10,0,14.3,Clear,23.0,46.0,0,-2.7,0,0,0
T102172,2025-12-30,B61,Bus,7.4,18,8,Tuesday,12,11,0,-0.9,Rain,38.0,29.0,0,0.7,0,0,0
T100888,2025-01-06,B27,Bus,9.2,24,12,Monday,1,12,0,-3.9,Rain,22.0,38.0,0,-1.3,0,0,0
T102029,2025-05-06,T9,Tram,13.6,26,12,Tuesday,5,14,0,16.8,Clear,33.0,64.0,0,-3.0,0,0,0
T103737,2025-07-12,T7,Tram,8.3,17,10,Saturday,7,7,0,20.4,Clear,40.0,60.0,1,16.3,1,1,1
T100459,2025-02-08,T7,Tram,8.3,17,10,Saturday,2,18,0,1.1,Rain,35.0,82.0,0,4.2,1,1,0
T102214,2025-02-12,B12,Bus,14.5,32,10,Wednesday,2,16,0,1.3,Storm,49.0,83.0,0,10.8,1,0,1
T103980,2025-06-14,T7,Tram,8.3,17,10,Saturday,6,7,0,27.7,Clear,62.0,64.0,0,2.5,1,1,0
T105951,2025-10-27,B45,Bus,18.0,38,15,Monday,10,18,0,15.2,Clear,61.0,79.0,0,5.2,1,0,1
T100661,2025-09-26,R4,Train,35.5,9,30,Friday,9,20,0,24.3,Clear,16.0,40.0,0,-3.0,0,0,0
T102398,2025-04-02,R1,Train,42.0,11,20,Wednesday,4,15,0,13.0,Fog,27.0,44.0,0,-1.3,0,0,0
T103970,2025-06-24,B45,Bus,18.0,38,15,Tuesday,6,14,0,34.6,Fog,35.0,41.0,0,0.2,0,0,0
T101462,2025-01-18,B45,Bus,18.0,38,15,Saturday,1,17,0,1.2,Clear,55.0,65.0,0,5.5,1,1,1
T102113,2025-11-29,B61,Bus,7.4,18,8,Saturday,11,21,0,11.7,Clear,50.0,5.0,0,0.2,0,1,0
T102993,2025-11-09,T7,Tram,8.3,17,10,Sunday,11,8,0,6.5,Rain,50.0,55.0,0,2.1,1,1,0
T102501,2025-02-06,T3,Tram,11.0,22,8,Thursday,2,8,0,5.7,Clear,64.0,84.0,0,8.0,1,0,1
T103362,2025-01-17,R4,Train,35.5,9,30,Friday,1,7,0,5.3,Rain,70.0,88.0,0,4.8,1,0,0
T103215,2025-04-07,B45,Bus,18.0,38,15,Monday,4,10,0,10.8,Clear,56.0,63.0,0,-0.5,0,0,0
T104304,2025-09-02,R4,Train,35.5,9,30,Tuesday,9,15,0,25.4,Fog,37.0,43.0,0,1.1,0,0,0
T100700,2025-07-09,R1,Train,42.0,11,20,Wednesday,7,18,0,27.1,Clear,78.0,97.0,0,5.0,1,0,0
T101348,2025-09-26,R4,Train,35.5,9,30,Friday,9,19,0,24.7,Rain,58.0,88.0,0,4.1,1,0,0
T102552,2025-03-21,T9,Tram,13.6,26,12,Friday,3,8,0,9.6,Rain,71.0,58.0,0,5.9,1,0,1
T101961,2025-12-27,B27,Bus,9.2,24,12,Saturday,12,8,0,7.0,Clear,66.0,65.0,0,4.6,1,1,0
T102201,2025-01-03,B61,Bus,7.4,18,8,Friday,1,17,0,4.5,Rain,74.0,99.0,1,23.9,1,0,1
T101874,2025-05-30,B61,Bus,7.4,18,8,Friday,5,8,0,24.2,Clear,74.0,93.0,0,7.2,1,0,1
T102396,2025-12-12,M2,Metro,16.5,15,5,Friday,12,22,1,-3.7,Snow,43.0,37.0,0,-1.9,0,0,0
T101811,2025-08-27,M2,Metro,16.5,15,5,Wednesday,8,5,0,22.1,Clear,45.0,36.0,0,-3.0,0,0,0
T100814,2025-10-11,T3,Tram,11.0,22,8,Saturday,10,17,0,13.5,Storm,44.0,63.0,0,6.0,1,1,1
T100822,2025-02-19,R4,Train,35.5,9,30,Wednesday,2,17,0,-0.1,Snow,62.0,79.0,1,20.7,1,0,1
T103982,2025-09-02,T3,Tram,11.0,22,8,Tuesday,9,19,0,16.0,Rain,77.0,83.0,0,4.4,1,0,0
T105264,2025-11-01,R4,Train,35.5,9,30,Saturday,11,18,0,14.3,Clear,51.0,70.0,0,3.9,1,1,0
T101532,2025-12-07,R1,Train,42.0,11,20,Sunday,12,7,0,1.7,Clear,39.0,76.0,0,1.3,1,1,0
T103851,2025-01-17,T3,Tram,11.0,22,8,Friday,1,22,0,1.4,Snow,52.0,25.0,0,2.2,0,0,0
T104176,2025-04-21,M2,Metro,16.5,15,5,Monday,4,9,0,21.7,Fog,57.0,74.0,0,3.1,1,0,0
T101110,2025-08-19,B12,Bus,14.5,32,10,Tuesday,8,12,0,20.7,Rain,50.0,47.0,0,-0.5,0,0,0
T103592,2025-12-26,R4,Train,35.5,9,30,Friday,12,15,1,6.6,Clear,47.0,43.0,0,-3.0,0,0,0
T104324,2025-12-21,T9,Tram,13.6,26,12,Sunday,12,17,0,10.5,Rain,54.0,73.0,0,6.4,1,1,1
T101594,2025-09-14,T7,Tram,8.3,17,10,Sunday,9,6,0,24.7,Clear,2.0,28.0,0,-3.0,0,1,0
T104385,2025-09-21,B27,Bus,9.2,24,12,Sunday,9,18,0,21.5,Clear,56.0,83.0,0,6.0,1,1,1
T104902,2025-08-15,B12,Bus,14.5,32,10,Friday,8,7,0,22.0,Clear,77.0,58.0,0,12.6,1,0,1
T102877,2025-12-08,B61,Bus,7.4,18,8,Monday,12,13,0,3.0,Clear,51.0,65.0,0,2.0,0,0,0
T101791,2025-11-18,M1,Metro,21.0,19,4,Tuesday,11,19,0,19.3,Clear,46.0,67.0,0,4.7,1,0,0
T103468,2025-07-11,R1,Train,42.0,11,20,Friday,7,12,0,26.8,Rain,45.0,81.0,0,0.1,0,0,0
T101215,2025-02-11,B45,Bus,18.0,38,15,Tuesday,2,19,0,12.5,Clear,75.0,74.0,0,7.9,1,0,1
T104494,2025-04-23,T7,Tram,8.3,17,10,Wednesday,4,8,0,15.4,Clear,79.0,76.0,0,4.4,1,0,0
T104814,2025-09-30,B27,Bus,9.2,24,12,Tuesday,9,18,0,13.6,Rain,74.0,85.0,0,11.5,1,0,1
T101060,2025-10-09,T7,Tram,8.3,17,10,Thursday,10,19,0,10.5,Clear,78.0,86.0,0,3.4,1,0,0
T101828,2025-08-13,T9,Tram,13.6,26,12,Wednesday,8,10,0,26.4,Clear,34.0,46.0,0,0.8,0,0,0
T105377,2025-04-04,M3,Metro,12.2,12,6,Friday,4,18,0,15.9,Storm,70.0,84.0,0,9.8,1,0,1
T102887,2025-01-24,R1,Train,42.0,11,20,Friday,1,19,0,-1.0,Clear,62.0,89.0,0,1.9,1,0,0
T103540,2025-09-26,B12,Bus,14.5,32,10,Friday,9,17,0,24.8,Clear,74.0,63.0,0,12.5,1,0,1
T101509,2025-09-07,T7,Tram,8.3,17,10,Sunday,9,13,0,18.3,Clear,0.0,13.0,0,-3.0,0,1,0
T102456,2025-11-03,R4,Train,35.5,9,30,Monday,11,14,0,-2.6,Clear,10.0,36.0,0,-3.0,0,0,0
T104994,2025-08-23,B61,Bus,7.4,18,8,Saturday,8,10,0,20.3,Clear,23.0,37.0,0,0.2,0,1,0
T105078,2025-10-22,M2,Metro,16.5,15,5,Wednesday,10,18,0,15.7,Rain,56.0,78.0,1,14.4,1,0,1
T103573,2025-05-01,B61,Bus,7.4,18,8,Thursday,5,11,0,20.7,Clear,10.0,66.0,0,-1.7,0,0,0
T103085,2025-05-12,R4,Train,35.5,9,30,Monday,5,8,0,15.9,Clear,65.0,86.0,0,2.2,1,0,0
T104936,2025-12-17,R4,Train,35.5,9,30,Wednesday,12,8,0,7.1,Clear,72.0,117.0,0,5.3,1,0,1
T100845,2025-01-02,M1,Metro,21.0,19,4,Thursday,1,16,0,-0.0,Rain,45.0,90.0,0,2.4,1,0,0
T105170,2025-08-08,T7,Tram,8.3,17,10,Friday,8,16,0,20.1,Rain,53.0,100.0,0,4.9,1,0,0
T105654,2025-03-31,M2,Metro,16.5,15,5,Monday,3,7,0,7.9,Clear,58.0,86.0,0,4.5,1,0,0
T103222,2025-10-11,T7,Tram,8.3,17,10,Saturday,10,8,0,8.6,Clear,34.0,60.0,0,1.5,1,1,0
T101141,2025-05-04,M3,Metro,12.2,12,6,Sunday,5,9,0,22.6,Storm,58.0,73.0,1,19.5,1,1,1
T104836,2025-02-20,T7,Tram,8.3,17,10,Thursday,2,17,0,1.0,Fog,71.0,71.0,1,21.8,1,0,1
T103582,2025-03-17,M3,Metro,12.2,12,6,Monday,3,17,0,16.2,Rain,69.0,72.0,0,0.5,1,0,0
T100664,2025-08-07,M2,Metro,16.5,15,5,Thursday,8,9,0,29.8,Clear,65.0,69.0,0,0.1,1,0,0
T103761,2025-07-04,B27,Bus,9.2,24,12,Friday,7,17,0,31.0,Clear,60.0,83.0,0,6.3,1,0,1
T105853,2025-09-07,M3,Metro,12.2,12,6,Sunday,9,11,0,23.5,Rain,27.0,35.0,0,-3.0,0,1,0
T102399,2025-09-26,B27,Bus,9.2,24,12,Friday,9,10,0,27.3,Rain,46.0,66.0,0,3.3,0,0,0
T102742,2025-07-06,R1,Train,42.0,11,20,Sunday,7,19,0,23.9,Clear,54.0,83.0,0,2.2,1,1,0
T100079,2025-09-02,M1,Metro,21.0,19,4,Tuesday,9,19,0,20.7,Storm,76.0,99.0,0,9.0,1,0,1
T103633,2025-10-05,B45,Bus,18.0,38,15,Sunday,10,16,0,20.5,Rain,42.0,56.0,0,4.9,1,1,0
T102998,2025-06-08,B27,Bus,9.2,24,12,Sunday,6,13,0,30.9,Clear,15.0,26.0,0,-3.0,0,1,0
T101941,2025-04-03,R4,Train,35.5,9,30,Thursday,4,7,0,13.4,Rain,61.0,66.0,0,3.3,1,0,0
T101910,2025-01-28,B12,Bus,14.5,32,10,Tuesday,1,7,0,-1.4,Clear,80.0,101.0,0,7.6,1,0,1
T103307,2025-02-19,B27,Bus,9.2,24,12,Wednesday,2,13,0,2.1,Clear,32.0,22.0,0,-3.0,0,0,0
T104506,2025-04-16,B12,Bus,14.5,32,10,Wednesday,4,18,0,9.0,Rain,81.0,80.0,0,7.8,1,0,1
T100235,2025-09-20,M2,Metro,16.5,15,5,Saturday,9,18,0,13.8,Rain,54.0,77.0,0,2.7,1,1,0
T103081,2025-10-27,B12,Bus,14.5,32,10,Monday,10,7,0,5.9,Clear,65.0,71.0,0,7.0,1,0,1
T102728,2025-08-01,R4,Train,35.5,9,30,Friday,8,16,0,17.6,Clear,87.0,81.0,0,2.8,1,0,0
T104909,2025-08-17,R4,Train,35.5,9,30,Sunday,8,9,0,31.8,Rain,53.0,73.0,0,3.6,1,1,0
T102628,2025-08-14,B61,Bus,7.4,18,8,Thursday,8,16,0,21.7,Clear,74.0,72.0,1,22.1,1,0,1
T103799,2025-01-21,M3,Metro,12.2,12,6,Tuesday,1,16,0,-0.9,Clear,60.0,68.0,0,0.2,1,0,0
T105652,2025-01-21,T7,Tram,8.3,17,10,Tuesday,1,8,0,-0.7,Snow,81.0,65.0,0,8.4,1,0,1
T100604,2025-10-29,T7,Tram,8.3,17,10,Wednesday,10,15,0,13.2,Storm,57.0,39.0,0,2.1,0,0,0
T103083,2025-03-29,B12,Bus,14.5,32,10,Saturday,3,19,0,5.2,Storm,68.0,86.0,0,11.2,1,1,1
T100065,2025-04-29,B61,Bus,7.4,18,8,Tuesday,4,8,0,9.2,Rain,73.0,80.0,0,8.9,1,0,1
T103774,2025-06-06,B27,Bus,9.2,24,12,Friday,6,5,0,21.7,Clear,27.0,30.0,0,-3.0,0,0,0
T102129,2025-04-27,B27,Bus,9.2,24,12,Sunday,4,9,0,12.7,Clear,43.0,65.0,0,6.5,1,1,1
T102312,2025-07-06,T3,Tram,11.0,22,8,Sunday,7,16,0,27.2,Clear,76.0,69.0,0,3.5,1,1,0
T101515,2025-12-06,B61,Bus,7.4,18,8,Saturday,12,6,0,5.6,Rain,0.0,40.0,0,-2.2,0,1,0
T102077,2025-06-10,T3,Tram,11.0,22,8,Tuesday,6,7,0,20.7,Clear,69.0,90.0,0,3.1,1,0,0
T100005,2025-11-10,B45,Bus,18.0,38,15,Monday,11,10,0,10.2,Storm,48.0,34.0,0,3.7,0,0,0
T105858,2025-05-05,B45,Bus,18.0,38,15,Monday,5,18,0,13.6,Clear,42.0,80.0,0,6.9,1,0,1
T102131,2025-12-23,M3,Metro,12.2,12,6,Tuesday,12,22,0,6.1,Rain,33.0,38.0,0,30.199999999999996,0,0,1
T102942,2025-10-06,R4,Train,35.5,9,30,Monday,10,18,0,14.3,Clear,77.0,108.0,0,3.0,1,0,0
T104711,2025-10-18,R4,Train,35.5,9,30,Saturday,10,18,0,14.4,Clear,52.0,70.0,0,3.3,1,1,0
T105917,2025-04-01,M2,Metro,16.5,15,5,Tuesday,4,18,0,14.4,Rain,61.0,95.0,0,1.8,1,0,0
T104734,2025-10-30,T3,Tram,11.0,22,8,Thursday,10,8,0,9.2,Clear,64.0,76.0,0,4.4,1,0,0
T105900,2025-12-06,R1,Train,42.0,11,20,Saturday,12,8,0,0.2,Rain,66.0,88.0,0,6.7,1,1,1
T100155,2025-08-30,M1,Metro,21.0,19,4,Saturday,8,19,0,14.7,Rain,81.0,51.0,0,1.2,1,1,0
T100428,2025-01-10,M2,Metro,16.5,15,5,Friday,1,10,0,1.5,Storm,26.0,29.0,0,-1.7,0,0,0
T103707,2025-10-03,B27,Bus,9.2,24,12,Friday,10,16,0,18.8,Rain,67.0,64.0,0,7.7,1,0,1
T105809,2025-05-19,T7,Tram,8.3,17,10,Monday,5,18,0,21.9,Clear,70.0,86.0,0,2.8,1,0,0
T100472,2025-06-07,T7,Tram,8.3,17,10,Saturday,6,16,0,13.850000000000001,Clear,69.0,61.0,0,2.4,1,1,0
T104987,2025-12-04,B61,Bus,7.4,18,8,Thursday,12,6,0,13.6,Fog,56.0,38.0,0,2.1,0,0,0
T100361,2025-11-22,R4,Train,35.5,9,30,Saturday,11,13,0,3.0,Fog,16.0,33.0,0,-2.3,0,1,0
T102746,2025-03-23,B27,Bus,9.2,24,12,Sunday,3,22,0,11.3,Clear,11.0,38.0,0,-3.0,0,1,0
T104976,2025-07-29,M1,Metro,21.0,19,4,Tuesday,7,21,0,27.9,Rain,38.0,49.0,0,-3.0,0,0,0
T104392,2025-01-05,M2,Metro,16.5,15,5,Sunday,1,15,0,1.7,Clear,18.0,20.0,0,-3.0,0,1,0
T103113,2025-12-06,M3,Metro,12.2,12,6,Saturday,12,8,0,-5.2,Fog,43.0,36.0,0,2.3,1,1,0
T104845,2025-10-07,M3,Metro,12.2,12,6,Tuesday,10,10,0,12.1,Rain,21.0,67.0,0,-3.0,0,0,0
T100267,2025-05-07,B12,Bus,14.5,32,10,Wednesday,5,14,0,23.5,Clear,54.0,58.0,0,2.8,0,0,0
T100436,2025-07-27,M3,Metro,12.2,12,6,Sunday,7,14,0,27.1,Rain,21.0,23.0,0,-1.7,0,1,0
T104389,2025-08-07,R1,Train,42.0,11,20,Thursday,8,19,0,23.4,Clear,50.0,74.0,0,1.8,1,0,0
T100301,2025-10-29,B12,Bus,14.5,32,10,Wednesday,10,5,0,21.0,Clear,43.0,36.0,0,-0.4,0,0,0
T104060,2025-02-22,B27,Bus,9.2,24,12,Saturday,2,22,0,6.1,Storm,23.0,51.0,0,1.8,0,1,0
T101424,2025-04-04,R4,Train,35.5,9,30,Friday,4,16,0,15.7,Clear,98.0,97.0,0,4.7,1,0,0
T105032,2025-05-12,M1,Metro,21.0,19,4,Monday,5,16,0,14.7,Rain,68.0,68.0,0,0.6,1,0,0
T103670,2025-02-22,M2,Metro,16.5,15,5,Saturday,2,9,0,2.3,Snow,51.0,76.0,0,6.2,1,1,1
T102116,2025-12-17,B27,Bus,9.2,24,12,Wednesday,12,14,0,1.8,Snow,30.0,54.0,0,2.2,0,0,0
T102564,2025-06-10,B27,Bus,9.2,24,12,Tuesday,6,16,0,23.9,Clear,68.0,123.0,0,14.4,1,0,1
T102228,2025-04-16,T3,Tram,11.0,22,8,Wednesday,4,10,0,18.0,Rain,39.0,34.0,0,-2.2,0,0,0
T104219,2025-03-01,R1,Train,42.0,11,20,Saturday,3,15,0,6.6,Rain,9.0,26.0,0,-2.2,0,1,0
T101177,2025-03-11,M3,Metro,12.2,12,6,Tuesday,3,7,0,9.2,Rain,58.0,77.0,0,0.8,1,0,0
T102730,2025-12-17,M1,Metro,21.0,19,4,Wednesday,12,18,0,5.0,Clear,64.0,66.0,0,1.9,1,0,0
T105964,2025-09-29,B61,Bus,7.4,18,8,Monday,9,9,0,18.4,Storm,82.0,81.0,0,22.2,1,0,1
T105183,2025-11-22,M3,Metro,12.2,12,6,Saturday,11,13,0,3.0,Snow,26.0,55.0,0,-1.3,0,1,0
T100156,2025-02-16,B27,Bus,9.2,24,12,Sunday,2,18,0,-4.6,Rain,55.0,72.0,0,5.7,1,1,1
T103014,2025-06-28,R1,Train,42.0,11,20,Saturday,6,20,0,27.2,Clear,14.0,29.0,0,-3.0,0,1,0
T102530,2025-12-01,M2,Metro,16.5,15,5,Monday,12,22,0,9.0,Clear,33.0,5.0,0,-3.0,0,0,0
T104563,2025-03-10,B61,Bus,7.4,18,8,Monday,3,8,0,5.1,Clear,93.0,77.0,0,7.1,1,0,1
T104662,2025-02-26,B61,Bus,7.4,18,8,Wednesday,2,12,0,0.8,Rain,23.0,30.0,0,-2.1,0,0,0
T105496,2025-10-09,T3,Tram,11.0,22,8,Thursday,10,9,0,16.7,Clear,78.0,80.0,0,4.7,1,0,0
T105469,2025-04-10,B27,Bus,9.2,24,12,Thursday,4,21,0,13.6,Clear,38.0,33.0,0,-3.0,0,0,0
T100410,2025-03-05,R1,Train,42.0,11,20,Wednesday,3,8,0,6.4,Rain,78.0,95.0,1,18.4,1,0,1
T100974,2025-02-23,B61,Bus,7.4,18,8,Sunday,2,6,0,3.1,Snow,18.0,47.0,0,0.9,0,1,0
T104503,2025-10-09,B12,Bus,14.5,32,10,Thursday,10,20,0,13.4,Clear,33.0,66.0,0,-1.2,0,0,0
T100980,2025-08-04,B61,Bus,7.4,18,8,Monday,8,11,0,27.7,Clear,46.0,66.0,0,0.2,0,0,0
T104204,2025-04-19,M2,Metro,16.5,15,5,Saturday,4,5,0,18.1,Fog,9.0,42.0,0,-3.0,0,1,0
T102507,2025-08-15,T9,Tram,13.6,26,12,Friday,8,8,0,24.7,Rain,75.0,63.0,0,3.5,1,0,0
T101607,2025-08-05,B45,Bus,18.0,38,15,Tuesday,8,8,0,27.6,Clear,57.0,96.0,0,6.1,1,0,1
T101982,2025-01-20,T9,Tram,13.6,26,12,Monday,1,17,0,2.4,Clear,58.0,77.0,0,5.0,1,0,0
T105872,2025-09-27,B12,Bus,14.5,32,10,Saturday,9,11,0,21.4,Storm,21.0,35.0,0,3.1,0,1,0
T104742,2025-06-06,T7,Tram,8.3,17,10,Friday,6,19,0,24.6,Fog,93.0,72.0,0,9.0,1,0,1
T102151,2025-04-28,T3,Tram,11.0,22,8,Monday,4,13,0,20.6,Clear,42.0,32.0,0,-3.0,0,0,0
T102943,2025-03-10,B61,Bus,7.4,18,8,Monday,3,19,0,15.3,Rain,77.0,66.0,0,8.2,1,0,1
T102870,2025-04-14,B12,Bus,14.5,32,10,Monday,4,7,0,23.4,Clear,81.0,92.0,0,8.5,1,0,1
T105373,2025-03-29,B12,Bus,14.5,32,10,Saturday,3,9,0,7.0,Clear,55.0,61.0,0,5.9,1,1,1
T103067,2025-09-15,T7,Tram,8.3,17,10,Monday,9,21,0,20.3,Clear,37.0,16.0,0,-0.7,0,0,0
T104584,2025-08-03,T9,Tram,13.6,26,12,Sunday,8,9,1,22.0,Clear,77.0,69.0,0,-0.1,1,1,0
T104947,2025-07-09,B45,Bus,18.0,38,15,Wednesday,7,16,0,32.2,Clear,70.0,79.0,0,6.9,1,0,1
T103256,2025-03-05,T7,Tram,8.3,17,10,Wednesday,3,8,0,2.5,Clear,72.0,93.0,0,7.9,1,0,1
T100412,2025-04-12,B27,Bus,9.2,24,12,Saturday,4,7,0,19.5,Rain,49.0,68.0,0,5.9,1,1,1
T100652,2025-03-15,R4,Train,35.5,9,30,Saturday,3,22,0,10.0,Clear,30.0,19.0,0,-3.0,0,1,0
T103732,2025-05-27,M1,Metro,21.0,19,4,Tuesday,5,10,0,19.3,Clear,43.0,55.0,0,-3.0,0,0,0
T104452,2025-06-24,R4,Train,35.5,9,30,Tuesday,6,12,1,18.2,Fog,16.0,27.0,0,-3.0,0,0,0
T100340,2025-08-20,B61,Bus,7.4,18,8,Wednesday,8,10,0,13.6,Snow,23.0,64.0,0,0.6,0,0,0
T101687,2025-05-29,M1,Metro,21.0,19,4,Thursday,5,6,0,20.1,Clear,39.0,55.0,0,-3.0,0,0,0
T103634,2025-12-17,M2,Metro,16.5,15,5,Wednesday,12,13,0,6.0,Rain,54.0,42.0,0,-3.0,0,0,0
T105814,2025-08-05,B27,Bus,9.2,24,12,Tuesday,8,18,0,20.6,Clear,55.0,68.0,0,5.3,1,0,1
T104444,2025-09-27,R1,Train,42.0,11,20,Saturday,9,12,0,14.3,Fog,19.0,39.0,0,-2.5,0,1,0
T105161,2025-01-10,M2,Metro,16.5,15,5,Friday,1,8,0,1.4,Snow,86.0,70.0,0,2.9,1,0,0
T102989,2025-06-06,B61,Bus,7.4,18,8,Friday,6,17,0,25.8,Fog,78.0,65.0,0,11.3,1,0,1
T100539,2025-01-08,B27,Bus,9.2,24,12,Wednesday,1,6,0,-4.5,Snow,52.0,5.0,0,2.3,0,0,0
T104680,2025-04-29,R1,Train,42.0,11,20,Tuesday,4,11,0,12.1,Clear,24.0,67.0,0,-3.0,0,0,0
T102643,2025-06-20,T9,Tram,13.6,26,12,Friday,6,7,0,27.4,Rain,59.0,81.0,0,6.1,1,0,1
T103456,2025-10-01,B12,Bus,14.5,32,10,Wednesday,10,18,0,16.1,Rain,79.0,98.0,0,9.6,1,0,1
T105698,2025-09-20,R4,Train,35.5,9,30,Saturday,9,22,0,23.2,Storm,10.0,31.0,0,0.4,0,1,0
T100425,2025-03-14,M3,Metro,12.2,12,6,Friday,3,17,0,10.3,Clear,71.0,85.0,0,0.6,1,0,0
T103849,2025-03-23,T7,Tram,8.3,17,10,Sunday,3,17,0,9.3,Rain,60.0,66.0,0,5.0,1,1,0
T100016,2025-07-07,B61,Bus,7.4,18,8,Monday,7,7,0,23.4,Storm,43.0,88.0,0,16.3,1,0,1
T103700,2025-02-25,B12,Bus,14.5,32,10,Tuesday,2,18,0,1.4,Clear,57.0,82.0,0,5.9,1,0,1
T101193,2025-09-14,R1,Train,42.0,11,20,Sunday,9,5,0,20.3,Rain,31.0,38.0,0,-0.9,0,1,0
T100443,2025-06-28,M3,Metro,12.2,12,6,Saturday,6,16,0,22.2,Rain,79.0,55.0,0,1.9,1,1,0
T105012,2025-08-07,B12,Bus,14.5,32,10,Thursday,8,9,0,29.6,Clear,65.0,104.0,0,7.0,1,0,1
T101305,2025-09-03,B61,Bus,7.4,18,8,Wednesday,9,20,0,21.0,Clear,22.0,34.0,0,-3.0,0,0,0
T101682,2025-01-13,R1,Train,42.0,11,20,Monday,1,18,0,-1.3,Snow,71.0,81.0,0,8.8,1,0,1
T100753,2025-12-08,B12,Bus,14.5,32,10,Monday,12,22,1,13.6,Rain,31.0,55.0,0,-3.0,0,0,0
T104474,2025-11-07,T3,Tram,11.0,22,8,Friday,11,17,0,3.2,Clear,58.0,83.0,1,18.8,1,0,1
T103050,2025-11-02,B12,Bus,14.5,32,10,Sunday,11,18,0,11.5,Clear,74.0,87.0,0,6.5,1,1,1
T102933,2025-06-08,B27,Bus,9.2,24,12,Sunday,6,17,0,24.4,Clear,60.0,64.0,0,12.4,1,1,1
T104417,2025-02-27,B12,Bus,14.5,32,10,Thursday,2,7,0,13.6,Storm,48.0,66.0,0,12.2,1,0,1
T104525,2025-06-17,B27,Bus,9.2,24,12,Tuesday,6,8,0,19.1,Clear,55.0,70.0,1,17.7,1,0,1
T102267,2025-09-23,T9,Tram,13.6,26,12,Tuesday,9,16,0,21.1,Clear,80.0,95.0,0,4.4,1,0,0
T104308,2025-10-21,B27,Bus,9.2,24,12,Tuesday,10,13,0,11.4,Rain,24.0,59.0,0,-1.6,0,0,0
T105945,2025-02-16,T9,Tram,13.6,26,12,Sunday,2,9,0,-5.8,Fog,61.0,50.0,0,12.2,1,1,1
T105842,2025-07-22,M2,Metro,16.5,15,5,Tuesday,7,6,0,24.4,Clear,6.0,23.0,0,-3.0,0,0,0
T102318,2025-11-07,B45,Bus,18.0,38,15,Friday,11,17,0,5.0,Rain,86.0,95.0,0,10.6,1,0,1
T101835,2025-02-20,T9,Tram,13.6,26,12,Thursday,2,18,0,3.7,Snow,59.0,70.0,0,7.3,1,0,1
T103203,2025-02-21,R4,Train,35.5,9,30,Friday,2,7,0,5.4,Clear,70.0,85.0,0,3.7,1,0,0
T104788,2025-04-22,B27,Bus,9.2,24,12,Tuesday,4,17,0,9.8,Clear,62.0,89.0,0,6.5,1,0,1
T101728,2025-06-12,B45,Bus,18.0,38,15,Thursday,6,21,1,18.3,Rain,36.0,28.0,0,-1.8,0,0,0
T101672,2025-04-08,M2,Metro,16.5,15,5,Tuesday,4,8,0,17.6,Clear,86.0,75.0,1,15.1,1,0,1
T100586,2025-09-09,T9,Tram,13.6,26,12,Tuesday,9,19,0,24.3,Clear,53.0,101.0,0,6.6,1,0,1
T103168,2025-10-28,M2,Metro,16.5,15,5,Tuesday,10,17,0,16.6,Clear,42.0,94.0,0,-0.2,1,0,0
T100362,2025-03-23,M3,Metro,12.2,12,6,Sunday,3,7,0,13.5,Rain,60.0,64.0,0,0.7,1,1,0
T104895,2025-05-28,T3,Tram,11.0,22,8,Wednesday,5,10,0,20.4,Clear,57.0,30.0,0,-3.0,0,0,0
T105058,2025-04-04,R1,Train,42.0,11,20,Friday,4,9,0,13.7,Rain,72.0,76.0,0,5.3,1,0,1
T102442,2025-01-04,B61,Bus,7.4,18,8,Saturday,1,19,0,3.9,Clear,67.0,72.0,1,19.7,1,1,1
T105922,2025-08-28,B12,Bus,14.5,32,10,Thursday,8,10,0,21.8,Clear,66.0,47.0,0,-0.9,0,0,0
T103058,2025-05-23,R4,Train,35.5,9,30,Friday,5,19,0,17.8,Clear,68.0,57.0,1,15.4,1,0,1
T104695,2025-11-01,M2,Metro,16.5,15,5,Saturday,11,19,0,-0.2,Rain,47.0,86.0,0,1.6,1,1,0
T103523,2025-03-03,T9,Tram,13.6,26,12,Monday,3,18,0,12.3,Fog,76.0,80.0,0,5.4,1,0,1
T104354,2025-06-26,M1,Metro,21.0,19,4,Thursday,6,13,0,19.6,Clear,35.0,49.0,0,0.7,0,0,0
T101000,2025-10-23,R1,Train,42.0,11,20,Thursday,10,20,1,13.5,Storm,49.0,67.0,0,-1.7,0,0,0
T105258,2025-09-02,M1,Metro,21.0,19,4,Tuesday,9,9,0,17.5,Clear,64.0,79.0,0,-0.7,1,0,0
T101320,2025-02-11,B45,Bus,18.0,38,15,Tuesday,2,8,0,8.0,Rain,74.0,67.0,0,9.9,1,0,1
T102281,2025-05-09,T3,Tram,11.0,22,8,Friday,5,14,0,22.0,Clear,54.0,32.0,0,-0.4,0,0,0
T101075,2025-03-01,M1,Metro,21.0,19,4,Saturday,3,5,1,9.6,Clear,32.0,24.0,0,-3.0,0,1,0
T104166,2025-06-18,T3,Tram,11.0,22,8,Wednesday,6,16,0,21.4,Clear,77.0,81.0,0,4.3,1,0,0
T101411,2025-07-24,B27,Bus,9.2,24,12,Thursday,7,6,0,25.2,Clear,14.0,27.0,0,-2.5,0,0,0
T100212,2025-10-15,T9,Tram,13.6,26,12,Wednesday,10,7,0,4.1,Clear,78.0,45.0,1,18.5,1,0,1
T100131,2025-07-22,T7,Tram,8.3,17,10,Tuesday,7,16,1,25.3,Clear,75.0,76.0,0,0.9,1,0,0
T104619,2025-11-24,B61,Bus,7.4,18,8,Monday,11,21,0,12.7,Clear,24.0,5.0,0,-3.0,0,0,0
T101779,2025-09-07,B61,Bus,7.4,18,8,Sunday,9,6,0,10.2,Clear,15.0,30.0,0,-3.0,0,1,0
T102377,2025-02-20,B12,Bus,14.5,32,10,Thursday,2,22,0,3.0,Snow,49.0,42.0,0,3.4,0,0,0
T105024,2025-11-15,B27,Bus,9.2,24,12,Saturday,11,7,0,7.5,Clear,69.0,87.0,0,7.2,1,1,1
T101785,2025-03-30,T9,Tram,13.6,26,12,Sunday,3,11,0,6.6,Snow,9.0,7.0,0,1.1,0,1,0
T103140,2025-06-29,T9,Tram,13.6,26,12,Sunday,6,7,0,25.2,Rain,51.0,62.0,0,2.9,1,1,0
T101562,2025-04-01,T7,Tram,8.3,17,10,Tuesday,4,9,1,10.9,Clear,69.0,70.0,0,0.2,1,0,0
T101156,2025-02-13,M2,Metro,16.5,15,5,Thursday,2,6,0,0.9,Rain,44.0,38.0,0,-3.0,0,0,0
T104545,2025-10-03,M3,Metro,12.2,12,6,Friday,10,12,0,18.0,Clear,27.0,27.0,0,-3.0,0,0,0
T100191,2025-08-19,B12,Bus,14.5,32,10,Tuesday,8,9,0,29.1,Clear,48.0,64.0,0,8.4,1,0,1
T102777,2025-11-26,M2,Metro,16.5,15,5,Wednesday,11,16,0,3.1,Clear,68.0,86.0,0,1.1,1,0,0
T100337,2025-04-26,B12,Bus,14.5,32,10,Saturday,4,8,0,13.5,Clear,45.0,62.0,0,6.1,1,1,1
T103123,2025-08-12,B45,Bus,18.0,38,15,Tuesday,8,7,0,23.9,Fog,57.0,88.0,0,8.0,1,0,1
T101488,2025-02-10,B12,Bus,14.5,32,10,Monday,2,19,0,13.6,Clear,68.0,79.0,0,6.6,1,0,1
T104609,2025-06-09,B12,Bus,14.5,32,10,Monday,6,20,0,27.7,Rain,29.0,37.0,0,0.9,0,0,0
T105629,2025-01-11,T9,Tram,13.6,26,12,Saturday,1,20,0,-0.7,Clear,15.0,10.0,0,-3.0,0,1,0
T100558,2025-10-17,R4,Train,35.5,9,30,Friday,10,14,0,7.4,Storm,33.0,46.0,0,0.1,0,0,0
T103335,2025-03-25,T3,Tram,11.0,22,8,Tuesday,3,16,0,17.6,Snow,70.0,86.0,0,7.9,1,0,1
T105364,2025-04-10,R1,Train,42.0,11,20,Thursday,4,20,0,14.3,Clear,60.0,56.0,0,-2.6,0,0,0
T105432,2025-05-02,T9,Tram,13.6,26,12,Friday,5,19,0,24.7,Rain,59.0,68.0,0,4.4,1,0,0
T105434,2025-07-11,B45,Bus,18.0,38,15,Friday,7,5,0,24.4,Rain,24.0,53.0,0,0.1,0,0,0
T102226,2025-11-17,M1,Metro,21.0,19,4,Monday,11,12,0,14.0,Clear,59.0,25.0,1,6.7,0,0,1
T101317,2025-08-04,R1,Train,42.0,11,20,Monday,8,17,0,25.9,Fog,73.0,64.0,0,2.9,1,0,0
T104440,2025-04-30,T7,Tram,8.3,17,10,Wednesday,4,9,0,9.3,Clear,70.0,93.0,0,6.8,1,0,1
T105045,2025-05-15,T7,Tram,8.3,17,10,Thursday,5,16,0,19.4,Rain,50.0,81.0,0,3.6,1,0,0
T102229,2025-12-24,M3,Metro,12.2,12,6,Wednesday,12,5,0,1.4,Rain,47.0,45.0,0,-3.0,0,0,0
T103039,2025-03-14,B45,Bus,18.0,38,15,Friday,3,17,0,11.4,Rain,83.0,74.0,0,8.6,1,0,1
T105484,2025-07-14,R1,Train,42.0,11,20,Monday,7,18,0,17.9,Storm,82.0,87.0,0,7.9,1,0,1
T102480,2025-08-26,M1,Metro,21.0,19,4,Tuesday,8,17,0,17.1,Clear,71.0,86.0,0,0.7,1,0,0
T105673,2025-08-26,R1,Train,42.0,11,20,Tuesday,8,5,0,27.3,Fog,48.0,49.0,0,-3.0,0,0,0
T101903,2025-04-01,R4,Train,35.5,9,30,Tuesday,4,8,0,16.2,Rain,66.0,83.0,0,6.8,1,0,1
T101524,2025-08-09,T3,Tram,11.0,22,8,Saturday,8,18,0,26.2,Clear,57.0,50.0,0,2.0,1,1,0
T101778,2025-04-23,T7,Tram,8.3,17,10,Wednesday,4,16,0,26.8,Rain,66.0,66.0,0,4.7,1,0,0
T104325,2025-05-24,B27,Bus,9.2,24,12,Saturday,5,18,0,16.3,Clear,50.0,68.0,0,4.9,1,1,0
T103965,2025-11-07,B61,Bus,7.4,18,8,Friday,11,18,0,2.4,Snow,61.0,68.0,0,9.9,1,0,1
T102351,2025-10-01,T9,Tram,13.6,26,12,Wednesday,10,18,0,17.7,Clear,71.0,66.0,0,2.9,1,0,0
T102066,2025-09-22,B45,Bus,18.0,38,15,Monday,9,19,0,15.6,Clear,65.0,96.0,0,7.3,1,0,1
T105881,2025-12-27,M2,Metro,16.5,15,5,Saturday,12,14,0,-3.2,Rain,23.0,19.0,0,-1.0,0,1,0
T103549,2025-08-22,B12,Bus,14.5,32,10,Friday,8,19,0,22.4,Clear,74.0,76.0,0,7.8,1,0,1
T105559,2025-02-19,B27,Bus,9.2,24,12,Wednesday,2,10,0,9.9,Rain,24.0,27.0,0,-1.4,0,0,0
T103647,2025-08-08,M2,Metro,16.5,15,5,Friday,8,21,0,25.4,Clear,13.0,56.0,0,-3.0,0,0,0
T103285,2025-06-20,T7,Tram,8.3,17,10,Friday,6,9,0,23.0,Storm,48.0,73.0,0,8.3,1,0,1
T101986,2025-10-29,R1,Train,42.0,11,20,Wednesday,10,12,0,15.5,Storm,30.0,52.0,0,3.0,0,0,0
T105033,2025-02-23,B45,Bus,18.0,38,15,Sunday,2,15,0,8.3,Clear,21.0,33.0,0,-1.8,0,1,0
T100391,2025-03-07,T3,Tram,11.0,22,8,Friday,3,18,0,10.1,Clear,52.0,84.0,0,3.8,1,0,0
T100972,2025-06-24,B45,Bus,18.0,38,15,Tuesday,6,18,0,21.7,Clear,76.0,66.0,0,5.4,1,0,1
T100656,2025-10-07,R1,Train,42.0,11,20,Tuesday,10,10,0,17.8,Clear,20.0,48.0,0,-3.0,0,0,0
T100083,2025-10-31,R4,Train,35.5,9,30,Friday,10,18,0,11.1,Clear,79.0,70.0,0,2.9,1,0,0
T101574,2025-02-24,T9,Tram,13.6,26,12,Monday,2,19,0,3.5,Clear,59.0,78.0,0,2.0,1,0,0
T101385,2025-03-27,B27,Bus,9.2,24,12,Thursday,3,12,0,8.6,Storm,26.0,22.0,0,2.5,0,0,0
T103428,2025-10-12,T7,Tram,8.3,17,10,Sunday,10,22,0,15.8,Clear,9.0,32.0,0,-3.0,0,1,0
T103163,2025-04-25,M3,Metro,12.2,12,6,Friday,4,20,0,16.0,Clear,39.0,44.0,0,-3.0,0,0,0
T105131,2025-05-25,B45,Bus,18.0,38,15,Sunday,5,16,0,22.7,Clear,36.0,61.0,0,4.6,1,1,0
T103313,2025-03-24,R1,Train,42.0,11,20,Monday,3,12,1,7.0,Rain,32.0,30.0,1,8.1,0,0,1
T100073,2025-02-17,M1,Metro,21.0,19,4,Monday,2,16,0,3.2,Rain,91.0,60.0,0,1.4,1,0,0
T103301,2025-04-08,R1,Train,42.0,11,20,Tuesday,4,18,0,20.3,Rain,76.0,90.0,0,6.5,1,0,1
T103103,2025-06-10,M2,Metro,16.5,15,5,Tuesday,6,16,0,30.5,Clear,75.0,79.0,0,-0.7,1,0,0
T105451,2025-09-28,R1,Train,42.0,11,20,Sunday,9,17,0,15.0,Clear,56.0,78.0,0,2.2,1,1,0
T102062,2025-02-24,B45,Bus,18.0,38,15,Monday,2,11,1,9.1,Clear,33.0,49.0,0,-2.7,0,0,0
T103465,2025-10-01,T3,Tram,11.0,22,8,Wednesday,10,16,0,12.2,Rain,56.0,67.0,0,3.8,1,0,0
T104686,2025-12-13,M2,Metro,16.5,15,5,Saturday,12,8,0,3.8,Clear,28.0,71.0,0,2.6,1,1,0
T100082,2025-02-28,B45,Bus,18.0,38,15,Friday,2,10,0,6.4,Clear,44.0,5.0,0,-2.6,0,0,0
T100975,2025-03-24,M2,Metro,16.5,15,5,Monday,3,16,0,8.1,Clear,57.0,77.0,0,-0.2,1,0,0
T102200,2025-05-14,T7,Tram,8.3,17,10,Wednesday,5,19,0,23.5,Clear,96.0,93.0,1,20.8,1,0,1
T104453,2025-09-15,B27,Bus,9.2,24,12,Monday,9,7,0,22.9,Clear,77.0,87.0,0,6.1,1,0,1
T103448,2025-08-09,M3,Metro,12.2,12,6,Saturday,8,7,0,27.2,Rain,60.0,58.0,0,1.1,1,1,0
T103614,2025-10-02,M2,Metro,16.5,15,5,Thursday,10,16,0,10.9,Fog,68.0,88.0,0,4.9,1,0,0
T101715,2025-11-17,T7,Tram,8.3,17,10,Monday,11,7,0,6.9,Clear,78.0,70.0,0,7.8,1,0,1
T101510,2025-05-02,T3,Tram,11.0,22,8,Friday,5,18,0,17.4,Clear,90.0,45.0,0,3.8,1,0,0
T102664,2025-03-20,B61,Bus,7.4,18,8,Thursday,3,9,0,17.1,Storm,56.0,79.0,0,16.2,1,0,1
T104130,2025-01-04,B61,Bus,7.4,18,8,Saturday,1,13,0,-3.4,Clear,29.0,25.0,0,-3.0,0,1,0
T100963,2025-03-21,M2,Metro,16.5,15,5,Friday,3,17,0,1.3,Snow,47.0,87.0,0,4.2,1,0,0
T102111,2025-09-04,R1,Train,42.0,11,20,Thursday,9,8,0,14.7,Clear,66.0,82.0,0,4.3,1,0,0
T104655,2025-03-14,R4,Train,35.5,9,30,Friday,3,8,0,14.3,Clear,58.0,87.0,0,1.7,1,0,0
T100573,2025-01-18,M1,Metro,21.0,19,4,Saturday,1,21,0,-0.2,Snow,21.0,19.0,0,-1.1,0,1,0
T105461,2025-01-01,B61,Bus,7.4,18,8,Wednesday,1,18,0,2.0,Clear,65.0,74.0,0,9.4,1,0,1
T100446,2025-04-25,B61,Bus,7.4,18,8,Friday,4,22,0,16.3,Clear,39.0,24.0,0,-3.0,0,0,0
T102946,2025-08-03,B12,Bus,14.5,32,10,Sunday,8,19,0,23.9,Clear,71.0,60.0,1,22.8,1,1,1
T105850,2025-03-03,T7,Tram,8.3,17,10,Monday,3,7,1,8.4,Clear,72.0,78.0,0,0.7,1,0,0
T104220,2025-02-10,T3,Tram,11.0,22,8,Monday,2,21,0,-8.6,Rain,16.0,21.0,1,11.8,0,0,1
T105234,2025-05-18,B27,Bus,9.2,24,12,Sunday,5,14,0,16.5,Clear,19.0,41.0,0,-3.0,0,1,0
T105985,2025-04-23,R4,Train,35.5,9,30,Wednesday,4,8,0,11.0,Clear,67.0,55.0,0,4.2,1,0,0
T101040,2025-09-15,T9,Tram,13.6,26,12,Monday,9,15,0,19.2,Clear,57.0,56.0,0,-3.0,0,0,0
T105247,2025-12-07,M1,Metro,21.0,19,4,Sunday,12,17,0,6.4,Clear,56.0,66.0,0,0.5,1,1,0
T104413,2025-09-20,B12,Bus,14.5,32,10,Saturday,9,21,0,12.6,Rain,46.0,39.0,0,-0.5,0,1,0
T102932,2025-03-01,M1,Metro,21.0,19,4,Saturday,3,18,0,10.7,Fog,52.0,56.0,0,4.7,1,1,0
T100416,2025-12-20,B45,Bus,18.0,38,15,Saturday,12,16,0,4.6,Clear,43.0,56.0,0,3.2,1,1,0
T102114,2025-09-28,B61,Bus,7.4,18,8,Sunday,9,8,0,24.2,Rain,54.0,63.0,0,5.8,1,1,1
T101760,2025-05-21,T3,Tram,11.0,22,8,Wednesday,5,16,0,25.7,Clear,51.0,43.0,0,3.8,1,0,0
T102761,2025-06-07,T9,Tram,13.6,26,12,Saturday,6,8,0,27.3,Rain,46.0,65.0,0,3.2,1,1,0
T101630,2025-07-29,B61,Bus,7.4,18,8,Tuesday,7,13,0,18.3,Clear,56.0,25.0,0,-0.0,0,0,0
T100890,2025-02-06,B27,Bus,9.2,24,12,Thursday,2,21,0,-0.6,Clear,39.0,36.0,0,-2.8,0,0,0
T105430,2025-12-17,T3,Tram,11.0,22,8,Wednesday,12,18,0,4.5,Clear,62.0,79.0,0,2.8,1,0,0
T101512,2025-09-29,T7,Tram,8.3,17,10,Monday,9,7,0,16.5,Clear,71.0,73.0,0,3.3,1,0,0
T102765,2025-07-15,B45,Bus,18.0,38,15,Tuesday,7,8,0,30.2,Rain,62.0,55.0,0,10.4,1,0,1
T103503,2025-03-15,T9,Tram,13.6,26,12,Saturday,3,16,0,7.9,Rain,57.0,57.0,0,5.2,1,1,1
T105009,2025-04-12,R1,Train,42.0,11,20,Saturday,4,11,0,20.2,Rain,57.0,16.0,0,-3.0,0,1,0
T100282,2025-09-02,M1,Metro,21.0,19,4,Tuesday,9,17,0,23.6,Storm,72.0,84.0,0,5.7,1,0,1
T104841,2025-02-15,T3,Tram,11.0,22,8,Saturday,2,15,0,4.8,Rain,30.0,10.0,0,-3.0,0,1,0
T100543,2025-03-05,M1,Metro,21.0,19,4,Wednesday,3,18,0,9.4,Rain,51.0,92.0,1,16.3,1,0,1
T102061,2025-07-25,T9,Tram,13.6,26,12,Friday,7,7,0,31.1,Clear,76.0,106.0,0,6.8,1,0,1
T103674,2025-08-24,T3,Tram,11.0,22,8,Sunday,8,18,0,22.1,Rain,70.0,71.0,0,3.7,1,1,0
T105513,2025-11-14,B27,Bus,9.2,24,12,Friday,11,8,0,1.9,Clear,87.0,68.0,0,6.4,1,0,1
T104867,2025-04-28,T7,Tram,8.3,17,10,Monday,4,19,0,15.7,Snow,69.0,79.0,0,9.2,1,0,1
T103820,2025-02-16,M3,Metro,12.2,12,6,Sunday,2,9,1,4.6,Clear,45.0,49.0,0,-1.0,1,1,0
T105527,2025-04-26,R4,Train,35.5,9,30,Saturday,4,12,0,9.8,Storm,28.0,5.0,1,15.3,0,1,1
T104004,2025-10-20,B61,Bus,7.4,18,8,Monday,10,9,0,16.4,Clear,61.0,93.0,0,6.1,1,0,1
T104061,2025-01-08,B12,Bus,14.5,32,10,Wednesday,1,18,0,4.2,Clear,66.0,111.0,0,7.6,1,0,1
T103150,2025-09-18,R1,Train,42.0,11,20,Thursday,9,19,0,24.8,Clear,67.0,73.0,1,16.1,1,0,1
T105612,2025-08-22,R1,Train,42.0,11,20,Friday,8,18,0,21.6,Fog,83.0,89.0,1,23.1,1,0,1
T104674,2025-10-31,M2,Metro,16.5,15,5,Friday,10,10,0,13.5,Clear,53.0,67.0,0,-3.0,0,0,0
T101517,2025-01-18,R4,Train,35.5,9,30,Saturday,1,17,0,-3.1,Clear,51.0,67.0,0,8.8,1,1,1
T105856,2025-06-23,M1,Metro,21.0,19,4,Monday,6,16,0,25.5,Clear,69.0,56.0,0,1.1,1,0,0
T100223,2025-03-15,B61,Bus,7.4,18,8,Saturday,3,16,0,6.0,Clear,60.0,62.0,0,7.0,1,1,1
T104277,2025-10-07,B45,Bus,18.0,38,15,Tuesday,10,15,0,12.5,Fog,32.0,47.0,0,-0.9,0,0,0
T102094,2025-03-01,T3,Tram,11.0,22,8,Saturday,3,7,0,9.6,Clear,62.0,64.0,0,2.2,1,1,0
T105495,2025-03-10,R4,Train,35.5,9,30,Monday,3,16,0,8.1,Rain,74.0,91.0,0,4.0,1,0,0
T101885,2025-03-07,B45,Bus,18.0,38,15,Friday,3,17,0,7.7,Clear,72.0,50.0,0,9.8,1,0,1
T102834,2025-05-22,R4,Train,35.5,9,30,Thursday,5,19,0,28.6,Rain,60.0,85.0,0,4.7,1,0,0
T104605,2025-06-22,M2,Metro,16.5,15,5,Sunday,6,17,0,14.7,Fog,52.0,55.0,0,1.0,1,1,0
T101942,2025-11-16,T9,Tram,13.6,26,12,Sunday,11,8,0,3.3,Clear,48.0,69.0,0,2.7,1,1,0
T100440,2025-12-22,R1,Train,42.0,11,20,Monday,12,15,0,-0.5,Rain,33.0,33.0,0,-3.0,0,0,0
T105774,2025-06-29,T7,Tram,8.3,17,10,Sunday,6,8,0,24.4,Storm,42.0,63.0,0,6.9,1,1,1
T104977,2025-02-10,T3,Tram,11.0,22,8,Monday,2,9,0,-2.7,Clear,70.0,51.0,0,3.8,1,0,0
T102057,2025-09-27,T7,Tram,8.3,17,10,Saturday,9,8,0,17.1,Clear,57.0,70.0,0,1.6,1,1,0
T103704,2025-12-11,B12,Bus,14.5,32,10,Thursday,12,17,0,9.4,Clear,57.0,91.0,0,10.8,1,0,1
T103410,2025-01-26,R1,Train,42.0,11,20,Sunday,1,7,0,0.5,Rain,56.0,92.0,0,4.9,1,1,0
T105928,2025-02-11,R4,Train,35.5,9,30,Tuesday,2,21,0,-1.9,Clear,17.0,42.0,0,-3.0,0,0,0
T102132,2025-07-09,M1,Metro,21.0,19,4,Wednesday,7,13,0,26.4,Rain,58.0,43.0,0,-3.0,0,0,0
T102798,2025-09-16,R1,Train,42.0,11,20,Tuesday,9,19,0,22.5,Rain,72.0,84.0,0,16.8,1,0,1
T105437,2025-01-05,B27,Bus,9.2,24,12,Sunday,1,7,0,4.2,Rain,67.0,63.0,0,6.4,1,1,1
T101780,2025-01-18,T9,Tram,13.6,26,12,Saturday,1,22,0,3.2,Storm,20.0,36.0,0,0.2,0,1,0
T105746,2025-06-08,T7,Tram,8.3,17,10,Sunday,6,19,0,23.2,Rain,45.0,92.0,0,4.7,1,1,0
T105331,2025-10-22,M2,Metro,16.5,15,5,Wednesday,10,9,0,9.6,Rain,85.0,66.0,0,-0.1,1,0,0
T102687,2025-07-26,B45,Bus,18.0,38,15,Saturday,7,7,0,25.9,Clear,52.0,101.0,0,8.2,1,1,1
T104177,2025-09-19,R4,Train,35.5,9,30,Friday,9,14,0,22.9,Clear,18.0,32.0,0,-3.0,0,0,0
T103408,2025-08-29,B61,Bus,7.4,18,8,Friday,8,21,0,22.5,Clear,22.0,39.0,0,-3.0,0,0,0
T104664,2025-04-25,B61,Bus,7.4,18,8,Friday,4,19,0,8.4,Rain,69.0,67.0,0,9.9,1,0,1
T104910,2025-12-12,M1,Metro,21.0,19,4,Friday,12,10,0,4.8,Rain,24.0,26.0,0,-2.5,0,0,0
T103331,2025-11-07,T3,Tram,11.0,22,8,Friday,11,9,0,11.1,Clear,63.0,94.0,0,5.3,1,0,1
T103661,2025-06-20,M1,Metro,21.0,19,4,Friday,6,9,0,28.1,Rain,67.0,88.0,0,1.5,1,0,0
T104487,2025-04-03,B61,Bus,7.4,18,8,Thursday,4,8,0,13.7,Fog,92.0,90.0,1,25.6,1,0,1
T102186,2025-04-22,T7,Tram,8.3,17,10,Tuesday,4,9,0,10.6,Clear,67.0,69.0,0,2.1,1,0,0
T100763,2025-12-08,R1,Train,42.0,11,20,Monday,12,9,0,-1.3,Rain,95.0,44.0,0,4.5,1,0,0
T103638,2025-01-31,R1,Train,42.0,11,20,Friday,1,13,0,0.0,Clear,59.0,37.0,0,-2.8,0,0,0
T100335,2025-10-23,B45,Bus,18.0,38,15,Thursday,10,19,0,15.9,Clear,69.0,74.0,0,11.9,1,0,1
T105618,2025-11-26,T3,Tram,11.0,22,8,Wednesday,11,9,0,8.9,Clear,79.0,88.0,1,19.7,1,0,1
T104770,2025-04-18,B12,Bus,14.5,32,10,Friday,4,9,0,14.1,Clear,84.0,83.0,0,7.8,1,0,1
T102703,2025-11-02,B12,Bus,14.5,32,10,Sunday,11,19,0,12.6,Rain,51.0,82.0,0,6.9,1,1,1
T104490,2025-03-10,R1,Train,42.0,11,20,Monday,3,9,0,9.4,Clear,84.0,47.0,0,2.4,1,0,0
T103958,2025-02-05,B61,Bus,7.4,18,8,Wednesday,2,9,0,6.0,Storm,61.0,79.0,0,12.5,1,0,1
T100592,2025-03-29,T3,Tram,11.0,22,8,Saturday,3,16,0,13.6,Storm,21.0,76.0,0,8.6,1,1,1
T101800,2025-01-21,T7,Tram,8.3,17,10,Tuesday,1,7,0,-0.4,Fog,70.0,68.0,0,4.9,1,0,0
T103809,2025-08-10,M2,Metro,16.5,15,5,Sunday,8,9,0,23.9,Fog,40.0,71.0,0,0.2,1,1,0
T104903,2025-09-20,T9,Tram,13.6,26,12,Saturday,9,5,0,23.6,Clear,26.0,9.0,0,-3.0,0,1,0
T104381,2025-02-12,M1,Metro,21.0,19,4,Wednesday,2,16,0,6.0,Clear,70.0,63.0,0,-0.9,1,0,0
T103349,2025-10-13,M1,Metro,21.0,19,4,Monday,10,16,0,11.0,Clear,57.0,81.0,0,0.1,1,0,0
T100369,2025-10-09,B12,Bus,14.5,32,10,Thursday,10,22,0,14.0,Clear,30.0,28.0,0,-1.1,0,0,0
T100311,2025-09-03,B61,Bus,7.4,18,8,Wednesday,9,19,0,20.4,Clear,86.0,113.0,0,11.2,1,0,1
T103552,2025-12-09,T7,Tram,8.3,17,10,Tuesday,12,9,0,-0.5,Clear,96.0,97.0,0,5.0,1,0,0
T104024,2025-06-15,B12,Bus,14.5,32,10,Sunday,6,17,0,26.9,Clear,51.0,79.0,0,4.8,1,1,0
T103556,2025-09-15,M3,Metro,12.2,12,6,Monday,9,9,0,20.8,Fog,84.0,73.0,0,1.1,1,0,0
T103721,2025-08-01,T9,Tram,13.6,26,12,Friday,8,19,0,23.4,Clear,54.0,77.0,0,2.8,1,0,0
T102984,2025-09-20,B45,Bus,18.0,38,15,Saturday,9,14,0,17.4,Storm,8.0,5.0,0,1.7,0,1,0
T101639,2025-04-10,R1,Train,42.0,11,20,Thursday,4,16,0,13.8,Rain,57.0,63.0,0,3.4,1,0,0
T100859,2025-10-20,M3,Metro,12.2,12,6,Monday,10,16,0,20.9,Rain,76.0,84.0,0,0.6,1,0,0
T103421,2025-10-15,M3,Metro,12.2,12,6,Wednesday,10,8,0,17.7,Clear,69.0,92.0,0,0.7,1,0,0
T102778,2025-05-22,B27,Bus,9.2,24,12,Thursday,5,16,0,21.9,Rain,61.0,76.0,0,9.1,1,0,1
T105093,2025-12-21,R4,Train,35.5,9,30,Sunday,12,16,0,2.9,Snow,44.0,62.0,0,5.0,1,1,0
T101502,2025-03-25,M2,Metro,16.5,15,5,Tuesday,3,8,0,10.5,Clear,61.0,85.0,0,0.5,1,0,0
T101671,2025-07-26,T7,Tram,8.3,17,10,Saturday,7,7,0,25.3,Fog,39.0,65.0,1,19.0,1,1,1
T101175,2025-05-04,T7,Tram,8.3,17,10,Sunday,5,16,0,18.8,Clear,43.0,97.0,0,4.8,1,1,0
T103116,2025-08-18,T3,Tram,11.0,22,8,Monday,8,17,0,28.1,Fog,85.0,58.0,0,5.3,1,0,1
T101648,2025-12-23,T9,Tram,13.6,26,12,Tuesday,12,16,0,0.7,Clear,62.0,80.0,0,2.1,1,0,0
T105218,2025-01-19,B61,Bus,7.4,18,8,Sunday,1,16,0,1.7,Snow,48.0,55.0,0,9.6,1,1,1
T104821,2025-09-06,B61,Bus,7.4,18,8,Saturday,9,9,0,21.6,Clear,31.0,84.0,0,4.6,1,1,0
T103998,2025-09-24,T9,Tram,13.6,26,12,Wednesday,9,9,0,17.5,Storm,60.0,82.0,0,9.3,1,0,1
T105050,2025-06-08,R1,Train,42.0,11,20,Sunday,6,16,0,23.6,Clear,78.0,62.0,0,2.9,1,1,0
T104356,2025-12-19,B12,Bus,14.5,32,10,Friday,12,21,0,8.2,Rain,32.0,36.0,0,-0.6,0,0,0
T103680,2025-09-16,B12,Bus,14.5,32,10,Tuesday,9,12,0,15.7,Clear,51.0,41.0,0,-0.4,0,0,0
T103120,2025-08-16,M1,Metro,21.0,19,4,Saturday,8,8,1,22.8,Rain,40.0,64.0,0,1.5,1,1,0
T104748,2025-11-12,B12,Bus,14.5,32,10,Wednesday,11,8,0,6.4,Rain,97.0,78.0,1,23.3,1,0,1
T102612,2025-03-08,T3,Tram,11.0,22,8,Saturday,3,7,0,5.0,Fog,66.0,44.0,0,5.2,1,1,1
T103705,2025-07-02,M3,Metro,12.2,12,6,Wednesday,7,8,0,21.0,Clear,70.0,86.0,0,1.8,1,0,0
T100193,2025-05-13,B27,Bus,9.2,24,12,Tuesday,5,17,0,19.2,Clear,57.0,81.0,0,7.8,1,0,1
T102618,2025-08-28,B12,Bus,14.5,32,10,Thursday,8,16,0,23.0,Rain,56.0,85.0,0,8.3,1,0,1
T104650,2025-05-26,T9,Tram,13.6,26,12,Monday,5,19,0,21.0,Fog,68.0,56.0,0,6.4,1,0,1
T105914,2025-07-11,B27,Bus,9.2,24,12,Friday,7,22,0,30.3,Clear,31.0,10.0,1,15.0,0,0,1
T103894,2025-08-11,T7,Tram,8.3,17,10,Monday,8,10,0,28.0,Fog,39.0,45.0,0,-3.0,0,0,0
T103768,2025-10-22,M2,Metro,16.5,15,5,Wednesday,10,13,0,16.4,Clear,37.0,44.0,0,-3.0,0,0,0
T103328,2025-05-24,T7,Tram,8.3,17,10,Saturday,5,19,0,18.4,Rain,57.0,59.0,0,4.2,1,1,0
T103555,2025-06-13,B12,Bus,14.5,32,10,Friday,6,18,0,28.8,Clear,67.0,77.0,0,6.3,1,0,1
T102972,2025-08-07,B61,Bus,7.4,18,8,Thursday,8,11,0,16.4,Rain,36.0,52.0,0,-1.2,0,0,0
T103964,2025-03-14,M1,Metro,21.0,19,4,Friday,3,7,0,8.8,Rain,55.0,67.0,0,1.1,1,0,0
T102830,2025-12-03,R4,Train,35.5,9,30,Wednesday,12,19,0,8.9,Rain,65.0,70.0,0,5.2,1,0,1
T105456,2025-02-28,T3,Tram,11.0,22,8,Friday,2,18,0,-1.4,Rain,70.0,95.0,0,7.9,1,0,1
T100319,2025-10-08,B61,Bus,7.4,18,8,Wednesday,10,7,1,12.3,Clear,90.0,75.0,0,6.1,1,0,1
T102563,2025-05-30,T3,Tram,11.0,22,8,Friday,5,7,0,18.6,Clear,57.0,57.0,1,19.8,1,0,1
T103458,2025-11-04,M3,Metro,12.2,12,6,Tuesday,11,16,0,9.0,Rain,78.0,53.0,0,-0.2,1,0,0
T105566,2025-03-22,B27,Bus,9.2,24,12,Saturday,3,7,1,2.8,Clear,62.0,71.0,0,5.9,1,1,1
T103790,2025-02-10,B45,Bus,18.0,38,15,Monday,2,9,0,8.8,Rain,67.0,91.0,0,9.2,1,0,1
T104580,2025-03-12,M2,Metro,16.5,15,5,Wednesday,3,22,0,9.8,Fog,41.0,67.0,0,-2.5,0,0,0
T104914,2025-10-11,B12,Bus,14.5,32,10,Saturday,10,14,0,10.3,Rain,12.0,45.0,0,-0.5,0,1,0
T104171,2025-04-07,T3,Tram,11.0,22,8,Monday,4,9,0,12.9,Clear,73.0,73.0,0,5.0,1,0,0
T100135,2025-04-21,B45,Bus,18.0,38,15,Monday,4,19,0,15.2,Clear,64.0,88.0,0,8.1,1,0,1
T105194,2025-05-16,B12,Bus,14.5,32,10,Friday,5,19,0,24.4,Storm,51.0,69.0,0,10.9,1,0,1
T101650,2025-03-11,T3,Tram,11.0,22,8,Tuesday,3,13,0,10.1,Clear,29.0,45.0,0,2.2,0,0,0
T105252,2025-09-18,T3,Tram,11.0,22,8,Thursday,9,17,1,29.7,Clear,80.0,59.0,0,2.9,1,0,0
T103316,2025-08-19,R4,Train,35.5,9,30,Tuesday,8,20,0,30.6,Fog,45.0,23.0,0,-2.3,0,0,0
T105759,2025-01-01,B61,Bus,7.4,18,8,Wednesday,1,13,0,-4.0,Clear,51.0,64.0,0,5.0,0,0,0
T100355,2025-12-29,T3,Tram,11.0,22,8,Monday,12,5,1,4.6,Clear,34.0,46.0,0,-3.0,0,0,0
T104929,2025-03-22,B12,Bus,14.5,32,10,Saturday,3,18,0,7.8,Rain,50.0,67.0,0,6.7,1,1,1
T104612,2025-10-15,B12,Bus,14.5,32,10,Wednesday,10,22,0,18.8,Snow,35.0,49.0,0,7.2,0,0,1
T101076,2025-09-17,M3,Metro,12.2,12,6,Wednesday,9,8,0,21.1,Rain,74.0,67.0,0,5.2,1,0,1
T105149,2025-07-18,B61,Bus,7.4,18,8,Friday,7,15,0,21.8,Clear,41.0,49.0,0,0.6,0,0,0
T105942,2025-03-14,T3,Tram,11.0,22,8,Friday,3,16,1,7.9,Clear,69.0,89.0,0,1.9,1,0,0
T104934,2025-05-19,T7,Tram,8.3,17,10,Monday,5,17,0,12.3,Clear,57.0,79.0,0,2.3,1,0,0
T102109,2025-04-14,M3,Metro,12.2,12,6,Monday,4,12,1,16.3,Clear,20.0,58.0,0,-1.7,0,0,0
T104455,2025-01-25,B12,Bus,14.5,32,10,Saturday,1,14,0,6.7,Storm,21.0,23.0,0,1.2,0,1,0
T103277,2025-03-31,B45,Bus,18.0,38,15,Monday,3,18,0,0.6,Snow,79.0,80.0,0,11.7,1,0,1
T103709,2025-11-07,B27,Bus,9.2,24,12,Friday,11,19,0,11.4,Clear,87.0,70.0,0,10.0,1,0,1
T104014,2025-04-14,M2,Metro,16.5,15,5,Monday,4,18,0,14.3,Clear,86.0,114.0,0,2.0,1,0,0
T100612,2025-10-14,R4,Train,35.5,9,30,Tuesday,10,14,0,12.4,Rain,7.0,30.0,0,-2.4,0,0,0
T101221,2025-07-21,M1,Metro,21.0,19,4,Monday,7,17,1,22.0,Fog,78.0,67.0,0,2.2,1,0,0
T104496,2025-05-01,T9,Tram,13.6,26,12,Thursday,5,8,0,26.5,Clear,63.0,63.0,0,7.6,1,0,1
T101897,2025-11-16,R1,Train,42.0,11,20,Sunday,11,8,0,11.2,Clear,52.0,50.0,0,3.1,1,1,0
T105586,2025-03-23,B45,Bus,18.0,38,15,Sunday,3,15,0,2.7,Fog,35.0,26.0,0,0.9,0,1,0
T104054,2025-01-03,T7,Tram,8.3,17,10,Friday,1,5,0,3.8,Fog,34.0,32.0,0,-3.0,0,0,0
T102663,2025-07-01,R4,Train,35.5,9,30,Tuesday,7,15,0,25.3,Rain,31.0,65.0,0,0.1,0,0,0
T103076,2025-02-09,M2,Metro,16.5,15,5,Sunday,2,18,0,3.5,Clear,55.0,81.0,0,1.2,1,1,0
T105346,2025-07-01,M1,Metro,21.0,19,4,Tuesday,7,22,0,20.5,Rain,41.0,18.0,0,-3.0,0,0,0
T102947,2025-07-01,B12,Bus,14.5,32,10,Tuesday,7,22,0,24.6,Clear,18.0,30.0,0,-3.0,0,0,0
T103034,2025-02-06,R1,Train,42.0,11,20,Thursday,2,9,0,6.6,Clear,78.0,58.0,0,1.9,1,0,0
T103193,2025-03-12,T7,Tram,8.3,17,10,Wednesday,3,9,0,7.0,Clear,61.0,87.0,0,4.0,1,0,0
T105130,2025-04-28,M3,Metro,12.2,12,6,Monday,4,7,0,17.9,Clear,80.0,77.0,0,-1.1,1,0,0
T103605,2025-02-19,B12,Bus,14.5,32,10,Wednesday,2,8,0,6.6,Clear,82.0,85.0,0,11.2,1,0,1
T105936,2025-02-27,T3,Tram,11.0,22,8,Thursday,2,10,0,9.9,Rain,22.0,52.0,0,-3.0,0,0,0
T105981,2025-10-16,B27,Bus,9.2,24,12,Thursday,10,19,0,16.3,Clear,86.0,74.0,0,6.4,1,0,1
T100329,2025-07-22,M1,Metro,21.0,19,4,Tuesday,7,7,0,32.7,Clear,70.0,71.0,0,-1.0,1,0,0
T100823,2025-08-26,B27,Bus,9.2,24,12,Tuesday,8,18,0,21.4,Rain,73.0,82.0,0,11.1,1,0,1
T105224,2025-07-12,M3,Metro,12.2,12,6,Saturday,7,17,1,27.7,Clear,80.0,86.0,0,1.0,1,1,0
T100064,2025-05-30,T3,Tram,11.0,22,8,Friday,5,9,0,15.0,Rain,63.0,78.0,0,4.8,1,0,0
T102638,2025-02-25,M3,Metro,12.2,12,6,Tuesday,2,6,0,9.0,Clear,16.0,34.0,1,7.0,0,0,1
T100772,2025-01-02,R4,Train,35.5,9,30,Thursday,1,5,0,1.0,Snow,32.0,18.0,0,2.1,0,0,0
T104205,2025-10-22,B12,Bus,14.5,32,10,Wednesday,10,20,0,17.6,Clear,38.0,46.0,0,-2.6,0,0,0
T100365,2025-07-09,T7,Tram,8.3,17,10,Wednesday,7,19,0,28.2,Clear,58.0,56.0,0,1.4,1,0,0
T100616,2025-04-02,T7,Tram,8.3,17,10,Wednesday,4,19,1,4.7,Clear,53.0,75.0,0,0.7,1,0,0
T101107,2025-11-28,T9,Tram,13.6,26,12,Friday,11,16,0,15.2,Rain,92.0,70.0,0,5.5,1,0,1
T103240,2025-03-18,B61,Bus,7.4,18,8,Tuesday,3,9,0,5.6,Rain,89.0,79.0,0,10.7,1,0,1
T100353,2025-06-08,R1,Train,42.0,11,20,Sunday,6,16,0,23.0,Clear,65.0,59.0,0,1.2,1,1,0
T100678,2025-07-10,R1,Train,42.0,11,20,Thursday,7,7,0,14.3,Clear,78.0,67.0,0,1.9,1,0,0
T104368,2025-12-05,T3,Tram,11.0,22,8,Friday,12,15,0,-1.4,Clear,33.0,28.0,0,-3.0,0,0,0
T100875,2025-07-04,B61,Bus,7.4,18,8,Friday,7,14,0,13.6,Clear,44.0,66.0,1,11.0,0,0,1
T102295,2025-10-20,M2,Metro,16.5,15,5,Monday,10,8,0,11.5,Clear,98.0,74.0,0,0.1,1,0,0
T100669,2025-02-18,T3,Tram,11.0,22,8,Tuesday,2,9,0,4.3,Rain,50.0,58.0,0,5.7,1,0,1
T104567,2025-09-14,T3,Tram,11.0,22,8,Sunday,9,5,0,24.4,Rain,43.0,14.0,0,-1.2,0,1,0
T102016,2025-06-01,T3,Tram,11.0,22,8,Sunday,6,22,0,28.1,Clear,24.0,39.0,0,-3.0,0,1,0
T101955,2025-05-27,B27,Bus,9.2,24,12,Tuesday,5,20,0,20.3,Clear,35.0,66.0,0,0.3,0,0,0
T103866,2025-07-10,B61,Bus,7.4,18,8,Thursday,7,19,0,26.3,Clear,73.0,90.0,0,6.7,1,0,1
T102483,2025-04-27,M3,Metro,12.2,12,6,Sunday,4,20,0,5.0,Clear,11.0,50.0,0,-3.0,0,1,0
T100400,2025-12-31,T9,Tram,13.6,26,12,Wednesday,12,16,0,7.0,Clear,57.0,70.0,0,2.3,1,0,0
T104372,2025-03-24,B61,Bus,7.4,18,8,Monday,3,8,0,11.8,Rain,87.0,90.0,0,9.4,1,0,1
T104502,2025-12-31,M1,Metro,21.0,19,4,Wednesday,12,7,0,1.9,Rain,65.0,80.0,0,3.5,1,0,0
T100613,2025-05-21,B12,Bus,14.5,32,10,Wednesday,5,9,0,25.1,Rain,67.0,70.0,0,12.2,1,0,1
T101813,2025-06-30,M3,Metro,12.2,12,6,Monday,6,18,0,22.7,Storm,88.0,82.0,0,5.3,1,0,1
T101473,2025-03-17,B61,Bus,7.4,18,8,Monday,3,11,0,0.0,Clear,38.0,36.0,0,-2.4,0,0,0
T104402,2025-05-26,M2,Metro,16.5,15,5,Monday,5,9,0,15.6,Clear,65.0,50.0,0,-0.5,1,0,0
T102821,2025-10-30,T3,Tram,11.0,22,8,Thursday,10,18,0,19.3,Rain,71.0,74.0,0,5.3,1,0,1
T104335,2025-06-05,M2,Metro,16.5,15,5,Thursday,6,9,0,21.0,Clear,77.0,68.0,0,-1.6,1,0,0
T101817,2025-04-03,T9,Tram,13.6,26,12,Thursday,4,11,0,10.8,Clear,11.0,32.0,0,-3.0,0,0,0
T100504,2025-04-11,T3,Tram,11.0,22,8,Friday,4,21,0,11.0,Clear,33.0,48.0,0,-3.0,0,0,0
T100227,2025-07-31,M1,Metro,21.0,19,4,Thursday,7,8,0,21.0,Clear,64.0,81.0,0,0.9,1,0,0
T101755,2025-04-27,R4,Train,35.5,9,30,Sunday,4,22,0,8.1,Storm,26.0,14.0,0,0.5,0,1,0
T102831,2025-10-18,M3,Metro,12.2,12,6,Saturday,10,16,0,13.7,Storm,70.0,55.0,0,5.6,1,1,1
T100245,2025-01-31,B61,Bus,7.4,18,8,Friday,1,8,0,0.1,Clear,83.0,99.0,0,10.8,1,0,1
T103294,2025-03-12,B45,Bus,18.0,38,15,Wednesday,3,18,0,7.4,Clear,86.0,72.0,0,7.8,1,0,1
T101635,2025-07-15,B61,Bus,7.4,18,8,Tuesday,7,18,0,26.7,Rain,66.0,82.0,0,7.7,1,0,1
T103723,2025-12-29,R1,Train,42.0,11,20,Monday,12,18,0,9.5,Rain,73.0,78.0,0,3.4,1,0,0
T103862,2025-04-01,R1,Train,42.0,11,20,Tuesday,4,19,0,15.0,Clear,66.0,81.0,0,5.5,1,0,1
T102002,2025-05-26,B61,Bus,7.4,18,8,Monday,5,7,0,17.5,Clear,50.0,68.0,0,3.8,1,0,0
T100374,2025-11-20,B27,Bus,9.2,24,12,Thursday,11,16,1,8.1,Rain,56.0,97.0,0,6.0,1,0,1
T100119,2025-02-11,B61,Bus,7.4,18,8,Tuesday,2,16,0,-0.3,Fog,89.0,78.0,0,10.4,1,0,1
T100040,2025-03-02,T3,Tram,11.0,22,8,Sunday,3,21,0,16.0,Fog,-0.0,30.0,0,-3.0,0,1,0
T102793,2025-07-15,B45,Bus,18.0,38,15,Tuesday,7,12,0,29.9,Clear,22.0,66.0,0,-3.0,0,0,0
T103850,2025-09-25,B45,Bus,18.0,38,15,Thursday,9,7,0,17.6,Clear,73.0,87.0,0,7.2,1,0,1
T100663,2025-03-15,B61,Bus,7.4,18,8,Saturday,3,17,0,6.9,Storm,48.0,78.0,0,9.8,1,1,1
T103919,2025-08-13,M2,Metro,16.5,15,5,Wednesday,8,8,0,27.3,Rain,70.0,85.0,1,16.7,1,0,1
T100646,2025-06-18,B27,Bus,9.2,24,12,Wednesday,6,18,0,20.3,Clear,47.0,88.0,0,4.5,1,0,0
T102578,2025-12-20,R1,Train,42.0,11,20,Saturday,12,11,0,3.7,Clear,24.0,30.0,0,-2.3,0,1,0
T101435,2025-02-07,M3,Metro,12.2,12,6,Friday,2,18,0,3.3,Clear,65.0,75.0,0,-1.2,1,0,0
T105340,2025-04-21,R4,Train,35.5,9,30,Monday,4,12,0,19.3,Clear,40.0,52.0,0,0.7,0,0,0
T103795,2025-04-11,T9,Tram,13.6,26,12,Friday,4,22,0,12.7,Storm,20.0,23.0,0,1.0,0,0,0
T103743,2025-06-10,B45,Bus,18.0,38,15,Tuesday,6,17,0,21.5,Rain,71.0,95.0,0,13.2,1,0,1
T105984,2025-02-21,M2,Metro,16.5,15,5,Friday,2,16,0,6.8,Clear,59.0,67.0,0,3.5,1,0,0
T105764,2025-04-25,T7,Tram,8.3,17,10,Friday,4,21,0,7.1,Clear,45.0,28.0,0,-3.0,0,0,0
T102794,2025-01-26,T7,Tram,8.3,17,10,Sunday,1,10,0,2.1,Snow,32.0,39.0,0,0.8,0,1,0
T102065,2025-07-05,M1,Metro,21.0,19,4,Saturday,7,7,0,31.1,Clear,62.0,61.0,0,-0.7,1,1,0
T100755,2025-06-09,R1,Train,42.0,11,20,Monday,6,19,0,24.0,Rain,73.0,76.0,0,3.3,1,0,0
T103369,2025-02-13,R4,Train,35.5,9,30,Thursday,2,12,0,2.1,Fog,47.0,47.0,0,-2.9,0,0,0
T102950,2025-01-12,B27,Bus,9.2,24,12,Sunday,1,9,0,4.2,Rain,56.0,58.0,0,6.3,1,1,1
T102342,2025-07-19,B45,Bus,18.0,38,15,Saturday,7,19,0,31.2,Clear,51.0,95.0,0,7.3,1,1,1
T104636,2025-10-28,B12,Bus,14.5,32,10,Tuesday,10,22,0,13.1,Fog,23.0,46.0,0,4.1,0,0,0
T102027,2025-12-13,B12,Bus,14.5,32,10,Saturday,12,9,0,11.2,Clear,44.0,67.0,0,3.9,1,1,0
T105299,2025-11-05,B45,Bus,18.0,38,15,Wednesday,11,19,0,3.1,Rain,79.0,85.0,0,11.9,1,0,1
T104574,2025-09-17,M1,Metro,21.0,19,4,Wednesday,9,16,0,20.1,Clear,67.0,49.0,0,-1.5,1,0,0
T100802,2025-07-08,T9,Tram,13.6,26,12,Tuesday,7,8,0,21.4,Clear,74.0,76.0,0,3.0,1,0,0
T101387,2025-04-29,T9,Tram,13.6,26,12,Tuesday,4,9,0,14.3,Fog,71.0,95.0,0,5.4,1,0,1
T102554,2025-12-25,R4,Train,35.5,9,30,Thursday,12,22,0,11.0,Rain,17.0,49.0,0,-2.6,0,0,0
T104198,2025-12-14,R4,Train,35.5,9,30,Sunday,12,15,0,9.5,Storm,16.0,17.0,0,0.8,0,1,0
T102036,2025-08-02,R4,Train,35.5,9,30,Saturday,8,17,0,22.5,Clear,53.0,80.0,0,4.6,1,1,0
T100394,2025-09-20,T9,Tram,13.6,26,12,Saturday,9,7,0,20.0,Rain,73.0,55.0,0,4.7,1,1,0
T105380,2025-03-02,B61,Bus,7.4,18,8,Sunday,3,8,0,4.3,Rain,56.0,84.0,0,7.3,1,1,1
T102799,2025-05-25,M3,Metro,12.2,12,6,Sunday,5,8,0,20.1,Clear,70.0,82.0,1,13.1,1,1,1
T101818,2025-02-19,M2,Metro,16.5,15,5,Wednesday,2,12,0,-2.9,Storm,28.0,37.0,0,-0.5,0,0,0
T100378,2025-05-19,T9,Tram,13.6,26,12,Monday,5,8,0,18.2,Clear,57.0,69.0,0,4.6,1,0,0
T104844,2025-10-02,M3,Metro,12.2,12,6,Thursday,10,17,0,12.0,Clear,69.0,112.0,0,5.5,1,0,1
T100793,2025-10-29,B12,Bus,14.5,32,10,Wednesday,10,19,0,12.9,Clear,65.0,80.0,0,6.5,1,0,1
T100605,2025-07-15,B61,Bus,7.4,18,8,Tuesday,7,19,0,25.6,Clear,79.0,70.0,0,6.3,1,0,1
T101958,2025-08-30,R4,Train,35.5,9,30,Saturday,8,7,1,26.0,Rain,53.0,66.0,0,1.4,1,1,0
T101514,2025-04-01,B61,Bus,7.4,18,8,Tuesday,4,14,0,10.1,Clear,43.0,59.0,0,-2.3,0,0,0
T100289,2025-06-22,M3,Metro,12.2,12,6,Sunday,6,11,0,21.0,Storm,22.0,5.0,1,12.8,0,1,1
T103536,2025-01-11,M2,Metro,16.5,15,5,Saturday,1,21,0,1.4,Rain,17.0,12.0,0,-3.0,0,1,0
T101271,2025-02-09,B12,Bus,14.5,32,10,Sunday,2,21,0,7.7,Fog,35.0,14.0,0,-1.0,0,1,0
T102614,2025-02-08,B45,Bus,18.0,38,15,Saturday,2,19,0,-4.0,Rain,47.0,53.0,0,6.2,1,1,1
T103027,2025-09-30,B27,Bus,9.2,24,12,Tuesday,9,18,0,17.6,Fog,91.0,68.0,0,9.8,1,0,1
T104725,2025-06-24,B27,Bus,9.2,24,12,Tuesday,6,8,0,28.6,Clear,80.0,58.0,0,8.2,1,0,1
T105640,2025-10-02,T9,Tram,13.6,26,12,Thursday,10,15,1,8.1,Clear,43.0,45.0,0,-3.0,0,0,0
T103597,2025-07-22,R1,Train,42.0,11,20,Tuesday,7,8,0,15.3,Storm,83.0,86.0,0,10.6,1,0,1
T103377,2025-08-01,R1,Train,42.0,11,20,Friday,8,9,0,14.3,Storm,46.0,70.0,0,30.199999999999996,1,0,1
T104342,2025-06-20,R1,Train,42.0,11,20,Friday,6,8,0,23.5,Fog,98.0,76.0,0,5.6,1,0,1
T105674,2025-06-30,R1,Train,42.0,11,20,Monday,6,8,0,24.1,Clear,88.0,61.0,1,17.5,1,0,1
T100297,2025-06-10,R1,Train,42.0,11,20,Tuesday,6,10,0,25.7,Rain,45.0,44.0,0,-2.2,0,0,0
T101917,2025-06-29,B27,Bus,9.2,24,12,Sunday,6,19,0,32.1,Rain,51.0,55.0,0,6.1,1,1,1
T105968,2025-03-12,M1,Metro,21.0,19,4,Wednesday,3,16,0,9.0,Fog,70.0,56.0,1,14.9,1,0,1
T102973,2025-12-25,M3,Metro,12.2,12,6,Thursday,12,9,0,6.9,Fog,71.0,68.0,0,-0.2,1,0,0
T101319,2025-05-25,B12,Bus,14.5,32,10,Sunday,5,8,0,15.3,Rain,37.0,65.0,1,22.8,1,1,1
T104370,2025-07-23,B27,Bus,9.2,24,12,Wednesday,7,16,0,22.3,Clear,63.0,82.0,0,12.6,1,0,1
T105620,2025-01-08,M3,Metro,12.2,12,6,Wednesday,1,18,0,-1.5,Clear,66.0,100.0,0,0.4,1,0,0
T103788,2025-12-23,M2,Metro,16.5,15,5,Tuesday,12,8,0,6.6,Rain,58.0,51.0,0,0.7,1,0,0
T101381,2025-04-14,B12,Bus,14.5,32,10,Monday,4,9,0,10.8,Rain,61.0,96.0,0,9.2,1,0,1
T105983,2025-10-27,M2,Metro,16.5,15,5,Monday,10,8,0,14.2,Rain,64.0,72.0,0,0.8,1,0,0
T100703,2025-03-04,B27,Bus,9.2,24,12,Tuesday,3,16,0,4.9,Rain,70.0,61.0,0,6.4,1,0,1
T101634,2025-06-01,B12,Bus,14.5,32,10,Sunday,6,18,0,24.6,Storm,78.0,89.0,1,28.6,1,1,1
T104080,2025-11-26,B27,Bus,9.2,24,12,Wednesday,11,12,0,5.7,Clear,46.0,51.0,0,0.6,0,0,0
T101549,2025-01-02,M3,Metro,12.2,12,6,Thursday,1,16,0,4.0,Clear,76.0,75.0,0,-0.6,1,0,0
T102677,2025-11-17,T9,Tram,13.6,26,12,Monday,11,14,0,7.2,Clear,33.0,27.0,0,-3.0,0,0,0
T105867,2025-11-18,B45,Bus,18.0,38,15,Tuesday,11,22,0,10.2,Fog,35.0,49.0,0,-0.0,0,0,0
T102772,2025-03-16,T9,Tram,13.6,26,12,Sunday,3,5,0,8.8,Rain,7.0,41.0,0,-3.0,0,1,0
T100482,2025-04-02,R4,Train,35.5,9,30,Wednesday,4,20,0,9.6,Clear,34.0,39.0,0,-3.0,0,0,0
T105221,2025-11-20,B12,Bus,14.5,32,10,Thursday,11,5,0,7.4,Clear,33.0,30.0,0,-1.3,0,0,0
T103942,2025-12-05,M3,Metro,12.2,12,6,Friday,12,12,0,7.8,Clear,53.0,16.0,0,0.6,0,0,0
T103009,2025-10-24,B27,Bus,9.2,24,12,Friday,10,7,0,18.4,Clear,49.0,80.0,0,5.2,1,0,1
T103686,2025-02-08,M2,Metro,16.5,15,5,Saturday,2,13,0,7.9,Clear,0.0,37.0,0,-3.0,0,1,0
T105766,2025-04-23,M2,Metro,16.5,15,5,Wednesday,4,10,0,14.7,Storm,33.0,25.0,0,0.4,0,0,0
T103880,2025-11-12,T3,Tram,11.0,22,8,Wednesday,11,18,0,4.8,Rain,91.0,93.0,0,7.5,1,0,1
T105689,2025-03-18,T7,Tram,8.3,17,10,Tuesday,3,18,0,4.6,Clear,58.0,79.0,0,1.5,1,0,0
T104615,2025-06-07,B61,Bus,7.4,18,8,Saturday,6,19,0,20.0,Clear,56.0,71.0,0,8.4,1,1,1
T101007,2025-07-03,M1,Metro,21.0,19,4,Thursday,7,19,0,14.7,Clear,61.0,89.0,0,2.4,1,0,0
T102602,2025-10-12,B61,Bus,7.4,18,8,Sunday,10,16,1,14.5,Clear,40.0,73.0,0,30.199999999999996,1,1,1
T102669,2025-12-18,R1,Train,42.0,11,20,Thursday,12,18,0,8.6,Clear,56.0,98.0,0,4.4,1,0,0
T100910,2025-10-09,M1,Metro,21.0,19,4,Thursday,10,18,0,18.2,Rain,82.0,75.0,0,3.2,1,0,0
T104896,2025-11-07,M2,Metro,16.5,15,5,Friday,11,8,0,5.0,Clear,58.0,93.0,0,0.0,1,0,0
T102685,2025-06-25,T9,Tram,13.6,26,12,Wednesday,6,7,0,29.5,Fog,72.0,71.0,0,5.5,1,0,1
T105309,2025-06-15,B61,Bus,7.4,18,8,Sunday,6,7,0,21.8,Rain,56.0,66.0,0,5.1,1,1,1
T102049,2025-08-29,M3,Metro,12.2,12,6,Friday,8,22,0,27.6,Clear,41.0,36.0,0,-3.0,0,0,0
T104626,2025-01-02,B61,Bus,7.4,18,8,Thursday,1,8,0,-0.4,Clear,44.0,110.0,0,5.7,1,0,1
T101255,2025-01-31,M2,Metro,16.5,15,5,Friday,1,8,1,-5.8,Clear,62.0,83.0,0,2.0,1,0,0
T105536,2025-01-21,M1,Metro,21.0,19,4,Tuesday,1,22,1,-2.0,Clear,14.0,71.0,0,-3.0,0,0,0
T101797,2025-03-09,B27,Bus,9.2,24,12,Sunday,3,5,0,0.4,Rain,27.0,28.0,0,-0.9,0,1,0
T104531,2025-02-16,B12,Bus,14.5,32,10,Sunday,2,17,0,3.4,Snow,35.0,62.0,0,12.5,1,1,1
T100224,2025-09-21,T3,Tram,11.0,22,8,Sunday,9,21,0,26.8,Clear,33.0,10.0,0,-3.0,0,1,0
T101367,2025-06-15,T7,Tram,8.3,17,10,Sunday,6,19,0,28.7,Storm,35.0,68.0,0,8.9,1,1,1
T102920,2025-04-29,M2,Metro,16.5,15,5,Tuesday,4,8,0,11.5,Fog,79.0,65.0,0,0.6,1,0,0
T105316,2025-07-16,B27,Bus,9.2,24,12,Wednesday,7,8,0,22.3,Rain,66.0,66.0,0,7.0,1,0,1
T105662,2025-11-11,R1,Train,42.0,11,20,Tuesday,11,18,0,12.2,Clear,61.0,55.0,0,3.1,1,0,0
T101104,2025-04-22,B61,Bus,7.4,18,8,Tuesday,4,19,0,8.8,Clear,55.0,64.0,0,7.1,1,0,1
T101853,2025-02-28,T9,Tram,13.6,26,12,Friday,2,19,0,6.0,Clear,78.0,58.0,0,3.9,1,0,0
T105873,2025-04-28,B45,Bus,18.0,38,15,Monday,4,16,0,17.5,Clear,72.0,66.0,0,6.8,1,0,1
T101283,2025-10-20,B12,Bus,14.5,32,10,Monday,10,16,0,16.7,Rain,90.0,72.0,0,10.5,1,0,1
T101930,2025-02-02,T3,Tram,11.0,22,8,Sunday,2,17,0,4.4,Rain,48.0,63.0,0,3.2,1,1,0
T105669,2025-09-07,T9,Tram,13.6,26,12,Sunday,9,16,0,23.4,Storm,79.0,90.0,0,11.1,1,1,1
T102879,2025-12-23,B61,Bus,7.4,18,8,Tuesday,12,11,0,7.3,Rain,62.0,14.0,0,4.0,0,0,0
T103753,2025-04-09,B45,Bus,18.0,38,15,Wednesday,4,8,1,18.6,Clear,56.0,72.0,0,4.1,1,0,0
T104371,2025-03-04,R1,Train,42.0,11,20,Tuesday,3,8,0,2.6,Rain,55.0,73.0,0,4.0,1,0,0
T102544,2025-10-21,B27,Bus,9.2,24,12,Tuesday,10,17,0,15.6,Clear,60.0,83.0,0,7.0,1,0,1
T103043,2025-07-13,T3,Tram,11.0,22,8,Sunday,7,7,0,23.4,Clear,62.0,69.0,0,6.2,1,1,1
T100081,2025-06-09,T3,Tram,11.0,22,8,Monday,6,7,0,23.1,Clear,95.0,86.0,0,7.3,1,0,1
T102898,2025-10-18,M2,Metro,16.5,15,5,Saturday,10,9,0,10.3,Rain,68.0,69.0,0,2.5,1,1,0
T102604,2025-10-04,B45,Bus,18.0,38,15,Saturday,10,21,0,19.5,Snow,34.0,17.0,0,1.4,0,1,0
T100984,2025-08-03,R4,Train,35.5,9,30,Sunday,8,17,0,19.3,Clear,63.0,98.0,0,8.0,1,1,1
T104749,2025-05-14,M1,Metro,21.0,19,4,Wednesday,5,8,0,18.6,Clear,61.0,84.0,0,0.2,1,0,0
T101673,2025-10-04,M2,Metro,16.5,15,5,Saturday,10,19,0,17.4,Rain,41.0,84.0,0,1.5,1,1,0
T104631,2025-04-15,T3,Tram,11.0,22,8,Tuesday,4,7,0,14.0,Clear,66.0,68.0,0,2.6,1,0,0
T103565,2025-04-06,R1,Train,42.0,11,20,Sunday,4,5,0,10.4,Rain,25.0,25.0,0,1.6,0,1,0
T104938,2025-04-18,M2,Metro,16.5,15,5,Friday,4,19,0,13.3,Storm,65.0,81.0,0,8.9,1,0,1
T105577,2025-12-08,M3,Metro,12.2,12,6,Monday,12,16,0,0.6,Clear,60.0,87.0,0,-0.7,1,0,0
T105713,2025-08-30,T9,Tram,13.6,26,12,Saturday,8,17,0,15.6,Storm,29.0,47.0,0,6.1,1,1,1
T100106,2025-10-12,B12,Bus,14.5,32,10,Sunday,10,14,0,20.0,Rain,2.0,5.0,0,-3.0,0,1,0
T100598,2025-08-18,B27,Bus,9.2,24,12,Monday,8,16,0,28.5,Clear,49.0,68.0,0,5.3,1,0,1
T104515,2025-10-17,T7,Tram,8.3,17,10,Friday,10,16,0,8.6,Clear,55.0,63.0,0,2.7,1,0,0
T105529,2025-01-27,T7,Tram,8.3,17,10,Monday,1,7,0,2.1,Snow,73.0,80.0,0,9.1,1,0,1
T102340,2025-06-04,R1,Train,42.0,11,20,Wednesday,6,18,0,30.1,Clear,57.0,90.0,0,3.0,1,0,0
T102473,2025-03-17,T3,Tram,11.0,22,8,Monday,3,7,0,10.9,Clear,71.0,66.0,1,16.5,1,0,1
T102249,2025-06-04,R4,Train,35.5,9,30,Wednesday,6,19,0,23.5,Fog,75.0,67.0,0,5.3,1,0,1
T100359,2025-10-01,T9,Tram,13.6,26,12,Wednesday,10,9,0,13.1,Clear,79.0,80.0,0,3.5,1,0,0
T102443,2025-03-19,B12,Bus,14.5,32,10,Wednesday,3,17,0,1.6,Storm,86.0,99.0,0,14.8,1,0,1
T103644,2025-12-17,T7,Tram,8.3,17,10,Wednesday,12,21,0,-2.4,Fog,37.0,39.0,0,-0.3,0,0,0
T100169,2025-01-09,M3,Metro,12.2,12,6,Thursday,1,10,0,3.3,Rain,26.0,21.0,0,-3.0,0,0,0
T102090,2025-11-20,T9,Tram,13.6,26,12,Thursday,11,8,0,7.9,Rain,67.0,93.0,0,5.0,1,0,0
T101926,2025-05-12,R4,Train,35.5,9,30,Monday,5,8,0,21.6,Clear,83.0,97.0,0,5.7,1,0,1
T103386,2025-10-10,M3,Metro,12.2,12,6,Friday,10,6,0,10.1,Clear,35.0,25.0,0,-3.0,0,0,0
T101223,2025-08-27,B61,Bus,7.4,18,8,Wednesday,8,8,0,16.5,Storm,60.0,79.0,0,10.9,1,0,1
T104766,2025-07-28,R4,Train,35.5,9,30,Monday,7,16,0,36.0,Fog,87.0,84.0,0,4.4,1,0,0
T101869,2025-10-09,T7,Tram,8.3,17,10,Thursday,10,10,0,13.850000000000001,Clear,39.0,41.0,0,-0.4,0,0,0
T102265,2025-02-04,T7,Tram,8.3,17,10,Tuesday,2,11,0,-3.0,Clear,46.0,58.0,0,0.0,0,0,0
T101859,2025-09-26,R1,Train,42.0,11,20,Friday,9,7,0,20.8,Rain,53.0,81.0,0,4.3,1,0,0
T101192,2025-03-04,T9,Tram,13.6,26,12,Tuesday,3,19,0,8.9,Clear,78.0,84.0,0,5.3,1,0,1
T102546,2025-10-18,M2,Metro,16.5,15,5,Saturday,10,13,0,20.0,Rain,32.0,16.0,0,-3.0,0,1,0
T103130,2025-05-11,T9,Tram,13.6,26,12,Sunday,5,19,0,22.3,Clear,80.0,90.0,0,8.1,1,1,1
T102511,2025-11-08,B12,Bus,14.5,32,10,Saturday,11,7,1,12.7,Clear,49.0,43.0,0,4.5,1,1,0
T105966,2025-09-20,M1,Metro,21.0,19,4,Saturday,9,12,0,20.0,Clear,12.0,43.0,0,-3.0,0,1,0
T105883,2025-03-23,M1,Metro,21.0,19,4,Sunday,3,7,0,5.1,Clear,57.0,54.0,0,-0.1,1,1,0
T100866,2025-10-27,T7,Tram,8.3,17,10,Monday,10,18,0,17.4,Rain,37.0,86.0,0,5.2,1,0,1
T103924,2025-08-21,B12,Bus,14.5,32,10,Thursday,8,17,0,22.5,Storm,47.0,73.0,0,9.4,1,0,1
T104646,2025-09-30,T3,Tram,11.0,22,8,Tuesday,9,17,0,20.7,Storm,83.0,66.0,0,8.4,1,0,1
T105725,2025-04-26,M1,Metro,21.0,19,4,Saturday,4,9,0,6.9,Clear,70.0,62.0,0,1.5,1,1,0
T100341,2025-04-17,R4,Train,35.5,9,30,Thursday,4,12,0,11.0,Storm,40.0,19.0,0,-0.1,0,0,0
T101143,2025-11-05,B27,Bus,9.2,24,12,Wednesday,11,19,0,8.9,Clear,64.0,64.0,0,4.7,1,0,0
T105137,2025-08-28,B45,Bus,18.0,38,15,Thursday,8,7,0,27.2,Clear,77.0,78.0,0,7.2,1,0,1
T102243,2025-02-10,M3,Metro,12.2,12,6,Monday,2,16,0,14.7,Fog,63.0,94.0,0,1.7,1,0,0
T105188,2025-10-26,R1,Train,42.0,11,20,Sunday,10,8,0,11.2,Snow,61.0,96.0,0,8.2,1,1,1
T100290,2025-10-22,T3,Tram,11.0,22,8,Wednesday,10,8,0,11.0,Clear,57.0,61.0,0,3.3,1,0,0
T104952,2025-10-13,R4,Train,35.5,9,30,Monday,10,17,0,20.7,Rain,63.0,69.0,0,9.0,1,0,1
T104941,2025-06-12,M1,Metro,21.0,19,4,Thursday,6,22,1,26.4,Storm,24.0,25.0,0,0.7,0,0,0
T103789,2025-04-26,M2,Metro,16.5,15,5,Saturday,4,6,0,16.6,Storm,25.0,10.0,0,-1.0,0,1,0
T103363,2025-10-27,B12,Bus,14.5,32,10,Monday,10,15,0,9.6,Clear,24.0,53.0,0,-3.0,0,0,0
T104732,2025-10-06,B45,Bus,18.0,38,15,Monday,10,14,0,8.9,Rain,24.0,35.0,0,-0.8,0,0,0
T102980,2025-09-19,R4,Train,35.5,9,30,Friday,9,12,0,16.5,Clear,55.0,36.0,0,-2.5,0,0,0
T104798,2025-05-23,B27,Bus,9.2,24,12,Friday,5,13,0,22.7,Clear,46.0,31.0,0,-1.9,0,0,0
T104394,2025-07-05,B61,Bus,7.4,18,8,Saturday,7,14,0,19.7,Clear,44.0,31.0,0,3.1,0,1,0
T102076,2025-06-19,T9,Tram,13.6,26,12,Thursday,6,18,0,30.0,Clear,83.0,80.0,0,3.9,1,0,0
T105329,2025-06-29,B45,Bus,18.0,38,15,Sunday,6,8,0,27.9,Clear,39.0,67.0,0,3.4,1,1,0
T104000,2025-04-26,T3,Tram,11.0,22,8,Saturday,4,6,0,11.8,Clear,11.0,21.0,0,-3.0,0,1,0
T100600,2025-08-13,B27,Bus,9.2,24,12,Wednesday,8,16,0,26.7,Clear,80.0,60.0,0,7.8,1,0,1
T101786,2025-03-14,M2,Metro,16.5,15,5,Friday,3,15,0,8.1,Clear,39.0,39.0,0,-2.2,0,0,0
T104592,2025-01-27,B61,Bus,7.4,18,8,Monday,1,5,1,2.3,Snow,41.0,47.0,0,0.8,0,0,0
T102622,2025-02-07,R1,Train,42.0,11,20,Friday,2,16,0,8.0,Clear,66.0,85.0,0,2.7,1,0,0
T101331,2025-09-19,T7,Tram,8.3,17,10,Friday,9,19,0,16.7,Rain,68.0,61.0,0,4.5,1,0,0
T103653,2025-07-08,B45,Bus,18.0,38,15,Tuesday,7,17,0,26.6,Rain,64.0,95.0,0,30.199999999999996,1,0,1
T100393,2025-08-07,T9,Tram,13.6,26,12,Thursday,8,8,0,24.8,Rain,54.0,88.0,0,8.2,1,0,1
T101919,2025-07-13,T3,Tram,11.0,22,8,Sunday,7,18,0,33.2,Rain,53.0,64.0,0,3.5,1,1,0
T103781,2025-03-25,B45,Bus,18.0,38,15,Tuesday,3,7,0,11.0,Storm,55.0,70.0,0,12.3,1,0,1
T103990,2025-10-03,B61,Bus,7.4,18,8,Friday,10,18,0,11.2,Rain,75.0,106.0,0,9.3,1,0,1
T100765,2025-10-12,R4,Train,35.5,9,30,Sunday,10,21,0,11.9,Rain,17.0,25.0,0,-3.0,0,1,0
T105910,2025-03-13,B45,Bus,18.0,38,15,Thursday,3,6,0,1.4,Clear,26.0,66.0,0,-1.5,0,0,0
T102679,2025-05-17,M3,Metro,12.2,12,6,Saturday,5,6,0,14.5,Fog,44.0,22.0,0,-1.3,0,1,0
T105409,2025-09-16,T9,Tram,13.6,26,12,Tuesday,9,8,0,22.1,Storm,96.0,64.0,0,10.1,1,0,1
T100688,2025-06-12,M2,Metro,16.5,15,5,Thursday,6,22,0,23.5,Rain,54.0,45.0,0,-3.0,0,0,0
T105308,2025-01-25,T3,Tram,11.0,22,8,Saturday,1,19,0,-2.8,Snow,68.0,83.0,0,8.8,1,1,1
T102157,2025-08-19,B27,Bus,9.2,24,12,Tuesday,8,18,0,22.6,Rain,60.0,80.0,0,9.0,1,0,1
T105623,2025-11-15,B12,Bus,14.5,32,10,Saturday,11,20,0,10.5,Clear,20.0,39.0,0,-2.6,0,1,0
T101402,2025-04-20,B27,Bus,9.2,24,12,Sunday,4,16,0,8.6,Clear,62.0,54.0,0,6.2,1,1,1
T102828,2025-08-17,M1,Metro,21.0,19,4,Sunday,8,17,0,21.9,Clear,46.0,85.0,0,30.199999999999996,1,1,1
T101550,2025-04-13,T3,Tram,11.0,22,8,Sunday,4,9,0,9.5,Fog,77.0,52.0,0,6.9,1,1,1
T102160,2025-10-23,B45,Bus,18.0,38,15,Thursday,10,19,0,14.6,Clear,55.0,75.0,0,6.0,1,0,1
T102461,2025-03-20,R4,Train,35.5,9,30,Thursday,3,7,0,7.8,Clear,71.0,76.0,0,2.2,1,0,0
T103271,2025-05-31,B12,Bus,14.5,32,10,Saturday,5,12,0,24.4,Rain,21.0,39.0,0,0.8,0,1,0
T104414,2025-06-29,T3,Tram,11.0,22,8,Sunday,6,7,0,22.0,Rain,55.0,83.0,0,4.7,1,1,0
T103904,2025-11-15,M1,Metro,21.0,19,4,Saturday,11,19,0,3.5,Clear,60.0,80.0,0,-0.8,1,1,0
T100204,2025-06-16,B12,Bus,14.5,32,10,Monday,6,19,1,29.8,Clear,70.0,98.0,0,4.9,1,0,0
T105991,2025-06-22,T3,Tram,11.0,22,8,Sunday,6,19,0,22.6,Clear,44.0,53.0,0,2.1,1,1,0
T102348,2025-03-15,M2,Metro,16.5,15,5,Saturday,3,16,0,4.6,Clear,45.0,70.0,0,-1.2,1,1,0
T102720,2025-08-17,M2,Metro,16.5,15,5,Sunday,8,14,0,27.1,Clear,5.0,21.0,0,-3.0,0,1,0
T105982,2025-12-05,T7,Tram,8.3,17,10,Friday,12,20,0,3.1,Clear,48.0,26.0,0,-2.2,0,0,0
T105163,2025-11-02,T3,Tram,11.0,22,8,Sunday,11,22,0,5.2,Rain,29.0,17.0,0,-2.5,0,1,0
T100699,2025-02-04,T3,Tram,11.0,22,8,Tuesday,2,10,0,4.7,Clear,16.0,21.0,0,-3.0,0,0,0
T100010,2025-07-12,T3,Tram,11.0,22,8,Saturday,7,20,0,31.8,Clear,37.0,21.0,0,-3.0,0,1,0
T100886,2025-01-20,R1,Train,42.0,11,20,Monday,1,18,0,3.1,Rain,82.0,67.0,0,5.5,1,0,1
T101873,2025-12-10,T3,Tram,11.0,22,8,Wednesday,12,9,0,-4.5,Storm,57.0,64.0,0,11.3,1,0,1
T101722,2025-08-27,M3,Metro,12.2,12,6,Wednesday,8,19,0,28.3,Clear,51.0,66.0,0,-0.8,1,0,0
T101479,2025-06-02,T7,Tram,8.3,17,10,Monday,6,13,0,32.9,Rain,30.0,22.0,0,-2.0,0,0,0
T102555,2025-02-07,R1,Train,42.0,11,20,Friday,2,19,0,2.2,Fog,72.0,98.0,0,4.5,1,0,0
T102901,2025-10-20,R1,Train,42.0,11,20,Monday,10,18,0,11.4,Clear,53.0,75.0,0,3.1,1,0,0
T104196,2025-07-22,M1,Metro,21.0,19,4,Tuesday,7,18,0,25.6,Clear,71.0,87.0,0,6.4,1,0,1
T101951,2025-08-10,B45,Bus,18.0,38,15,Sunday,8,16,0,23.0,Clear,58.0,56.0,0,5.9,1,1,1
T101337,2025-04-19,T3,Tram,11.0,22,8,Saturday,4,9,0,7.2,Storm,60.0,71.0,0,9.0,1,1,1
T103720,2025-08-22,M3,Metro,12.2,12,6,Friday,8,9,0,32.0,Rain,55.0,83.0,0,2.5,1,0,0
T105268,2025-09-13,R1,Train,42.0,11,20,Saturday,9,19,0,21.7,Rain,47.0,64.0,0,2.7,1,1,0
T101611,2025-02-22,B27,Bus,9.2,24,12,Saturday,2,19,0,5.0,Clear,48.0,76.0,0,9.0,1,1,1
T101480,2025-02-25,M1,Metro,21.0,19,4,Tuesday,2,16,0,2.9,Clear,61.0,73.0,0,3.0,1,0,0
T105955,2025-09-17,T3,Tram,11.0,22,8,Wednesday,9,22,0,22.5,Clear,57.0,43.0,0,-3.0,0,0,0
T104613,2025-07-10,R4,Train,35.5,9,30,Thursday,7,8,0,28.5,Fog,73.0,79.0,0,3.6,1,0,0
T100457,2025-08-20,M1,Metro,21.0,19,4,Wednesday,8,7,0,21.6,Rain,66.0,72.0,0,2.0,1,0,0
T103929,2025-09-28,B45,Bus,18.0,38,15,Sunday,9,15,0,23.2,Clear,18.0,66.0,1,9.9,0,1,1
T100012,2025-09-26,M1,Metro,21.0,19,4,Friday,9,16,0,13.2,Clear,75.0,84.0,0,0.9,1,0,0
T102579,2025-07-27,M1,Metro,21.0,19,4,Sunday,7,19,0,29.0,Rain,66.0,84.0,1,18.9,1,1,1
T105094,2025-06-12,M2,Metro,16.5,15,5,Thursday,6,16,0,14.7,Storm,56.0,93.0,0,5.2,1,0,1
T103645,2025-07-12,M1,Metro,21.0,19,4,Saturday,7,17,0,22.8,Fog,56.0,80.0,0,1.7,1,1,0
T103893,2025-03-15,M1,Metro,21.0,19,4,Saturday,3,21,0,8.2,Clear,40.0,42.0,0,-1.1,0,1,0
T103657,2025-12-03,M3,Metro,12.2,12,6,Wednesday,12,9,0,3.1,Snow,68.0,82.0,0,5.8,1,0,1
T104724,2025-04-17,R1,Train,42.0,11,20,Thursday,4,12,0,17.1,Clear,20.0,48.0,0,-3.0,0,0,0
T101904,2025-05-02,M1,Metro,21.0,19,4,Friday,5,17,0,21.8,Clear,82.0,86.0,0,0.2,1,0,0
T105403,2025-07-14,B27,Bus,9.2,24,12,Monday,7,17,0,21.8,Clear,87.0,99.0,0,10.2,1,0,1
T105367,2025-08-01,M1,Metro,21.0,19,4,Friday,8,21,0,29.4,Rain,34.0,49.0,0,-3.0,0,0,0
T102176,2025-02-08,B27,Bus,9.2,24,12,Saturday,2,7,0,0.7,Rain,38.0,78.0,1,20.8,1,1,1
T103099,2025-04-10,B61,Bus,7.4,18,8,Thursday,4,13,0,12.4,Rain,29.0,41.0,0,-2.3,0,0,0
T101552,2025-07-14,T7,Tram,8.3,17,10,Monday,7,19,0,27.3,Clear,65.0,66.0,0,1.6,1,0,0
T104098,2025-10-17,M1,Metro,21.0,19,4,Friday,10,8,0,16.7,Clear,53.0,63.0,0,-1.6,1,0,0
T105176,2025-03-15,T9,Tram,13.6,26,12,Saturday,3,9,1,6.0,Clear,64.0,40.0,0,0.9,1,1,0
T100851,2025-10-20,T9,Tram,13.6,26,12,Monday,10,7,0,18.7,Clear,57.0,62.0,0,2.4,1,0,0
T103568,2025-10-03,T3,Tram,11.0,22,8,Friday,10,8,0,10.8,Clear,77.0,89.0,0,5.4,1,0,1
T100792,2025-09-21,R1,Train,42.0,11,20,Sunday,9,6,0,15.2,Clear,33.0,11.0,0,-3.0,0,1,0
T101183,2025-06-13,B61,Bus,7.4,18,8,Friday,6,19,0,22.7,Clear,80.0,69.0,0,6.9,1,0,1
T102924,2025-06-04,T3,Tram,11.0,22,8,Wednesday,6,9,0,27.2,Storm,82.0,69.0,0,9.5,1,0,1
T103293,2025-04-16,R4,Train,35.5,9,30,Wednesday,4,17,0,10.4,Fog,53.0,83.0,0,4.3,1,0,0
T103269,2025-12-25,M1,Metro,21.0,19,4,Thursday,12,15,0,6.3,Clear,87.0,53.0,0,-3.0,0,0,0
T101795,2025-03-15,T3,Tram,11.0,22,8,Saturday,3,8,0,8.8,Clear,56.0,55.0,0,5.2,1,1,1
T101388,2025-11-22,B45,Bus,18.0,38,15,Saturday,11,17,0,6.3,Storm,71.0,73.0,0,12.7,1,1,1
T100906,2025-05-31,B12,Bus,14.5,32,10,Saturday,5,9,0,24.8,Storm,73.0,62.0,0,11.6,1,1,1
T102430,2025-02-18,B27,Bus,9.2,24,12,Tuesday,2,8,0,1.7,Clear,56.0,66.0,0,4.3,1,0,0
T100568,2025-08-23,B27,Bus,9.2,24,12,Saturday,8,11,0,22.6,Rain,27.0,31.0,0,-1.4,0,1,0
T101194,2025-07-11,M2,Metro,16.5,15,5,Friday,7,16,0,23.6,Clear,72.0,83.0,0,1.6,1,0,0
T104745,2025-04-22,B12,Bus,14.5,32,10,Tuesday,4,18,0,13.6,Rain,76.0,92.0,0,10.0,1,0,1
T102490,2025-05-05,T7,Tram,8.3,17,10,Monday,5,17,0,14.3,Storm,85.0,66.0,0,8.0,1,0,1
T103180,2025-03-23,R1,Train,42.0,11,20,Sunday,3,18,0,3.1,Snow,69.0,68.0,0,7.5,1,1,1
T104384,2025-05-20,M2,Metro,16.5,15,5,Tuesday,5,22,0,14.7,Clear,19.0,48.0,0,-2.4,0,0,0
T102785,2025-02-12,T9,Tram,13.6,26,12,Wednesday,2,18,0,5.4,Storm,65.0,99.0,0,11.5,1,0,1
T103189,2025-11-01,B45,Bus,18.0,38,15,Saturday,11,14,0,8.5,Clear,5.0,33.0,0,-3.0,0,1,0
T104982,2025-03-10,R1,Train,42.0,11,20,Monday,3,7,0,7.1,Rain,82.0,101.0,0,7.4,1,0,1
T100487,2025-07-13,B61,Bus,7.4,18,8,Sunday,7,22,0,21.7,Clear,6.0,31.0,0,-3.0,0,1,0
T102269,2025-12-23,T9,Tram,13.6,26,12,Tuesday,12,7,0,3.9,Clear,62.0,76.0,0,1.9,1,0,0
T101893,2025-09-17,B45,Bus,18.0,38,15,Wednesday,9,8,0,20.7,Storm,70.0,96.0,0,14.1,1,0,1
T103993,2025-04-15,B45,Bus,18.0,38,15,Tuesday,4,8,1,16.5,Storm,84.0,76.0,0,21.9,1,0,1
T104307,2025-10-19,B45,Bus,18.0,38,15,Sunday,10,7,0,15.7,Rain,59.0,66.0,0,6.5,1,1,1
T104541,2025-08-18,R4,Train,35.5,9,30,Monday,8,5,0,15.0,Rain,40.0,54.0,0,1.4,0,0,0
T104571,2025-02-04,B27,Bus,9.2,24,12,Tuesday,2,8,0,13.6,Snow,73.0,63.0,1,24.0,1,0,1
T103276,2025-01-27,B45,Bus,18.0,38,15,Monday,1,11,0,7.5,Clear,42.0,9.0,0,-1.8,0,0,0
T105294,2025-12-03,M3,Metro,12.2,12,6,Wednesday,12,21,0,1.7,Clear,52.0,32.0,0,-3.0,0,0,0
T103892,2025-06-09,B12,Bus,14.5,32,10,Monday,6,18,0,24.6,Rain,77.0,55.0,0,10.3,1,0,1
T100488,2025-10-07,B27,Bus,9.2,24,12,Tuesday,10,8,0,7.3,Clear,62.0,68.0,0,6.8,1,0,1
T100257,2025-02-07,M2,Metro,16.5,15,5,Friday,2,7,0,-3.7,Clear,80.0,55.0,0,1.0,1,0,0
T103251,2025-09-30,M1,Metro,21.0,19,4,Tuesday,9,17,0,16.8,Storm,69.0,81.0,1,21.9,1,0,1
T100744,2025-10-18,R1,Train,42.0,11,20,Saturday,10,18,0,6.1,Rain,47.0,60.0,0,3.5,1,1,0
T103959,2025-03-20,R1,Train,42.0,11,20,Thursday,3,19,0,7.4,Clear,69.0,78.0,0,1.9,1,0,0
T100432,2025-10-29,B61,Bus,7.4,18,8,Wednesday,10,18,0,10.5,Clear,66.0,76.0,0,6.8,1,0,1
T100687,2025-08-05,B27,Bus,9.2,24,12,Tuesday,8,7,0,25.2,Clear,67.0,70.0,1,20.9,1,0,1
T104716,2025-11-21,M1,Metro,21.0,19,4,Friday,11,9,0,1.6,Clear,64.0,81.0,0,3.2,1,0,0
T105061,2025-08-15,T3,Tram,11.0,22,8,Friday,8,17,0,28.7,Clear,68.0,81.0,0,2.4,1,0,0
T101579,2025-08-08,M2,Metro,16.5,15,5,Friday,8,8,0,19.9,Clear,68.0,81.0,0,-0.9,1,0,0
T103881,2025-03-23,R1,Train,42.0,11,20,Sunday,3,18,0,0.1,Rain,63.0,74.0,0,2.6,1,1,0
T102197,2025-11-11,M2,Metro,16.5,15,5,Tuesday,11,18,0,5.3,Clear,86.0,63.0,0,0.7,1,0,0
T104795,2025-03-11,B61,Bus,7.4,18,8,Tuesday,3,20,1,2.8,Rain,48.0,31.0,0,-0.3,0,0,0
T104477,2025-05-15,T7,Tram,8.3,17,10,Thursday,5,17,0,24.1,Snow,65.0,91.0,0,11.8,1,0,1
T104559,2025-08-25,M2,Metro,16.5,15,5,Monday,8,5,0,21.3,Fog,40.0,13.0,0,-3.0,0,0,0
T102756,2025-11-19,M2,Metro,16.5,15,5,Wednesday,11,8,0,14.7,Snow,61.0,84.0,0,3.6,1,0,0
T105734,2025-08-26,T7,Tram,8.3,17,10,Tuesday,8,5,0,30.3,Storm,22.0,38.0,0,1.4,0,0,0
T101664,2025-07-11,M3,Metro,12.2,12,6,Friday,7,7,0,30.8,Clear,74.0,79.0,0,0.6,1,0,0
T102346,2025-04-30,B61,Bus,7.4,18,8,Wednesday,4,9,0,13.2,Clear,58.0,96.0,0,7.4,1,0,1
T101774,2025-10-08,B27,Bus,9.2,24,12,Wednesday,10,13,1,10.7,Rain,25.0,37.0,1,10.2,0,0,1
T102936,2025-10-08,R4,Train,35.5,9,30,Wednesday,10,16,0,14.7,Clear,41.0,72.0,0,0.9,1,0,0
T102303,2025-11-17,T9,Tram,13.6,26,12,Monday,11,7,0,17.5,Rain,97.0,66.0,0,5.7,1,0,1
T105190,2025-09-25,B45,Bus,18.0,38,15,Thursday,9,7,0,17.8,Clear,81.0,105.0,0,13.7,1,0,1
T101397,2025-08-27,B12,Bus,14.5,32,10,Wednesday,8,18,0,28.6,Fog,73.0,89.0,0,10.4,1,0,1
T102145,2025-06-12,T7,Tram,8.3,17,10,Thursday,6,13,0,32.8,Rain,24.0,61.0,0,-3.0,0,0,0
T102518,2025-02-22,R4,Train,35.5,9,30,Saturday,2,12,0,8.0,Clear,27.0,28.0,1,22.1,0,1,1
T100507,2025-04-01,T7,Tram,8.3,17,10,Tuesday,4,7,0,10.5,Rain,85.0,89.0,0,6.7,1,0,1
T100764,2025-05-12,T7,Tram,8.3,17,10,Monday,5,7,0,19.5,Clear,66.0,82.0,0,4.0,1,0,0
T104404,2025-04-06,R1,Train,42.0,11,20,Sunday,4,19,0,15.4,Clear,36.0,81.0,0,2.8,1,1,0
T103052,2025-10-02,B12,Bus,14.5,32,10,Thursday,10,21,0,11.1,Clear,41.0,53.0,0,-2.1,0,0,0
T102874,2025-05-20,T3,Tram,11.0,22,8,Tuesday,5,19,0,27.5,Clear,83.0,78.0,0,4.0,1,0,0
T101770,2025-05-04,B45,Bus,18.0,38,15,Sunday,5,7,0,17.6,Clear,49.0,87.0,0,5.4,1,1,1
T102734,2025-06-13,M3,Metro,12.2,12,6,Friday,6,17,0,20.7,Clear,70.0,91.0,0,1.1,1,0,0
T105303,2025-06-03,T7,Tram,8.3,17,10,Tuesday,6,17,0,30.5,Storm,93.0,112.0,0,11.3,1,0,1
T105107,2025-12-13,B45,Bus,18.0,38,15,Saturday,12,12,0,2.0,Snow,14.0,33.0,0,4.2,0,1,0
T100421,2025-09-11,T3,Tram,11.0,22,8,Thursday,9,18,1,19.2,Clear,74.0,86.0,1,15.7,1,0,1
T104537,2025-09-22,R4,Train,35.5,9,30,Monday,9,19,0,15.7,Fog,63.0,89.0,0,7.1,1,0,1
T105553,2025-08-25,M2,Metro,16.5,15,5,Monday,8,18,0,19.9,Clear,69.0,71.0,0,1.7,1,0,0
T105685,2025-06-09,B61,Bus,7.4,18,8,Monday,6,19,0,29.5,Clear,62.0,85.0,0,6.1,1,0,1
T101288,2025-02-07,T7,Tram,8.3,17,10,Friday,2,13,0,-0.2,Rain,47.0,46.0,0,-0.4,0,0,0
T105728,2025-06-01,R4,Train,35.5,9,30,Sunday,6,19,0,28.5,Rain,41.0,88.0,0,5.4,1,1,1
T105474,2025-01-21,R4,Train,35.5,9,30,Tuesday,1,18,0,14.3,Clear,85.0,76.0,1,15.3,1,0,1
T103649,2025-09-27,T3,Tram,11.0,22,8,Saturday,9,5,0,24.8,Fog,29.0,47.0,0,-3.0,0,1,0
T102572,2025-09-24,R1,Train,42.0,11,20,Wednesday,9,19,0,17.5,Clear,93.0,54.0,0,2.1,1,0,0
T100903,2025-11-19,T9,Tram,13.6,26,12,Wednesday,11,18,0,12.2,Rain,57.0,88.0,0,4.0,1,0,0
T101311,2025-05-08,B12,Bus,14.5,32,10,Thursday,5,16,0,28.4,Clear,73.0,80.0,0,7.9,1,0,1
T103118,2025-01-09,T3,Tram,11.0,22,8,Thursday,1,16,0,-1.1,Clear,57.0,75.0,0,1.6,1,0,0
T100803,2025-12-02,R1,Train,42.0,11,20,Tuesday,12,18,0,14.3,Clear,46.0,82.0,0,4.7,1,0,0
T102826,2025-05-13,B45,Bus,18.0,38,15,Tuesday,5,11,0,23.0,Rain,20.0,39.0,0,3.5,0,0,0
T105222,2025-12-03,T7,Tram,8.3,17,10,Wednesday,12,9,0,4.2,Rain,60.0,73.0,0,6.1,1,0,1
T103393,2025-03-10,T3,Tram,11.0,22,8,Monday,3,8,0,17.5,Rain,84.0,66.0,0,5.7,1,0,1
T102526,2025-06-20,T9,Tram,13.6,26,12,Friday,6,6,0,28.0,Rain,62.0,50.0,0,-0.5,0,0,0
T100343,2025-07-07,M2,Metro,16.5,15,5,Monday,7,17,0,25.6,Storm,78.0,78.0,0,7.4,1,0,1
T101330,2025-06-14,B61,Bus,7.4,18,8,Saturday,6,17,0,17.3,Clear,50.0,76.0,0,5.8,1,1,1
T105830,2025-05-01,T9,Tram,13.6,26,12,Thursday,5,19,0,19.8,Rain,57.0,67.0,0,6.9,1,0,1
T105371,2025-09-27,B12,Bus,14.5,32,10,Saturday,9,19,0,22.7,Clear,52.0,62.0,0,4.1,1,1,0
T104135,2025-12-21,T3,Tram,11.0,22,8,Sunday,12,18,0,3.8,Clear,50.0,60.0,0,5.7,1,1,1
T100354,2025-12-20,M2,Metro,16.5,15,5,Saturday,12,7,0,-0.6,Clear,71.0,55.0,0,-1.2,1,1,0
T104419,2025-02-08,B12,Bus,14.5,32,10,Saturday,2,18,0,4.4,Fog,35.0,68.0,0,5.0,1,1,0
T101940,2025-03-02,M1,Metro,21.0,19,4,Sunday,3,17,0,5.3,Rain,56.0,73.0,0,2.4,1,1,0
T105361,2025-10-20,R1,Train,42.0,11,20,Monday,10,21,0,12.8,Clear,49.0,67.0,0,-3.0,0,0,0
T104722,2025-12-11,B12,Bus,14.5,32,10,Thursday,12,19,0,0.2,Clear,78.0,57.0,0,8.3,1,0,1
T104601,2025-12-13,T9,Tram,13.6,26,12,Saturday,12,9,0,-0.9,Rain,51.0,49.0,0,4.7,1,1,0
T105038,2025-12-30,M1,Metro,21.0,19,4,Tuesday,12,20,0,2.8,Snow,34.0,22.0,0,-1.4,0,0,0
T101576,2025-07-20,R4,Train,35.5,9,30,Sunday,7,18,0,24.6,Storm,41.0,67.0,0,6.8,1,1,1
T102191,2025-05-30,B61,Bus,7.4,18,8,Friday,5,10,0,13.6,Clear,19.0,61.0,0,-3.0,0,0,0
T102101,2025-09-01,R4,Train,35.5,9,30,Monday,9,8,0,22.8,Clear,72.0,101.0,0,10.1,1,0,1
T101085,2025-11-03,R1,Train,42.0,11,20,Monday,11,9,0,14.1,Rain,83.0,70.0,0,2.7,1,0,0
T102469,2025-03-20,B12,Bus,14.5,32,10,Thursday,3,18,0,5.0,Storm,73.0,67.0,0,11.8,1,0,1
T103327,2025-03-18,B12,Bus,14.5,32,10,Tuesday,3,9,0,13.4,Clear,65.0,50.0,0,7.5,1,0,1
T104063,2025-07-08,R1,Train,42.0,11,20,Tuesday,7,17,0,30.1,Clear,46.0,68.0,0,2.2,1,0,0
T105716,2025-03-14,T7,Tram,8.3,17,10,Friday,3,18,0,8.7,Clear,78.0,106.0,0,5.3,1,0,1
T101122,2025-04-09,M1,Metro,21.0,19,4,Wednesday,4,11,0,17.9,Clear,34.0,49.0,0,-3.0,0,0,0
T103489,2025-09-17,B12,Bus,14.5,32,10,Wednesday,9,6,0,21.8,Clear,36.0,29.0,0,-1.9,0,0,0
T104791,2025-12-28,T3,Tram,11.0,22,8,Sunday,12,21,0,5.0,Rain,22.0,24.0,1,10.7,0,1,1
T101804,2025-02-16,M3,Metro,12.2,12,6,Sunday,2,16,0,4.1,Clear,58.0,61.0,0,-0.7,1,1,0
T100011,2025-12-23,M3,Metro,12.2,12,6,Tuesday,12,8,0,-0.8,Clear,54.0,73.0,0,-1.5,1,0,0
T103804,2025-01-09,R1,Train,42.0,11,20,Thursday,1,16,0,-2.7,Rain,81.0,78.0,0,6.2,1,0,1
T103615,2025-06-13,M1,Metro,21.0,19,4,Friday,6,9,0,27.3,Clear,84.0,100.0,0,5.3,1,0,1
T102280,2025-10-06,M1,Metro,21.0,19,4,Monday,10,21,0,12.0,Storm,17.0,62.0,0,-1.0,0,0,0
T100145,2025-11-08,M3,Metro,12.2,12,6,Saturday,11,8,0,11.1,Clear,62.0,64.0,0,0.5,1,1,0
T101043,2025-05-16,R1,Train,42.0,11,20,Friday,5,16,0,20.0,Clear,54.0,65.0,0,2.6,1,0,0
T104064,2025-10-04,B12,Bus,14.5,32,10,Saturday,10,21,0,15.3,Clear,39.0,27.0,0,-3.0,0,1,0
T103585,2025-03-21,B61,Bus,7.4,18,8,Friday,3,12,0,3.9,Snow,36.0,38.0,0,2.5,0,0,0
T102411,2025-01-19,M3,Metro,12.2,12,6,Sunday,1,14,0,3.3,Rain,33.0,33.0,0,-3.0,0,1,0
T104865,2025-08-02,M1,Metro,21.0,19,4,Saturday,8,18,0,21.9,Clear,65.0,80.0,1,13.8,1,1,1
T104818,2025-07-14,T9,Tram,13.6,26,12,Monday,7,8,0,26.6,Clear,52.0,95.0,0,3.2,1,0,0
T103718,2025-09-07,T9,Tram,13.6,26,12,Sunday,9,18,0,19.1,Fog,57.0,91.0,0,5.9,1,1,1
T102427,2025-05-21,B27,Bus,9.2,24,12,Wednesday,5,9,0,17.0,Clear,31.0,81.0,0,4.6,1,0,0
T102737,2025-03-10,B27,Bus,9.2,24,12,Monday,3,17,0,7.0,Rain,80.0,87.0,0,9.0,1,0,1
T100773,2025-09-19,T9,Tram,13.6,26,12,Friday,9,9,0,22.3,Clear,64.0,61.0,0,2.1,1,0,0
T101911,2025-11-21,M1,Metro,21.0,19,4,Friday,11,9,0,5.8,Rain,75.0,67.0,0,3.3,1,0,0
T104542,2025-12-05,M1,Metro,21.0,19,4,Friday,12,19,0,3.1,Rain,81.0,49.0,0,1.8,1,0,0
T101287,2025-03-27,B45,Bus,18.0,38,15,Thursday,3,8,0,7.7,Rain,56.0,84.0,0,9.3,1,0,1
T103231,2025-03-19,B61,Bus,7.4,18,8,Wednesday,3,19,0,12.9,Clear,59.0,78.0,0,7.2,1,0,1
T105338,2025-05-23,M2,Metro,16.5,15,5,Friday,5,11,0,16.6,Storm,37.0,38.0,0,2.5,0,0,0
T103290,2025-05-28,T9,Tram,13.6,26,12,Wednesday,5,8,0,15.0,Clear,67.0,81.0,1,16.8,1,0,1
T105287,2025-11-11,T3,Tram,11.0,22,8,Tuesday,11,20,0,8.0,Clear,27.0,22.0,0,-3.0,0,0,0
T100949,2025-04-12,T9,Tram,13.6,26,12,Saturday,4,14,0,14.6,Clear,23.0,27.0,0,-3.0,0,1,0
T102997,2025-05-07,R1,Train,42.0,11,20,Wednesday,5,22,0,19.7,Rain,3.0,22.0,0,-2.7,0,0,0
T105392,2025-10-20,B45,Bus,18.0,38,15,Monday,10,6,0,15.8,Clear,44.0,55.0,0,-1.9,0,0,0
T104408,2025-04-06,T3,Tram,11.0,22,8,Sunday,4,10,0,15.8,Clear,10.0,45.0,0,-3.0,0,1,0
T100633,2025-05-19,M2,Metro,16.5,15,5,Monday,5,18,1,17.1,Rain,87.0,56.0,1,13.8,1,0,1
T103088,2025-03-26,B27,Bus,9.2,24,12,Wednesday,3,11,0,14.2,Clear,44.0,28.0,1,14.0,0,0,1
T103208,2025-06-03,T3,Tram,11.0,22,8,Tuesday,6,7,0,25.4,Rain,65.0,85.0,0,8.9,1,0,1
T105906,2025-06-21,M3,Metro,12.2,12,6,Saturday,6,9,0,21.2,Rain,72.0,62.0,0,0.8,1,1,0
T100713,2025-10-06,T9,Tram,13.6,26,12,Monday,10,5,0,11.8,Clear,49.0,68.0,0,-1.7,0,0,0
T103759,2025-07-24,T3,Tram,11.0,22,8,Thursday,7,9,0,28.6,Storm,45.0,78.0,0,6.6,1,0,1
T104249,2025-05-19,T9,Tram,13.6,26,12,Monday,5,10,0,16.5,Clear,31.0,18.0,0,-3.0,0,0,0
T101589,2025-01-11,T9,Tram,13.6,26,12,Saturday,1,8,0,2.8,Clear,31.0,80.0,0,1.1,1,1,0
T103997,2025-11-05,T3,Tram,11.0,22,8,Wednesday,11,8,0,4.1,Clear,39.0,80.0,0,0.9,1,0,0
T103086,2025-03-08,M2,Metro,16.5,15,5,Saturday,3,8,0,17.5,Rain,34.0,63.0,0,2.4,1,1,0
T102339,2025-02-03,T7,Tram,8.3,17,10,Monday,2,21,0,6.8,Clear,25.0,56.0,0,-3.0,0,0,0
T100907,2025-03-05,B12,Bus,14.5,32,10,Wednesday,3,7,0,4.3,Clear,74.0,70.0,0,6.7,1,0,1
T100571,2025-06-01,M1,Metro,21.0,19,4,Sunday,6,7,0,30.8,Rain,72.0,59.0,0,2.4,1,1,0
T102362,2025-12-18,M3,Metro,12.2,12,6,Thursday,12,5,0,1.1,Snow,39.0,55.0,0,-1.3,0,0,0
T105386,2025-03-27,T9,Tram,13.6,26,12,Thursday,3,9,0,11.6,Rain,65.0,66.0,0,4.6,1,0,0
T101833,2025-01-27,T9,Tram,13.6,26,12,Monday,1,19,0,2.1,Snow,44.0,94.0,0,7.4,1,0,1
T105938,2025-12-29,M1,Metro,21.0,19,4,Monday,12,9,0,11.3,Storm,72.0,72.0,0,11.3,1,0,1
T104053,2025-10-23,T7,Tram,8.3,17,10,Thursday,10,16,0,15.2,Rain,82.0,69.0,0,6.4,1,0,1
T105877,2025-03-31,M1,Metro,21.0,19,4,Monday,3,18,0,2.5,Rain,61.0,89.0,0,5.7,1,0,1
T105324,2025-11-30,B61,Bus,7.4,18,8,Sunday,11,17,0,10.3,Clear,55.0,75.0,0,4.2,1,1,0
T105862,2025-07-30,M1,Metro,21.0,19,4,Wednesday,7,11,0,26.3,Rain,58.0,51.0,0,-3.0,0,0,0
T101840,2025-06-05,T7,Tram,8.3,17,10,Thursday,6,10,0,19.8,Clear,18.0,58.0,0,-3.0,0,0,0
T100162,2025-05-30,B45,Bus,18.0,38,15,Friday,5,8,0,21.4,Clear,76.0,92.0,0,9.0,1,0,1
T101750,2025-12-06,M1,Metro,21.0,19,4,Saturday,12,18,1,-3.1,Clear,50.0,45.0,0,-0.6,1,1,0
T101643,2025-08-06,M1,Metro,21.0,19,4,Wednesday,8,10,0,19.6,Rain,36.0,24.0,0,-3.0,0,0,0
T100100,2025-10-31,B45,Bus,18.0,38,15,Friday,10,12,0,12.0,Clear,44.0,65.0,0,-0.4,0,0,0
T102268,2025-02-13,B27,Bus,9.2,24,12,Thursday,2,16,0,3.4,Clear,83.0,84.0,0,6.3,1,0,1
T101809,2025-12-17,T3,Tram,11.0,22,8,Wednesday,12,8,0,4.8,Rain,85.0,63.0,0,7.2,1,0,1
T103932,2025-09-14,B12,Bus,14.5,32,10,Sunday,9,11,0,19.2,Rain,21.0,41.0,0,-2.9,0,1,0
T102482,2025-03-07,R4,Train,35.5,9,30,Friday,3,17,0,7.3,Rain,46.0,85.0,0,3.4,1,0,0
T100408,2025-12-08,T9,Tram,13.6,26,12,Monday,12,9,0,3.9,Snow,63.0,88.0,0,7.2,1,0,1
T104317,2025-06-01,T7,Tram,8.3,17,10,Sunday,6,22,0,24.8,Clear,7.0,30.0,0,-3.0,0,1,0
T101346,2025-11-09,B12,Bus,14.5,32,10,Sunday,11,9,0,13.6,Rain,37.0,55.0,0,6.3,1,1,1
T104322,2025-06-18,T7,Tram,8.3,17,10,Wednesday,6,16,0,23.1,Clear,51.0,71.0,0,3.6,1,0,0
T102450,2025-11-03,T9,Tram,13.6,26,12,Monday,11,20,0,8.2,Clear,18.0,46.0,0,-3.0,0,0,0
T103142,2025-06-14,B27,Bus,9.2,24,12,Saturday,6,7,0,13.6,Clear,62.0,72.0,0,4.4,1,1,0
T103487,2025-12-16,B61,Bus,7.4,18,8,Tuesday,12,16,0,2.6,Snow,90.0,48.0,0,11.8,1,0,1
T103640,2025-09-21,T3,Tram,11.0,22,8,Sunday,9,15,0,20.5,Clear,17.0,23.0,1,8.0,0,1,1
T104139,2025-07-04,T9,Tram,13.6,26,12,Friday,7,18,0,31.2,Rain,83.0,90.0,0,6.8,1,0,1
T103198,2025-12-24,B12,Bus,14.5,32,10,Wednesday,12,16,0,-2.9,Snow,75.0,77.0,0,13.1,1,0,1
T101451,2025-01-15,M3,Metro,12.2,12,6,Wednesday,1,7,0,2.0,Snow,65.0,83.0,0,4.2,1,0,0
T100855,2025-11-07,R1,Train,42.0,11,20,Friday,11,19,0,11.6,Rain,72.0,70.0,0,5.5,1,0,1
T100248,2025-10-15,B12,Bus,14.5,32,10,Wednesday,10,15,0,19.8,Rain,27.0,44.0,0,0.1,0,0,0
T101849,2025-03-02,B45,Bus,18.0,38,15,Sunday,3,16,0,3.0,Clear,56.0,39.0,0,7.5,1,1,1
T105515,2025-09-12,T7,Tram,8.3,17,10,Friday,9,19,1,17.5,Clear,55.0,109.0,0,2.7,1,0,0
T103485,2025-01-10,M3,Metro,12.2,12,6,Friday,1,17,0,-2.4,Rain,84.0,101.0,0,3.3,1,0,0
T105074,2025-02-22,B45,Bus,18.0,38,15,Saturday,2,17,0,5.6,Clear,43.0,82.0,0,5.3,1,1,1
T104904,2025-03-11,T9,Tram,13.6,26,12,Tuesday,3,16,0,4.5,Rain,81.0,83.0,0,6.6,1,0,1
T102423,2025-10-29,T3,Tram,11.0,22,8,Wednesday,10,14,0,11.1,Clear,31.0,66.0,0,-2.9,0,0,0
T101078,2025-06-02,B45,Bus,18.0,38,15,Monday,6,9,0,31.1,Rain,70.0,98.0,0,11.6,1,0,1
T104267,2025-12-05,T7,Tram,8.3,17,10,Friday,12,16,0,3.3,Clear,66.0,70.0,0,7.5,1,0,1
T103196,2025-03-24,R1,Train,42.0,11,20,Monday,3,12,0,15.9,Storm,47.0,31.0,0,1.0,0,0,0
T100561,2025-01-16,M1,Metro,21.0,19,4,Thursday,1,7,0,0.3,Snow,74.0,85.0,0,6.2,1,0,1
T104676,2025-07-22,B61,Bus,7.4,18,8,Tuesday,7,13,0,35.0,Rain,23.0,17.0,0,-2.4,0,0,0
T105923,2025-12-20,B27,Bus,9.2,24,12,Saturday,12,21,0,4.0,Clear,10.0,42.0,1,8.5,0,1,1
T101505,2025-03-30,T7,Tram,8.3,17,10,Sunday,3,13,0,8.9,Clear,15.0,50.0,0,-2.3,0,1,0
T103247,2025-02-02,R1,Train,42.0,11,20,Sunday,2,19,0,5.8,Rain,50.0,72.0,0,4.2,1,1,0
T104468,2025-11-21,M3,Metro,12.2,12,6,Friday,11,18,0,13.4,Clear,67.0,78.0,0,-0.2,1,0,0
T100962,2025-11-03,T3,Tram,11.0,22,8,Monday,11,10,0,9.5,Fog,33.0,59.0,0,-3.0,0,0,0
T100283,2025-06-29,B45,Bus,18.0,38,15,Sunday,6,17,0,27.9,Clear,46.0,61.0,0,7.8,1,1,1
T104966,2025-03-24,R4,Train,35.5,9,30,Monday,3,8,0,8.6,Rain,79.0,71.0,0,3.7,1,0,0
T102755,2025-11-15,B45,Bus,18.0,38,15,Saturday,11,18,0,5.4,Snow,40.0,48.0,0,13.5,1,1,1
T100708,2025-06-23,B45,Bus,18.0,38,15,Monday,6,6,0,26.5,Rain,38.0,56.0,0,-0.6,0,0,0
T105844,2025-11-15,B27,Bus,9.2,24,12,Saturday,11,18,0,6.9,Clear,63.0,67.0,1,19.1,1,1,1
T104782,2025-05-06,T7,Tram,8.3,17,10,Tuesday,5,17,0,23.6,Clear,81.0,90.0,0,5.0,1,0,0
T103507,2025-10-24,T7,Tram,8.3,17,10,Friday,10,7,0,18.0,Clear,55.0,100.0,0,2.9,1,0,0
T101775,2025-02-17,R1,Train,42.0,11,20,Monday,2,8,0,1.7,Fog,89.0,58.0,0,3.7,1,0,0
T100759,2025-09-24,R4,Train,35.5,9,30,Wednesday,9,8,0,19.9,Rain,87.0,65.0,0,2.7,1,0,0
T105777,2025-02-09,R1,Train,42.0,11,20,Sunday,2,18,0,3.1,Clear,54.0,67.0,0,3.6,1,1,0
T105379,2025-07-06,R1,Train,42.0,11,20,Sunday,7,19,0,18.9,Clear,67.0,60.0,0,3.1,1,1,0
T104927,2025-08-05,M2,Metro,16.5,15,5,Tuesday,8,9,0,26.3,Rain,58.0,97.0,0,4.4,1,0,0
T104564,2025-11-24,R4,Train,35.5,9,30,Monday,11,6,0,7.9,Clear,37.0,47.0,0,-3.0,0,0,0
T104132,2025-09-24,R4,Train,35.5,9,30,Wednesday,9,11,0,22.0,Rain,42.0,44.0,0,-2.8,0,0,0
T104122,2025-12-26,M2,Metro,16.5,15,5,Friday,12,19,0,0.9,Snow,51.0,91.0,0,6.7,1,0,1
T100896,2025-07-05,B61,Bus,7.4,18,8,Saturday,7,12,0,24.4,Fog,18.0,29.0,0,-1.1,0,1,0
T104181,2025-05-12,T3,Tram,11.0,22,8,Monday,5,6,0,17.6,Fog,42.0,40.0,0,-2.5,0,0,0
T105494,2025-10-10,R4,Train,35.5,9,30,Friday,10,14,0,18.4,Rain,37.0,51.0,0,-3.0,0,0,0
T100804,2025-09-27,T7,Tram,8.3,17,10,Saturday,9,6,0,12.5,Clear,36.0,5.0,0,0.5,0,1,0
T102881,2025-03-28,B12,Bus,14.5,32,10,Friday,3,10,0,6.2,Clear,44.0,43.0,0,-0.9,0,0,0
T105483,2025-11-05,M1,Metro,21.0,19,4,Wednesday,11,18,0,4.0,Rain,74.0,82.0,0,1.3,1,0,0
T104692,2025-12-28,M2,Metro,16.5,15,5,Sunday,12,17,0,8.8,Rain,38.0,43.0,0,-0.2,1,1,0
T101738,2025-01-02,M2,Metro,16.5,15,5,Thursday,1,16,0,-2.4,Fog,62.0,86.0,0,5.0,1,0,0
T102127,2025-08-17,M1,Metro,21.0,19,4,Sunday,8,11,0,19.9,Clear,34.0,24.0,0,-3.0,0,1,0
T100147,2025-03-27,M2,Metro,16.5,15,5,Thursday,3,7,0,5.8,Clear,73.0,72.0,0,-0.9,1,0,0
T105869,2025-09-01,B61,Bus,7.4,18,8,Monday,9,19,0,18.0,Clear,71.0,91.0,1,23.4,1,0,1
T101700,2025-04-07,T9,Tram,13.6,26,12,Monday,4,17,0,8.7,Clear,58.0,104.0,0,7.2,1,0,1
T101093,2025-05-24,T7,Tram,8.3,17,10,Saturday,5,14,0,15.3,Clear,31.0,18.0,0,0.5,0,1,0
T100927,2025-04-20,B61,Bus,7.4,18,8,Sunday,4,5,0,17.1,Rain,17.0,28.0,0,3.3,0,1,0
T103760,2025-03-05,M1,Metro,21.0,19,4,Wednesday,3,5,0,-0.5,Fog,10.0,73.0,0,-1.7,0,0,0
T100527,2025-02-22,T7,Tram,8.3,17,10,Saturday,2,8,0,2.5,Storm,57.0,66.0,0,9.1,1,1,1
T101262,2025-06-12,M3,Metro,12.2,12,6,Thursday,6,15,0,33.8,Clear,45.0,30.0,0,-3.0,0,0,0
T105901,2025-02-26,T3,Tram,11.0,22,8,Wednesday,2,18,0,13.850000000000001,Snow,47.0,83.0,0,7.1,1,0,1
T102948,2025-07-13,R4,Train,35.5,9,30,Sunday,7,8,0,28.2,Clear,51.0,68.0,0,3.0,1,1,0
T102613,2025-08-07,T9,Tram,13.6,26,12,Thursday,8,19,0,30.6,Fog,93.0,75.0,1,19.5,1,0,1
T104383,2025-07-25,M2,Metro,16.5,15,5,Friday,7,14,0,36.9,Clear,46.0,52.0,0,-3.0,0,0,0
T105223,2025-10-27,M2,Metro,16.5,15,5,Monday,10,14,0,9.6,Clear,34.0,10.0,0,-3.0,0,0,0
T100381,2025-12-08,B45,Bus,18.0,38,15,Monday,12,6,0,9.6,Clear,17.0,25.0,0,-2.6,0,0,0
T100485,2025-03-26,R4,Train,35.5,9,30,Wednesday,3,6,0,11.8,Fog,10.0,51.0,0,-0.8,0,0,0
T105232,2025-04-20,B27,Bus,9.2,24,12,Sunday,4,9,0,19.8,Rain,71.0,66.0,0,10.9,1,1,1
T102328,2025-01-10,B27,Bus,9.2,24,12,Friday,1,16,0,6.2,Rain,70.0,77.0,0,7.6,1,0,1
T100596,2025-07-31,R1,Train,42.0,11,20,Thursday,7,9,0,22.3,Clear,67.0,94.0,0,3.0,1,0,0
T101413,2025-10-17,B61,Bus,7.4,18,8,Friday,10,15,0,14.7,Clear,46.0,39.0,0,-1.6,0,0,0
T103684,2025-12-23,M1,Metro,21.0,19,4,Tuesday,12,7,0,1.3,Rain,66.0,91.0,0,2.5,1,0,0
T102626,2025-12-24,M3,Metro,12.2,12,6,Wednesday,12,17,0,3.8,Snow,80.0,80.0,0,9.6,1,0,1
T100579,2025-02-07,T7,Tram,8.3,17,10,Friday,2,12,0,-2.3,Fog,39.0,36.0,0,1.1,0,0,0
T102655,2025-07-26,M2,Metro,16.5,15,5,Saturday,7,8,0,28.3,Fog,44.0,62.0,0,1.5,1,1,0
T105056,2025-12-12,B27,Bus,9.2,24,12,Friday,12,9,0,1.8,Clear,75.0,66.0,0,5.1,1,0,1
T103777,2025-11-07,T3,Tram,11.0,22,8,Friday,11,6,0,7.5,Rain,31.0,21.0,0,-2.7,0,0,0
T105538,2025-10-25,M3,Metro,12.2,12,6,Saturday,10,17,0,19.6,Snow,55.0,70.0,0,3.6,1,1,0
T103794,2025-11-22,R4,Train,35.5,9,30,Saturday,11,16,0,14.3,Clear,58.0,83.0,0,4.3,1,1,0
T102468,2025-01-10,M2,Metro,16.5,15,5,Friday,1,7,0,8.3,Fog,72.0,78.0,0,0.8,1,0,0
T104723,2025-01-19,B12,Bus,14.5,32,10,Sunday,1,8,0,0.7,Fog,51.0,74.0,0,5.9,1,1,1
T101829,2025-12-25,T3,Tram,11.0,22,8,Thursday,12,8,0,10.3,Rain,84.0,83.0,0,6.3,1,0,1
T105980,2025-08-09,M1,Metro,21.0,19,4,Saturday,8,20,0,27.5,Rain,53.0,43.0,0,-3.0,0,1,0
T102721,2025-09-01,B45,Bus,18.0,38,15,Monday,9,8,0,21.5,Rain,74.0,84.0,0,8.8,1,0,1
T102192,2025-04-15,B45,Bus,18.0,38,15,Tuesday,4,7,0,16.9,Clear,78.0,85.0,0,7.2,1,0,1
T102137,2025-01-09,R1,Train,42.0,11,20,Thursday,1,7,0,-3.6,Clear,67.0,83.0,0,1.7,1,0,0
T102568,2025-05-19,B12,Bus,14.5,32,10,Monday,5,18,0,22.1,Clear,56.0,57.0,0,4.5,1,0,0
T105293,2025-09-24,T9,Tram,13.6,26,12,Wednesday,9,14,0,16.4,Clear,21.0,68.0,0,-3.0,0,0,0
T101981,2025-08-16,R4,Train,35.5,9,30,Saturday,8,8,0,24.2,Clear,75.0,86.0,0,2.4,1,1,0
T101436,2025-06-05,M3,Metro,12.2,12,6,Thursday,6,9,0,27.2,Rain,67.0,81.0,0,0.2,1,0,0
T101178,2025-04-05,T3,Tram,11.0,22,8,Saturday,4,17,0,14.2,Rain,52.0,63.0,0,3.3,1,1,0
T105973,2025-01-23,B12,Bus,14.5,32,10,Thursday,1,19,0,-4.6,Snow,54.0,69.0,0,9.0,1,0,1
T102968,2025-09-20,T3,Tram,11.0,22,8,Saturday,9,8,0,21.3,Rain,72.0,66.0,0,6.8,1,1,1
T103728,2025-05-05,R1,Train,42.0,11,20,Monday,5,9,0,16.4,Clear,60.0,69.0,1,18.5,1,0,1
T100930,2025-07-16,B27,Bus,9.2,24,12,Wednesday,7,17,0,27.9,Rain,71.0,102.0,0,13.0,1,0,1
T103885,2025-06-01,M1,Metro,21.0,19,4,Sunday,6,9,0,25.8,Clear,58.0,70.0,0,0.2,1,1,0
T103845,2025-06-24,B61,Bus,7.4,18,8,Tuesday,6,19,0,28.0,Fog,67.0,81.0,0,7.8,1,0,1
T105732,2025-11-04,T3,Tram,11.0,22,8,Tuesday,11,16,0,12.8,Rain,79.0,99.0,0,5.5,1,0,1
T105519,2025-07-11,B12,Bus,14.5,32,10,Friday,7,5,0,25.9,Fog,33.0,46.0,0,0.9,0,0,0
T105998,2025-10-02,T3,Tram,11.0,22,8,Thursday,10,11,0,15.4,Clear,21.0,49.0,0,-3.0,0,0,0
T100327,2025-01-14,M2,Metro,16.5,15,5,Tuesday,1,11,0,9.8,Rain,21.0,30.0,0,-3.0,0,0,0
T105323,2025-05-25,B12,Bus,14.5,32,10,Sunday,5,8,0,20.3,Clear,50.0,89.0,0,8.0,1,1,1
T101936,2025-05-16,B45,Bus,18.0,38,15,Friday,5,9,0,17.3,Clear,54.0,66.0,0,6.3,1,0,1
T105619,2025-03-02,M3,Metro,12.2,12,6,Sunday,3,7,0,10.3,Snow,67.0,91.0,0,5.1,1,1,1
T105715,2025-06-07,T9,Tram,13.6,26,12,Saturday,6,16,0,29.9,Rain,68.0,97.0,0,7.3,1,1,1
T101665,2025-05-25,T3,Tram,11.0,22,8,Sunday,5,21,0,16.5,Clear,40.0,19.0,0,-3.0,0,1,0
T102255,2025-09-08,T7,Tram,8.3,17,10,Monday,9,17,0,25.5,Clear,66.0,79.0,0,2.2,1,0,0
T104633,2025-03-05,B12,Bus,14.5,32,10,Wednesday,3,17,0,2.9,Fog,82.0,76.0,0,10.7,1,0,1
T103792,2025-04-04,B12,Bus,14.5,32,10,Friday,4,16,0,13.6,Clear,72.0,81.0,0,8.1,1,0,1
T100114,2025-07-04,B45,Bus,18.0,38,15,Friday,7,18,0,28.7,Clear,66.0,69.0,0,5.5,1,0,1
T105695,2025-01-24,B45,Bus,18.0,38,15,Friday,1,6,0,-2.5,Snow,37.0,28.0,0,2.2,0,0,0
T104362,2025-07-01,T9,Tram,13.6,26,12,Tuesday,7,18,0,29.8,Clear,73.0,57.0,0,3.2,1,0,0
T105793,2025-12-22,B27,Bus,9.2,24,12,Monday,12,7,1,-5.4,Snow,75.0,75.0,1,23.6,1,0,1
T101538,2025-09-15,B61,Bus,7.4,18,8,Monday,9,9,0,25.5,Fog,75.0,91.0,0,9.8,1,0,1
T104344,2025-05-17,M2,Metro,16.5,15,5,Saturday,5,18,0,19.0,Rain,56.0,97.0,0,2.3,1,1,0
T103574,2025-12-14,M2,Metro,16.5,15,5,Sunday,12,17,0,5.8,Fog,64.0,67.0,0,1.5,1,1,0
T103926,2025-07-03,T9,Tram,13.6,26,12,Thursday,7,13,0,20.5,Clear,58.0,20.0,0,-3.0,0,0,0
T101322,2025-07-20,R1,Train,42.0,11,20,Sunday,7,17,0,25.1,Storm,65.0,78.0,0,8.4,1,1,1
T103888,2025-02-20,R4,Train,35.5,9,30,Thursday,2,7,0,2.6,Fog,57.0,81.0,0,5.3,1,0,1
T101508,2025-11-12,M1,Metro,21.0,19,4,Wednesday,11,16,0,8.4,Clear,89.0,105.0,0,3.3,1,0,0
T102068,2025-05-01,M3,Metro,12.2,12,6,Thursday,5,17,0,26.8,Clear,51.0,83.0,0,2.0,1,0,0
T104072,2025-11-01,T3,Tram,11.0,22,8,Saturday,11,17,0,15.0,Clear,39.0,62.0,0,4.0,1,1,0
T101864,2025-11-01,B45,Bus,18.0,38,15,Saturday,11,13,0,-1.5,Snow,9.0,5.0,0,2.2,0,1,0
T100868,2025-06-12,M2,Metro,16.5,15,5,Thursday,6,15,0,24.9,Fog,38.0,56.0,0,-3.0,0,0,0
T105675,2025-04-09,T9,Tram,13.6,26,12,Wednesday,4,9,0,20.0,Clear,56.0,80.0,0,3.6,1,0,0
T102169,2025-12-24,T9,Tram,13.6,26,12,Wednesday,12,16,0,6.0,Storm,73.0,68.0,0,8.4,1,0,1
T102247,2025-03-06,T3,Tram,11.0,22,8,Thursday,3,19,0,1.0,Rain,70.0,79.0,1,18.6,1,0,1
T100220,2025-02-16,B61,Bus,7.4,18,8,Sunday,2,18,0,1.0,Clear,58.0,66.0,0,6.5,1,1,1
T102999,2025-08-30,M3,Metro,12.2,12,6,Saturday,8,9,0,21.1,Clear,38.0,51.0,0,1.8,1,1,0
T104768,2025-02-11,B61,Bus,7.4,18,8,Tuesday,2,20,0,8.6,Clear,34.0,26.0,0,-0.4,0,0,0
T105788,2025-07-18,T9,Tram,13.6,26,12,Friday,7,18,0,31.0,Clear,87.0,74.0,0,4.5,1,0,0
T103212,2025-05-05,R4,Train,35.5,9,30,Monday,5,17,0,23.8,Storm,68.0,67.0,0,7.5,1,0,1
T105228,2025-02-01,T7,Tram,8.3,17,10,Saturday,2,10,0,7.8,Clear,10.0,32.0,0,-3.0,0,1,0
T100304,2025-07-18,B61,Bus,7.4,18,8,Friday,7,7,0,27.4,Rain,56.0,86.0,0,11.0,1,0,1
T103097,2025-04-25,M2,Metro,16.5,15,5,Friday,4,9,0,12.1,Clear,70.0,98.0,1,15.5,1,0,1
T105175,2025-03-02,B61,Bus,7.4,18,8,Sunday,3,6,0,0.7,Fog,22.0,46.0,0,-2.1,0,1,0
T101851,2025-04-03,T9,Tram,13.6,26,12,Thursday,4,20,0,13.3,Clear,40.0,43.0,0,-3.0,0,0,0
T104575,2025-10-06,T9,Tram,13.6,26,12,Monday,10,17,0,17.4,Rain,71.0,60.0,0,5.0,1,0,0
T101096,2025-11-01,B27,Bus,9.2,24,12,Saturday,11,21,0,11.3,Rain,22.0,42.0,0,-2.6,0,1,0
T104480,2025-06-20,B61,Bus,7.4,18,8,Friday,6,8,0,23.7,Clear,56.0,78.0,0,10.0,1,0,1
T100046,2025-06-12,B27,Bus,9.2,24,12,Thursday,6,18,0,32.4,Clear,67.0,87.0,0,6.6,1,0,1
T103211,2025-04-11,B61,Bus,7.4,18,8,Friday,4,17,0,8.5,Clear,94.0,93.0,0,8.8,1,0,1
T101145,2025-06-26,B61,Bus,7.4,18,8,Thursday,6,9,0,19.4,Clear,75.0,86.0,0,6.9,1,0,1
T102533,2025-03-04,T7,Tram,8.3,17,10,Tuesday,3,16,0,7.0,Clear,82.0,60.0,0,4.8,1,0,0
T103770,2025-06-04,B27,Bus,9.2,24,12,Wednesday,6,7,0,19.2,Clear,50.0,71.0,0,3.9,1,0,0
T100717,2025-06-29,M2,Metro,16.5,15,5,Sunday,6,17,0,36.0,Storm,60.0,75.0,0,8.5,1,1,1
T101494,2025-05-30,R1,Train,42.0,11,20,Friday,5,6,0,18.7,Clear,34.0,51.0,0,-2.4,0,0,0
T103110,2025-07-16,B27,Bus,9.2,24,12,Wednesday,7,13,0,23.2,Clear,28.0,25.0,0,-1.8,0,0,0
T100595,2025-10-20,T7,Tram,8.3,17,10,Monday,10,7,0,6.9,Clear,68.0,94.0,0,3.8,1,0,0
T100589,2025-11-04,T7,Tram,8.3,17,10,Tuesday,11,21,1,4.7,Clear,27.0,28.0,0,-3.0,0,0,0
T100522,2025-03-12,B27,Bus,9.2,24,12,Wednesday,3,17,0,7.9,Clear,66.0,84.0,0,5.8,1,0,1
T102750,2025-03-31,B45,Bus,18.0,38,15,Monday,3,7,0,8.3,Clear,51.0,90.0,0,6.8,1,0,1
T101588,2025-11-11,B27,Bus,9.2,24,12,Tuesday,11,21,0,7.3,Clear,46.0,55.0,1,12.6,0,0,1
T105187,2025-02-15,B12,Bus,14.5,32,10,Saturday,2,15,0,0.2,Snow,33.0,38.0,0,0.9,0,1,0
T104174,2025-05-27,R4,Train,35.5,9,30,Tuesday,5,7,1,19.4,Clear,81.0,78.0,0,-0.4,1,0,0
T103246,2025-10-08,R4,Train,35.5,9,30,Wednesday,10,13,0,12.9,Clear,47.0,27.0,0,-3.0,0,0,0
T101068,2025-05-02,M1,Metro,21.0,19,4,Friday,5,17,0,10.0,Clear,63.0,75.0,0,-0.6,1,0,0
T105624,2025-03-17,M1,Metro,21.0,19,4,Monday,3,15,0,7.8,Rain,25.0,40.0,0,-3.0,0,0,0
T105697,2025-10-08,B27,Bus,9.2,24,12,Wednesday,10,6,0,14.4,Clear,37.0,40.0,0,-1.6,0,0,0
T101531,2025-01-04,M3,Metro,12.2,12,6,Saturday,1,7,0,-4.2,Rain,77.0,60.0,0,2.3,1,1,0
T102780,2025-04-24,T9,Tram,13.6,26,12,Thursday,4,21,0,16.1,Clear,57.0,45.0,0,-2.5,0,0,0
T105937,2025-07-29,M1,Metro,21.0,19,4,Tuesday,7,10,0,25.8,Clear,48.0,40.0,0,-3.0,0,0,0
T104628,2025-10-06,M2,Metro,16.5,15,5,Monday,10,5,0,9.2,Clear,33.0,33.0,0,-3.0,0,0,0
T103803,2025-01-08,B61,Bus,7.4,18,8,Wednesday,1,5,0,2.2,Clear,1.0,49.0,0,-3.0,0,0,0
T105607,2025-08-06,T9,Tram,13.6,26,12,Wednesday,8,7,0,15.2,Clear,75.0,100.0,0,4.8,1,0,0
T105156,2025-12-06,B45,Bus,18.0,38,15,Saturday,12,12,1,2.4,Clear,13.0,20.0,0,-3.0,0,1,0
T100415,2025-09-05,B12,Bus,14.5,32,10,Friday,9,9,0,13.6,Clear,52.0,106.0,0,10.1,1,0,1
T104393,2025-01-25,T7,Tram,8.3,17,10,Saturday,1,15,0,1.2,Clear,34.0,38.0,0,-3.0,0,1,0
T103752,2025-12-17,M3,Metro,12.2,12,6,Wednesday,12,17,0,1.6,Clear,71.0,78.0,0,1.8,1,0,0
T101683,2025-10-18,M1,Metro,21.0,19,4,Saturday,10,15,0,14.3,Clear,9.0,5.0,0,-0.4,0,1,0
T100430,2025-01-31,R1,Train,42.0,11,20,Friday,1,8,0,6.5,Fog,61.0,56.0,0,2.8,1,0,0
T102590,2025-01-26,T3,Tram,11.0,22,8,Sunday,1,18,0,1.3,Snow,47.0,68.0,0,7.4,1,1,1
T103022,2025-05-22,M3,Metro,12.2,12,6,Thursday,5,15,0,19.9,Storm,46.0,34.0,0,-1.7,0,0,0
T102585,2025-07-22,B12,Bus,14.5,32,10,Tuesday,7,17,0,23.1,Rain,66.0,63.0,0,8.6,1,0,1
T103013,2025-09-26,T3,Tram,11.0,22,8,Friday,9,7,0,17.5,Rain,56.0,71.0,0,4.0,1,0,0
T101957,2025-07-14,T7,Tram,8.3,17,10,Monday,7,8,0,24.0,Clear,89.0,69.0,0,5.7,1,0,1
T105824,2025-07-08,T9,Tram,13.6,26,12,Tuesday,7,18,0,31.1,Clear,51.0,89.0,0,2.6,1,0,0
T103981,2025-02-02,B12,Bus,14.5,32,10,Sunday,2,18,0,2.4,Rain,49.0,65.0,0,5.1,1,1,1
T103757,2025-07-19,T3,Tram,11.0,22,8,Saturday,7,10,0,24.3,Clear,19.0,34.0,0,-3.0,0,1,0
T104286,2025-09-18,M2,Metro,16.5,15,5,Thursday,9,7,0,17.0,Rain,55.0,80.0,0,4.0,1,0,0
T103005,2025-05-16,M1,Metro,21.0,19,4,Friday,5,7,0,17.5,Clear,62.0,78.0,0,1.1,1,0,0
T102291,2025-04-28,B61,Bus,7.4,18,8,Monday,4,8,0,21.9,Clear,56.0,95.0,0,7.5,1,0,1
T104232,2025-08-09,B45,Bus,18.0,38,15,Saturday,8,16,0,18.8,Snow,53.0,66.0,0,15.2,1,1,1
T104439,2025-04-25,B27,Bus,9.2,24,12,Friday,4,7,0,14.3,Clear,41.0,71.0,0,3.9,1,0,0
T105497,2025-07-01,R4,Train,35.5,9,30,Tuesday,7,14,0,21.1,Clear,33.0,36.0,1,9.7,0,0,1
T102336,2025-06-15,T3,Tram,11.0,22,8,Sunday,6,14,0,27.8,Fog,15.0,14.0,1,9.4,0,1,1
T102941,2025-12-08,R1,Train,42.0,11,20,Monday,12,17,0,8.2,Rain,83.0,90.0,0,4.7,1,0,0
T103570,2025-10-19,R4,Train,35.5,9,30,Sunday,10,16,0,18.4,Clear,41.0,85.0,0,1.9,1,1,0
T101475,2025-04-21,M2,Metro,16.5,15,5,Monday,4,22,0,11.0,Clear,17.0,12.0,0,-3.0,0,0,0
T105086,2025-10-31,T7,Tram,8.3,17,10,Friday,10,16,0,12.2,Rain,71.0,83.0,0,6.8,1,0,1
T105977,2025-02-28,R4,Train,35.5,9,30,Friday,2,17,0,6.7,Clear,67.0,69.0,0,2.2,1,0,0
T103660,2025-07-23,B45,Bus,18.0,38,15,Wednesday,7,19,0,27.1,Rain,78.0,102.0,0,14.0,1,0,1
T100002,2025-08-27,M1,Metro,21.0,19,4,Wednesday,8,20,0,21.5,Clear,32.0,49.0,0,-3.0,0,0,0
T102097,2025-11-11,T3,Tram,11.0,22,8,Tuesday,11,21,0,8.6,Clear,42.0,60.0,0,0.7,0,0,0
T102615,2025-09-02,T3,Tram,11.0,22,8,Tuesday,9,13,0,25.1,Storm,23.0,30.0,0,-0.6,0,0,0
T101067,2025-08-22,B27,Bus,9.2,24,12,Friday,8,22,0,19.2,Clear,29.0,66.0,0,-2.3,0,0,0
T100180,2025-12-09,T3,Tram,11.0,22,8,Tuesday,12,7,0,7.1,Clear,70.0,108.0,0,6.0,1,0,1
T104242,2025-10-28,T9,Tram,13.6,26,12,Tuesday,10,7,0,9.8,Rain,66.0,85.0,0,5.1,1,0,1
T104088,2025-12-25,T7,Tram,8.3,17,10,Thursday,12,19,0,4.6,Clear,75.0,82.0,0,9.6,1,0,1
T100401,2025-10-11,M3,Metro,12.2,12,6,Saturday,10,18,0,18.3,Clear,50.0,83.0,0,0.0,1,1,0
T102907,2025-12-13,M1,Metro,21.0,19,4,Saturday,12,13,0,-3.1,Rain,2.0,26.0,0,-3.0,0,1,0
T101449,2025-02-07,M3,Metro,12.2,12,6,Friday,2,22,0,5.4,Snow,42.0,5.0,0,-2.1,0,0,0
T100172,2025-10-09,R4,Train,35.5,9,30,Thursday,10,7,0,15.6,Rain,88.0,89.0,0,6.1,1,0,1
T105008,2025-09-19,T3,Tram,11.0,22,8,Friday,9,8,0,16.0,Clear,61.0,87.0,0,4.3,1,0,0
T105283,2025-10-05,M3,Metro,12.2,12,6,Sunday,10,18,0,14.0,Clear,64.0,75.0,0,0.0,1,1,0
T103856,2025-05-12,B61,Bus,7.4,18,8,Monday,5,21,0,23.9,Clear,19.0,52.0,0,-0.7,0,0,0
T102523,2025-05-27,R1,Train,42.0,11,20,Tuesday,5,8,0,20.1,Rain,47.0,89.0,0,5.3,1,0,1
T101916,2025-04-14,M2,Metro,16.5,15,5,Monday,4,8,1,18.4,Rain,60.0,93.0,0,1.8,1,0,0
T102535,2025-12-24,M3,Metro,12.2,12,6,Wednesday,12,16,0,5.5,Fog,82.0,74.0,0,5.0,1,0,0
T102690,2025-09-24,T3,Tram,11.0,22,8,Wednesday,9,11,0,16.6,Clear,30.0,43.0,0,-3.0,0,0,0
T103299,2025-10-20,T7,Tram,8.3,17,10,Monday,10,16,0,14.8,Rain,67.0,86.0,0,5.2,1,0,1
T102028,2025-07-11,T7,Tram,8.3,17,10,Friday,7,5,0,22.5,Clear,4.0,15.0,1,8.1,0,0,1
T100775,2025-12-14,R4,Train,35.5,9,30,Sunday,12,17,0,9.4,Clear,55.0,96.0,0,3.2,1,1,0
T104958,2025-12-02,M1,Metro,21.0,19,4,Tuesday,12,14,0,-0.3,Clear,34.0,48.0,0,-3.0,0,0,0
T101004,2025-02-16,T3,Tram,11.0,22,8,Sunday,2,13,0,6.4,Clear,27.0,39.0,0,-3.0,0,1,0
T100411,2025-03-25,T7,Tram,8.3,17,10,Tuesday,3,17,0,7.6,Rain,62.0,113.0,0,10.3,1,0,1
T100258,2025-03-05,M2,Metro,16.5,15,5,Wednesday,3,6,0,9.0,Clear,29.0,24.0,0,-3.0,0,0,0
T100900,2025-01-02,B12,Bus,14.5,32,10,Thursday,1,16,0,2.4,Snow,53.0,70.0,0,9.4,1,0,1
T103836,2025-03-13,M1,Metro,21.0,19,4,Thursday,3,16,0,11.0,Clear,75.0,71.0,0,1.2,1,0,0
T104058,2025-03-16,T9,Tram,13.6,26,12,Sunday,3,14,0,7.0,Clear,14.0,13.0,0,-3.0,0,1,0
T101415,2025-10-14,M2,Metro,16.5,15,5,Tuesday,10,22,0,17.7,Rain,58.0,57.0,0,-3.0,0,0,0
T100791,2025-06-15,R4,Train,35.5,9,30,Sunday,6,9,0,22.4,Clear,46.0,90.0,0,4.6,1,1,0
T100530,2025-08-07,B12,Bus,14.5,32,10,Thursday,8,19,0,20.1,Clear,71.0,69.0,0,5.7,1,0,1
T100897,2025-01-20,B61,Bus,7.4,18,8,Monday,1,18,0,0.0,Snow,66.0,78.0,0,10.9,1,0,1
T102354,2025-04-23,T9,Tram,13.6,26,12,Wednesday,4,7,0,10.7,Clear,63.0,89.0,0,4.3,1,0,0
T103289,2025-03-09,B61,Bus,7.4,18,8,Sunday,3,8,0,5.8,Clear,32.0,66.0,0,5.6,1,1,1
T105375,2025-09-03,B45,Bus,18.0,38,15,Wednesday,9,17,0,20.7,Clear,84.0,80.0,0,9.1,1,0,1
T105560,2025-06-23,T3,Tram,11.0,22,8,Monday,6,14,0,19.0,Clear,32.0,52.0,0,-3.0,0,0,0
T100965,2025-08-03,R1,Train,42.0,11,20,Sunday,8,15,0,23.5,Clear,15.0,35.0,0,-3.0,0,1,0
T102514,2025-02-07,T9,Tram,13.6,26,12,Friday,2,16,0,3.7,Snow,71.0,73.0,0,7.1,1,0,1
T100833,2025-02-22,M1,Metro,21.0,19,4,Saturday,2,12,0,-0.7,Clear,20.0,23.0,0,-3.0,0,1,0
T101433,2025-07-25,M2,Metro,16.5,15,5,Friday,7,16,1,31.8,Clear,72.0,73.0,0,-1.7,1,0,0
T102598,2025-12-20,B61,Bus,7.4,18,8,Saturday,12,16,0,-2.9,Fog,69.0,63.0,0,6.7,1,1,1
T103883,2025-06-16,B12,Bus,14.5,32,10,Monday,6,9,0,28.2,Clear,81.0,86.0,0,9.4,1,0,1
T100780,2025-11-17,R1,Train,42.0,11,20,Monday,11,17,0,14.3,Rain,72.0,74.0,0,6.1,1,0,1
T104699,2025-01-09,B45,Bus,18.0,38,15,Thursday,1,5,0,1.1,Snow,14.0,22.0,0,1.2,0,0,0
T101179,2025-01-10,B61,Bus,7.4,18,8,Friday,1,18,0,1.3,Clear,69.0,94.0,0,7.4,1,0,1
T101108,2025-12-10,B61,Bus,7.4,18,8,Wednesday,12,16,0,-4.2,Snow,66.0,63.0,0,11.1,1,0,1
T102851,2025-05-23,T3,Tram,11.0,22,8,Friday,5,9,0,20.0,Clear,40.0,74.0,0,1.8,1,0,0
T100132,2025-02-03,R1,Train,42.0,11,20,Monday,2,20,0,3.5,Storm,35.0,29.0,0,3.6,0,0,0
T102476,2025-07-10,T7,Tram,8.3,17,10,Thursday,7,7,0,25.0,Rain,62.0,98.0,0,8.5,1,0,1
T102867,2025-02-27,T3,Tram,11.0,22,8,Thursday,2,17,1,0.9,Rain,61.0,99.0,0,2.9,1,0,0
T102319,2025-10-10,B45,Bus,18.0,38,15,Friday,10,7,0,14.6,Rain,81.0,94.0,0,11.0,1,0,1
T102880,2025-01-15,T7,Tram,8.3,17,10,Wednesday,1,18,0,4.4,Clear,48.0,93.0,0,6.7,1,0,1
T104149,2025-05-23,R4,Train,35.5,9,30,Friday,5,12,0,22.6,Clear,40.0,62.0,0,-0.9,0,0,0
T100619,2025-02-21,B12,Bus,14.5,32,10,Friday,2,9,0,3.8,Snow,82.0,91.0,0,14.0,1,0,1
T101015,2025-11-02,M3,Metro,12.2,12,6,Sunday,11,17,0,10.9,Rain,64.0,82.0,0,1.9,1,1,0
T104380,2025-12-10,M2,Metro,16.5,15,5,Wednesday,12,11,0,5.8,Clear,29.0,41.0,0,-3.0,0,0,0
T103500,2025-01-23,R4,Train,35.5,9,30,Thursday,1,14,0,-2.1,Snow,29.0,23.0,0,-0.5,0,0,0
T101551,2025-11-08,T7,Tram,8.3,17,10,Saturday,11,20,0,8.7,Clear,20.0,39.0,0,-3.0,0,1,0
T101296,2025-04-06,B61,Bus,7.4,18,8,Sunday,4,10,0,11.6,Fog,24.0,13.0,0,0.4,0,1,0
T103733,2025-12-07,B61,Bus,7.4,18,8,Sunday,12,17,0,-0.9,Clear,57.0,76.0,0,5.7,1,1,1
T101952,2025-01-27,R1,Train,42.0,11,20,Monday,1,11,0,-2.8,Clear,30.0,67.0,0,2.2,0,0,0
T102827,2025-12-11,B27,Bus,9.2,24,12,Thursday,12,22,0,0.6,Snow,16.0,41.0,0,1.3,0,0,0
T105551,2025-05-10,B12,Bus,14.5,32,10,Saturday,5,9,0,25.4,Fog,62.0,58.0,0,7.2,1,1,1
T103065,2025-07-20,M1,Metro,21.0,19,4,Sunday,7,19,0,22.1,Fog,56.0,122.0,0,4.7,1,1,0
T100474,2025-08-20,B45,Bus,18.0,38,15,Wednesday,8,17,0,26.8,Clear,61.0,74.0,0,7.1,1,0,1
T103049,2025-09-16,M2,Metro,16.5,15,5,Tuesday,9,8,0,13.5,Rain,87.0,93.0,0,2.1,1,0,0
T102297,2025-06-29,T7,Tram,8.3,17,10,Sunday,6,16,0,21.5,Clear,57.0,83.0,0,3.4,1,1,0
T105609,2025-02-13,T9,Tram,13.6,26,12,Thursday,2,17,0,3.4,Clear,61.0,78.0,0,2.3,1,0,0
T102681,2025-02-06,B27,Bus,9.2,24,12,Thursday,2,14,0,7.5,Rain,30.0,23.0,0,2.3,0,0,0
T105015,2025-12-09,T3,Tram,11.0,22,8,Tuesday,12,9,0,13.850000000000001,Clear,61.0,61.0,1,17.1,1,0,1
T105413,2025-11-22,R1,Train,42.0,11,20,Saturday,11,14,0,10.2,Clear,35.0,9.0,1,8.8,0,1,1
T102906,2025-08-17,R1,Train,42.0,11,20,Sunday,8,8,0,21.3,Fog,50.0,60.0,0,7.0,1,1,1
T105352,2025-02-14,T9,Tram,13.6,26,12,Friday,2,19,0,1.8,Rain,86.0,75.0,0,5.0,1,0,0
T103442,2025-06-16,B45,Bus,18.0,38,15,Monday,6,7,1,23.7,Clear,75.0,87.0,0,7.4,1,0,1
T102801,2025-06-12,M3,Metro,12.2,12,6,Thursday,6,8,0,22.8,Rain,61.0,75.0,0,5.2,1,0,1
T103896,2025-07-14,M3,Metro,12.2,12,6,Monday,7,5,0,28.7,Rain,35.0,48.0,0,-2.1,0,0,0
T101457,2025-06-16,M2,Metro,16.5,15,5,Monday,6,21,0,26.1,Rain,29.0,43.0,0,-3.0,0,0,0
T100769,2025-05-18,B45,Bus,18.0,38,15,Sunday,5,16,0,18.0,Clear,70.0,52.0,0,6.5,1,1,1
T103547,2025-11-18,T7,Tram,8.3,17,10,Tuesday,11,7,0,10.2,Storm,82.0,91.0,0,9.4,1,0,1
T101990,2025-07-13,B45,Bus,18.0,38,15,Sunday,7,21,0,18.3,Clear,19.0,19.0,0,1.3,0,1,0
T104033,2025-04-13,T9,Tram,13.6,26,12,Sunday,4,9,0,7.4,Clear,47.0,68.0,0,1.6,1,1,0
T101302,2025-09-13,R4,Train,35.5,9,30,Saturday,9,8,0,22.7,Clear,66.0,75.0,0,1.1,1,1,0
T103306,2025-04-11,M2,Metro,16.5,15,5,Friday,4,17,0,21.6,Clear,69.0,98.0,0,0.3,1,0,0
T105083,2025-06-09,T9,Tram,13.6,26,12,Monday,6,8,0,17.6,Clear,69.0,89.0,0,3.7,1,0,0
T101133,2025-10-06,R1,Train,42.0,11,20,Monday,10,9,0,13.3,Clear,74.0,69.0,0,4.1,1,0,0
T104100,2025-02-03,M3,Metro,12.2,12,6,Monday,2,6,0,2.1,Clear,21.0,55.0,0,-3.0,0,0,0
T100438,2025-01-30,B12,Bus,14.5,32,10,Thursday,1,16,0,4.2,Rain,71.0,92.0,0,10.2,1,0,1
T100249,2025-01-16,B45,Bus,18.0,38,15,Thursday,1,19,0,4.2,Clear,63.0,98.0,0,10.3,1,0,1
T103190,2025-01-02,B27,Bus,9.2,24,12,Thursday,1,12,0,-5.2,Snow,15.0,27.0,0,2.1,0,0,0
T105479,2025-07-29,T3,Tram,11.0,22,8,Tuesday,7,14,0,29.8,Rain,36.0,42.0,0,-3.0,0,0,0
T104197,2025-02-15,M3,Metro,12.2,12,6,Saturday,2,20,0,7.4,Storm,40.0,21.0,0,-0.3,0,1,0
T102484,2025-05-06,B27,Bus,9.2,24,12,Tuesday,5,15,0,12.0,Clear,28.0,37.0,0,-1.5,0,0,0
T100609,2025-11-10,M2,Metro,16.5,15,5,Monday,11,17,0,14.7,Clear,67.0,69.0,1,17.1,1,0,1
T101309,2025-11-08,B61,Bus,7.4,18,8,Saturday,11,8,0,13.1,Clear,52.0,60.0,1,20.9,1,1,1
T101154,2025-04-22,T7,Tram,8.3,17,10,Tuesday,4,8,0,14.8,Clear,68.0,65.0,0,7.4,1,0,1
T105550,2025-08-08,T3,Tram,11.0,22,8,Friday,8,19,0,24.6,Rain,88.0,75.0,0,9.9,1,0,1
T100734,2025-03-18,B61,Bus,7.4,18,8,Tuesday,3,18,0,10.1,Fog,66.0,68.0,1,20.4,1,0,1
T102967,2025-03-25,B45,Bus,18.0,38,15,Tuesday,3,8,0,8.9,Clear,83.0,91.0,0,8.5,1,0,1
T104046,2025-06-15,T7,Tram,8.3,17,10,Sunday,6,12,0,28.7,Clear,3.0,54.0,0,-3.0,0,1,0
T101521,2025-09-17,R4,Train,35.5,9,30,Wednesday,9,18,0,21.0,Rain,70.0,80.0,0,3.9,1,0,0
T103613,2025-01-28,T3,Tram,11.0,22,8,Tuesday,1,7,0,0.3,Snow,80.0,73.0,0,10.2,1,0,1
T105428,2025-01-11,M1,Metro,21.0,19,4,Saturday,1,8,0,-0.9,Clear,65.0,51.0,0,3.9,1,1,0
T103174,2025-12-30,T7,Tram,8.3,17,10,Tuesday,12,6,0,0.7,Snow,38.0,46.0,0,-0.3,0,0,0
T103467,2025-04-05,B45,Bus,18.0,38,15,Saturday,4,13,0,15.6,Rain,32.0,5.0,0,0.1,0,1,0
T105811,2025-08-25,R1,Train,42.0,11,20,Monday,8,5,0,19.9,Clear,49.0,52.0,1,12.1,0,0,1
T105374,2025-09-28,M1,Metro,21.0,19,4,Sunday,9,19,0,17.7,Clear,50.0,57.0,0,0.9,1,1,0
T104806,2025-06-20,M2,Metro,16.5,15,5,Friday,6,9,0,19.4,Clear,75.0,83.0,0,0.1,1,0,0
T102017,2025-09-23,B27,Bus,9.2,24,12,Tuesday,9,14,0,22.5,Clear,24.0,42.0,0,-1.1,0,0,0
T100470,2025-09-27,B12,Bus,14.5,32,10,Saturday,9,18,0,21.3,Clear,48.0,62.0,0,4.9,1,1,0
T102718,2025-07-31,M1,Metro,21.0,19,4,Thursday,7,22,0,26.2,Clear,29.0,20.0,0,5.7,0,0,1
T101805,2025-01-17,M2,Metro,16.5,15,5,Friday,1,20,0,-2.7,Clear,59.0,46.0,0,-3.0,0,0,0
T103054,2025-10-15,R4,Train,35.5,9,30,Wednesday,10,20,0,10.5,Clear,34.0,40.0,1,10.3,0,0,1
T103780,2025-01-21,B61,Bus,7.4,18,8,Tuesday,1,16,0,-2.1,Rain,70.0,82.0,0,8.1,1,0,1
T103297,2025-11-28,B61,Bus,7.4,18,8,Friday,11,20,0,15.7,Rain,19.0,43.0,0,-2.4,0,0,0
T100756,2025-09-27,T9,Tram,13.6,26,12,Saturday,9,9,0,13.850000000000001,Clear,58.0,96.0,0,3.3,1,1,0
T102749,2025-12-22,M1,Metro,21.0,19,4,Monday,12,16,0,0.0,Clear,78.0,99.0,0,3.2,1,0,0
T100284,2025-06-11,T7,Tram,8.3,17,10,Wednesday,6,16,0,23.2,Clear,70.0,56.0,0,3.5,1,0,0
T104138,2025-11-18,B45,Bus,18.0,38,15,Tuesday,11,16,0,7.6,Clear,69.0,77.0,0,6.7,1,0,1
T105020,2025-11-18,T7,Tram,8.3,17,10,Tuesday,11,9,0,9.0,Clear,63.0,115.0,0,8.3,1,0,1
T103234,2025-07-28,T7,Tram,8.3,17,10,Monday,7,9,0,23.4,Clear,76.0,108.0,0,4.5,1,0,0
T100635,2025-09-08,B27,Bus,9.2,24,12,Monday,9,16,0,18.9,Clear,56.0,55.0,0,7.6,1,0,1
T100080,2025-12-10,R1,Train,42.0,11,20,Wednesday,12,9,0,-5.6,Clear,76.0,67.0,0,2.4,1,0,0
T102313,2025-01-20,R1,Train,42.0,11,20,Monday,1,9,0,1.7,Snow,37.0,59.0,0,6.8,1,0,1
T105565,2025-08-21,T7,Tram,8.3,17,10,Thursday,8,17,1,20.8,Clear,65.0,67.0,0,1.2,1,0,0
T104289,2025-04-23,B61,Bus,7.4,18,8,Wednesday,4,16,0,12.7,Rain,70.0,88.0,0,11.2,1,0,1
T105292,2025-05-04,M3,Metro,12.2,12,6,Sunday,5,7,0,23.2,Fog,62.0,72.0,0,3.7,1,1,0
T100782,2025-02-14,T3,Tram,11.0,22,8,Friday,2,9,0,3.4,Snow,77.0,80.0,0,9.0,1,0,1
T105235,2025-11-11,R1,Train,42.0,11,20,Tuesday,11,9,1,10.9,Clear,66.0,73.0,0,2.6,1,0,0
T100137,2025-01-12,M2,Metro,16.5,15,5,Sunday,1,7,0,-0.1,Clear,67.0,70.0,0,0.3,1,1,0
T105393,2025-10-27,B27,Bus,9.2,24,12,Monday,10,8,1,19.1,Rain,82.0,95.0,0,9.6,1,0,1
T100733,2025-10-10,M2,Metro,16.5,15,5,Friday,10,19,0,14.7,Clear,63.0,74.0,0,-0.9,1,0,0
T102689,2025-12-25,M2,Metro,16.5,15,5,Thursday,12,16,0,5.0,Clear,56.0,86.0,0,1.1,1,0,0
T100735,2025-09-02,M1,Metro,21.0,19,4,Tuesday,9,15,1,21.9,Storm,35.0,51.0,0,-2.5,0,0,0
T102859,2025-06-12,B12,Bus,14.5,32,10,Thursday,6,19,0,26.4,Fog,79.0,86.0,0,12.4,1,0,1
T102675,2025-08-05,B12,Bus,14.5,32,10,Tuesday,8,21,0,30.9,Storm,25.0,12.0,0,2.1,0,0,0
T103606,2025-04-30,B61,Bus,7.4,18,8,Wednesday,4,20,0,19.2,Clear,53.0,5.0,0,-1.9,0,0,0
T104538,2025-11-01,B27,Bus,9.2,24,12,Saturday,11,11,0,12.8,Clear,13.0,37.0,0,-2.1,0,1,0
T105459,2025-11-22,B61,Bus,7.4,18,8,Saturday,11,16,0,12.5,Clear,41.0,59.0,0,3.0,1,1,0
T105000,2025-03-14,R1,Train,42.0,11,20,Friday,3,20,0,7.8,Clear,30.0,31.0,1,17.2,0,0,1
T101693,2025-05-25,M2,Metro,16.5,15,5,Sunday,5,9,0,22.7,Clear,57.0,45.0,0,2.3,1,1,0
T102858,2025-09-22,B61,Bus,7.4,18,8,Monday,9,9,0,17.5,Clear,75.0,97.0,0,10.7,1,0,1
T105249,2025-07-28,B12,Bus,14.5,32,10,Monday,7,22,0,31.0,Storm,41.0,30.0,0,4.9,0,0,0
T101405,2025-02-26,T9,Tram,13.6,26,12,Wednesday,2,17,0,5.9,Clear,68.0,57.0,0,3.9,1,0,0
T101753,2025-05-25,B12,Bus,14.5,32,10,Sunday,5,21,0,16.6,Clear,10.0,18.0,0,-3.0,0,1,0
T100268,2025-08-12,B61,Bus,7.4,18,8,Tuesday,8,8,0,19.3,Clear,100.0,85.0,0,7.8,1,0,1
T105029,2025-03-26,B27,Bus,9.2,24,12,Wednesday,3,15,0,3.1,Fog,40.0,66.0,0,2.6,0,0,0
T104201,2025-09-30,T9,Tram,13.6,26,12,Tuesday,9,10,0,25.3,Rain,42.0,24.0,0,-1.9,0,0,0
T105132,2025-06-23,M1,Metro,21.0,19,4,Monday,6,7,0,23.9,Clear,79.0,85.0,0,0.6,1,0,0
T100874,2025-09-12,T7,Tram,8.3,17,10,Friday,9,18,0,16.3,Clear,60.0,81.0,0,3.7,1,0,0
T102173,2025-10-07,T9,Tram,13.6,26,12,Tuesday,10,10,0,13.4,Rain,30.0,19.0,0,-3.0,0,0,0
T103330,2025-08-13,B27,Bus,9.2,24,12,Wednesday,8,8,0,20.8,Clear,45.0,84.0,0,4.9,1,0,0
T102914,2025-05-29,M2,Metro,16.5,15,5,Thursday,5,7,0,24.1,Clear,50.0,92.0,0,2.2,1,0,0
T104094,2025-12-17,M3,Metro,12.2,12,6,Wednesday,12,20,0,-0.8,Fog,28.0,34.0,0,-3.0,0,0,0
T101898,2025-09-30,R1,Train,42.0,11,20,Tuesday,9,12,0,25.6,Clear,9.0,47.0,0,-3.0,0,0,0
T101836,2025-12-10,T3,Tram,11.0,22,8,Wednesday,12,19,0,1.7,Clear,67.0,60.0,0,2.5,1,0,0
T101077,2025-03-02,B27,Bus,9.2,24,12,Sunday,3,15,0,9.4,Rain,-0.0,17.0,0,-3.0,0,1,0
T102790,2025-12-08,T9,Tram,13.6,26,12,Monday,12,9,0,5.2,Clear,70.0,86.0,0,5.7,1,0,1
T105962,2025-10-30,B27,Bus,9.2,24,12,Thursday,10,13,0,20.1,Clear,18.0,34.0,0,-3.0,0,0,0
T103666,2025-08-03,M1,Metro,21.0,19,4,Sunday,8,12,0,19.9,Clear,23.0,31.0,0,-3.0,0,1,0
T103513,2025-02-21,T3,Tram,11.0,22,8,Friday,2,9,0,4.7,Clear,78.0,78.0,0,2.2,1,0,0
T105053,2025-11-30,B61,Bus,7.4,18,8,Sunday,11,19,0,4.3,Clear,67.0,68.0,0,6.4,1,1,1
T100959,2025-05-31,T9,Tram,13.6,26,12,Saturday,5,10,0,23.6,Clear,10.0,32.0,0,-2.0,0,1,0
T102141,2025-11-16,T3,Tram,11.0,22,8,Sunday,11,17,1,6.3,Storm,50.0,62.0,0,8.8,1,1,1
T104659,2025-07-01,T3,Tram,11.0,22,8,Tuesday,7,7,0,13.850000000000001,Clear,75.0,54.0,0,7.8,1,0,1
T101427,2025-11-26,M3,Metro,12.2,12,6,Wednesday,11,16,0,14.7,Clear,62.0,89.0,0,0.0,1,0,0
T104185,2025-07-28,T3,Tram,11.0,22,8,Monday,7,19,0,13.850000000000001,Fog,79.0,90.0,0,6.1,1,0,1
T104016,2025-04-09,R1,Train,42.0,11,20,Wednesday,4,5,0,12.9,Clear,37.0,36.0,0,-3.0,0,0,0
T100271,2025-01-09,M3,Metro,12.2,12,6,Thursday,1,16,0,1.3,Clear,50.0,67.0,0,1.0,1,0,0
T104195,2025-06-30,M1,Metro,21.0,19,4,Monday,6,14,0,28.2,Clear,24.0,22.0,0,-0.9,0,0,0
T104702,2025-07-18,T3,Tram,11.0,22,8,Friday,7,7,0,24.2,Rain,75.0,73.0,0,4.8,1,0,0
T104043,2025-02-09,R1,Train,42.0,11,20,Sunday,2,5,1,5.8,Fog,23.0,44.0,0,0.3,0,1,0
T101995,2025-01-01,T7,Tram,8.3,17,10,Wednesday,1,9,0,-3.1,Snow,57.0,66.0,0,11.7,1,0,1
T101582,2025-07-08,M2,Metro,16.5,15,5,Tuesday,7,18,0,28.4,Storm,65.0,92.0,0,6.6,1,0,1
T102716,2025-06-08,M2,Metro,16.5,15,5,Sunday,6,16,0,21.9,Rain,63.0,40.0,0,4.1,1,1,0
T105558,2025-07-12,R1,Train,42.0,11,20,Saturday,7,13,0,26.4,Rain,14.0,17.0,0,-0.6,0,1,0
T104343,2025-04-04,M1,Metro,21.0,19,4,Friday,4,17,0,12.6,Clear,92.0,55.0,0,-0.8,1,0,0
T100745,2025-05-13,R1,Train,42.0,11,20,Tuesday,5,8,0,15.7,Rain,81.0,78.0,0,4.4,1,0,0
T101764,2025-07-30,T7,Tram,8.3,17,10,Wednesday,7,20,0,28.1,Rain,29.0,66.0,0,-2.9,0,0,0
T104523,2025-12-27,M1,Metro,21.0,19,4,Saturday,12,10,0,10.2,Rain,0.0,34.0,0,-3.0,0,1,0
T105279,2025-03-14,T9,Tram,13.6,26,12,Friday,3,19,0,11.5,Storm,72.0,89.0,0,13.8,1,0,1
T100153,2025-04-18,T3,Tram,11.0,22,8,Friday,4,16,0,10.2,Clear,84.0,57.0,0,3.0,1,0,0
T102407,2025-09-17,M1,Metro,21.0,19,4,Wednesday,9,18,0,18.8,Clear,66.0,91.0,0,8.9,1,0,1
T104106,2025-02-07,M3,Metro,12.2,12,6,Friday,2,16,0,8.2,Clear,70.0,100.0,0,0.1,1,0,0
T102044,2025-04-12,T3,Tram,11.0,22,8,Saturday,4,10,0,16.5,Clear,17.0,27.0,0,-3.0,0,1,0
T100825,2025-02-03,T9,Tram,13.6,26,12,Monday,2,19,0,7.3,Clear,81.0,66.0,0,5.1,1,0,1
T101363,2025-03-15,B45,Bus,18.0,38,15,Saturday,3,12,0,3.9,Snow,25.0,37.0,0,0.6,0,1,0
T105666,2025-03-15,T3,Tram,11.0,22,8,Saturday,3,20,0,14.8,Rain,27.0,22.0,0,-3.0,0,1,0
T105508,2025-07-27,B45,Bus,18.0,38,15,Sunday,7,13,0,30.9,Clear,5.0,18.0,0,-3.0,0,1,0
T100921,2025-07-28,T7,Tram,8.3,17,10,Monday,7,17,0,26.7,Storm,73.0,66.0,0,9.7,1,0,1
T105744,2025-01-07,T9,Tram,13.6,26,12,Tuesday,1,9,0,-3.9,Clear,54.0,86.0,0,3.4,1,0,0
T105117,2025-06-19,M2,Metro,16.5,15,5,Thursday,6,8,0,28.8,Rain,83.0,91.0,0,1.3,1,0,0
T103548,2025-04-23,R4,Train,35.5,9,30,Wednesday,4,11,0,13.3,Clear,32.0,29.0,0,-2.5,0,0,0
T101572,2025-09-25,B45,Bus,18.0,38,15,Thursday,9,16,0,18.9,Clear,91.0,69.0,1,20.8,1,0,1
T104056,2025-11-06,M2,Metro,16.5,15,5,Thursday,11,16,0,13.7,Clear,58.0,68.0,0,2.6,1,0,0
T100843,2025-01-14,T3,Tram,11.0,22,8,Tuesday,1,9,0,6.6,Clear,62.0,76.0,0,5.4,1,0,1
T104516,2025-05-09,M3,Metro,12.2,12,6,Friday,5,17,0,18.7,Rain,62.0,65.0,0,1.1,1,0,0
T102464,2025-06-19,T7,Tram,8.3,17,10,Thursday,6,16,0,21.0,Clear,57.0,58.0,0,4.0,1,0,0
T103909,2025-11-27,B45,Bus,18.0,38,15,Thursday,11,16,1,7.4,Clear,67.0,108.0,0,10.3,1,0,1
T104753,2025-11-15,B61,Bus,7.4,18,8,Saturday,11,8,0,11.8,Clear,42.0,85.0,0,6.6,1,1,1
T100360,2025-11-05,M1,Metro,21.0,19,4,Wednesday,11,8,0,7.6,Clear,67.0,61.0,0,-0.1,1,0,0
T100941,2025-05-28,T7,Tram,8.3,17,10,Wednesday,5,9,0,14.2,Clear,80.0,68.0,0,2.5,1,0,0
T100253,2025-05-01,T9,Tram,13.6,26,12,Thursday,5,9,0,22.6,Clear,56.0,70.0,0,3.0,1,0,0
T101892,2025-11-17,B61,Bus,7.4,18,8,Monday,11,16,0,9.1,Storm,76.0,79.0,0,14.6,1,0,1
T104090,2025-09-27,B27,Bus,9.2,24,12,Saturday,9,12,0,16.6,Clear,41.0,15.0,0,-3.0,0,1,0
T100468,2025-03-08,T9,Tram,13.6,26,12,Saturday,3,21,0,13.5,Clear,16.0,10.0,0,-3.0,0,1,0
T103577,2025-11-09,B27,Bus,9.2,24,12,Sunday,11,18,0,13.6,Clear,46.0,85.0,0,5.1,1,1,1
T104667,2025-02-20,B27,Bus,9.2,24,12,Thursday,2,7,0,3.2,Fog,81.0,27.0,0,12.0,1,0,1
T103493,2025-09-29,T7,Tram,8.3,17,10,Monday,9,6,0,22.7,Clear,49.0,35.0,0,-3.0,0,0,0
T101490,2025-04-11,B27,Bus,9.2,24,12,Friday,4,16,0,14.0,Clear,82.0,78.0,0,8.1,1,0,1
T103575,2025-09-08,M2,Metro,16.5,15,5,Monday,9,5,0,16.7,Rain,24.0,62.0,0,-3.0,0,0,0
T101116,2025-12-30,T9,Tram,13.6,26,12,Tuesday,12,17,0,2.9,Rain,60.0,74.0,0,6.2,1,0,1
T104048,2025-05-03,B61,Bus,7.4,18,8,Saturday,5,17,0,22.6,Storm,56.0,87.0,0,9.9,1,1,1
T101899,2025-05-04,B61,Bus,7.4,18,8,Sunday,5,18,0,17.3,Storm,70.0,73.0,0,11.1,1,1,1
T103641,2025-12-05,M2,Metro,16.5,15,5,Friday,12,19,0,4.9,Rain,57.0,88.0,0,6.3,1,0,1
T103122,2025-06-22,R4,Train,35.5,9,30,Sunday,6,5,0,19.6,Storm,16.0,20.0,0,-0.0,0,1,0
T105803,2025-12-06,B12,Bus,14.5,32,10,Saturday,12,13,0,3.5,Snow,56.0,37.0,0,3.1,0,1,0
T105614,2025-07-28,M3,Metro,12.2,12,6,Monday,7,22,0,22.8,Clear,40.0,38.0,0,-3.0,0,0,0
T101838,2025-03-23,M3,Metro,12.2,12,6,Sunday,3,7,0,9.4,Clear,53.0,63.0,0,-0.8,1,1,0
T101844,2025-09-29,B45,Bus,18.0,38,15,Monday,9,16,0,16.7,Rain,58.0,91.0,0,8.5,1,0,1
T102272,2025-04-19,B27,Bus,9.2,24,12,Saturday,4,6,1,17.6,Rain,8.0,45.0,0,-2.2,0,1,0
T101616,2025-10-17,M1,Metro,21.0,19,4,Friday,10,16,0,12.3,Clear,85.0,67.0,0,0.3,1,0,0
T103650,2025-02-13,B61,Bus,7.4,18,8,Thursday,2,11,0,9.8,Rain,34.0,55.0,0,-2.4,0,0,0
T101189,2025-01-03,B12,Bus,14.5,32,10,Friday,1,16,0,-5.3,Rain,93.0,72.0,0,10.6,1,0,1
T100345,2025-04-04,M2,Metro,16.5,15,5,Friday,4,11,0,11.3,Rain,35.0,19.0,0,-3.0,0,0,0
T101573,2025-10-24,R4,Train,35.5,9,30,Friday,10,17,0,13.9,Rain,75.0,79.0,1,20.3,1,0,1
T100995,2025-08-17,M3,Metro,12.2,12,6,Sunday,8,10,0,26.5,Rain,26.0,26.0,0,-3.0,0,1,0
T105433,2025-07-03,M3,Metro,12.2,12,6,Thursday,7,13,0,24.2,Clear,47.0,28.0,0,-3.0,0,0,0
T104728,2025-02-10,T7,Tram,8.3,17,10,Monday,2,14,0,2.9,Clear,45.0,61.0,0,-3.0,0,0,0
T104915,2025-02-06,M1,Metro,21.0,19,4,Thursday,2,15,0,12.2,Fog,42.0,53.0,0,-1.4,0,0,0
T103940,2025-07-18,T9,Tram,13.6,26,12,Friday,7,22,0,13.850000000000001,Rain,34.0,35.0,0,-1.9,0,0,0
T102034,2025-12-26,M3,Metro,12.2,12,6,Friday,12,16,0,2.4,Snow,66.0,70.0,0,5.6,1,0,1
T102128,2025-01-24,B45,Bus,18.0,38,15,Friday,1,17,0,0.3,Rain,67.0,109.0,1,23.2,1,0,1
T103223,2025-10-11,B61,Bus,7.4,18,8,Saturday,10,11,0,15.3,Storm,10.0,52.0,0,1.4,0,1,0
T101894,2025-02-18,M2,Metro,16.5,15,5,Tuesday,2,18,0,1.9,Clear,88.0,57.0,0,1.1,1,0,0
T105597,2025-09-06,M1,Metro,21.0,19,4,Saturday,9,5,0,17.9,Snow,26.0,27.0,0,-2.1,0,1,0
T101355,2025-07-01,T9,Tram,13.6,26,12,Tuesday,7,17,1,25.8,Clear,66.0,94.0,0,2.7,1,0,0
T101063,2025-09-15,B12,Bus,14.5,32,10,Monday,9,16,0,20.9,Clear,60.0,88.0,0,8.5,1,0,1
T105770,2025-05-01,T3,Tram,11.0,22,8,Thursday,5,9,0,18.1,Rain,86.0,71.0,0,7.2,1,0,1
T103288,2025-03-05,T3,Tram,11.0,22,8,Wednesday,3,7,0,13.850000000000001,Clear,84.0,75.0,0,4.7,1,0,0
T103949,2025-03-05,T9,Tram,13.6,26,12,Wednesday,3,22,0,11.0,Fog,32.0,36.0,0,-3.0,0,0,0
T105615,2025-09-24,M3,Metro,12.2,12,6,Wednesday,9,7,0,26.8,Clear,75.0,89.0,1,14.3,1,0,1
T102385,2025-11-16,T9,Tram,13.6,26,12,Sunday,11,8,0,5.3,Clear,57.0,64.0,0,1.0,1,1,0
T100095,2025-04-16,M1,Metro,21.0,19,4,Wednesday,4,9,0,11.5,Clear,73.0,112.0,0,4.4,1,0,0
T101713,2025-09-25,M3,Metro,12.2,12,6,Thursday,9,7,0,27.3,Clear,66.0,74.0,0,-1.0,1,0,0
T102182,2025-08-10,M2,Metro,16.5,15,5,Sunday,8,21,0,27.0,Clear,16.0,26.0,0,-3.0,0,1,0
T104420,2025-09-21,R1,Train,42.0,11,20,Sunday,9,8,0,23.6,Rain,33.0,75.0,0,3.5,1,1,0
T104200,2025-09-05,B45,Bus,18.0,38,15,Friday,9,9,0,18.6,Rain,54.0,79.0,0,7.7,1,0,1
T101772,2025-05-13,T9,Tram,13.6,26,12,Tuesday,5,7,0,21.2,Storm,68.0,72.0,0,8.0,1,0,1
T102927,2025-04-28,R4,Train,35.5,9,30,Monday,4,6,0,21.9,Clear,31.0,19.0,0,-3.0,0,0,0
T100913,2025-12-24,R4,Train,35.5,9,30,Wednesday,12,18,0,3.4,Rain,76.0,79.0,0,2.9,1,0,0
T101112,2025-03-12,R4,Train,35.5,9,30,Wednesday,3,16,0,10.4,Clear,78.0,96.0,0,5.0,1,0,0
T102647,2025-10-15,B12,Bus,14.5,32,10,Wednesday,10,19,0,16.3,Fog,36.0,67.0,0,8.0,1,0,1
T105976,2025-12-07,T9,Tram,13.6,26,12,Sunday,12,19,0,5.0,Fog,54.0,73.0,0,6.0,1,1,1
T103591,2025-04-18,B45,Bus,18.0,38,15,Friday,4,17,0,2.7,Rain,72.0,83.0,0,7.6,1,0,1
T104957,2025-05-17,T9,Tram,13.6,26,12,Saturday,5,15,0,27.9,Clear,4.0,38.0,1,11.1,0,1,1
T104754,2025-03-19,M2,Metro,16.5,15,5,Wednesday,3,6,0,12.7,Clear,34.0,43.0,0,-3.0,0,0,0
T101345,2025-12-31,B61,Bus,7.4,18,8,Wednesday,12,16,0,3.8,Snow,65.0,82.0,0,12.4,1,0,1
T105709,2025-10-04,B12,Bus,14.5,32,10,Saturday,10,18,0,12.2,Clear,89.0,87.0,0,10.4,1,1,1
T102196,2025-04-17,T3,Tram,11.0,22,8,Thursday,4,14,0,11.0,Clear,41.0,24.0,1,9.3,0,0,1
T104188,2025-01-16,B27,Bus,9.2,24,12,Thursday,1,16,0,2.2,Fog,81.0,72.0,0,16.8,1,0,1
T103688,2025-12-19,B61,Bus,7.4,18,8,Friday,12,16,0,2.4,Storm,76.0,77.0,0,14.2,1,0,1
T105905,2025-02-24,T7,Tram,8.3,17,10,Monday,2,6,0,-0.4,Snow,40.0,16.0,0,-1.0,0,0,0
T100830,2025-03-31,M1,Metro,21.0,19,4,Monday,3,9,0,12.1,Storm,79.0,100.0,0,7.2,1,0,1
T104150,2025-05-01,M1,Metro,21.0,19,4,Thursday,5,17,0,22.2,Clear,49.0,81.0,0,3.4,1,0,0
T103693,2025-04-30,B27,Bus,9.2,24,12,Wednesday,4,18,0,13.6,Storm,72.0,88.0,0,14.7,1,0,1
T102978,2025-04-14,M3,Metro,12.2,12,6,Monday,4,13,0,16.1,Fog,41.0,54.0,0,-3.0,0,0,0
T102406,2025-05-16,B27,Bus,9.2,24,12,Friday,5,18,0,18.8,Rain,80.0,100.0,0,15.4,1,0,1
T104854,2025-01-21,B61,Bus,7.4,18,8,Tuesday,1,8,0,6.1,Clear,61.0,86.0,0,7.1,1,0,1
T102067,2025-11-28,T9,Tram,13.6,26,12,Friday,11,7,0,6.2,Clear,57.0,54.0,0,2.3,1,0,0
T100214,2025-09-26,M2,Metro,16.5,15,5,Friday,9,7,0,21.4,Storm,62.0,67.0,1,20.7,1,0,1
T105712,2025-06-19,R1,Train,42.0,11,20,Thursday,6,18,0,25.5,Clear,68.0,84.0,0,3.2,1,0,0
T101066,2025-12-04,B12,Bus,14.5,32,10,Thursday,12,21,0,-4.3,Fog,51.0,49.0,0,5.7,0,0,1
T105895,2025-10-19,M2,Metro,16.5,15,5,Sunday,10,16,0,10.5,Clear,66.0,45.0,0,1.5,1,1,0
T105243,2025-12-17,B61,Bus,7.4,18,8,Wednesday,12,8,0,8.2,Rain,71.0,80.0,0,11.9,1,0,1
T105017,2025-07-14,M3,Metro,12.2,12,6,Monday,7,17,0,25.5,Storm,63.0,76.0,0,6.5,1,0,1
T102548,2025-06-21,B27,Bus,9.2,24,12,Saturday,6,8,0,26.5,Clear,54.0,64.0,0,4.5,1,1,0
T105065,2025-09-10,T9,Tram,13.6,26,12,Wednesday,9,17,0,19.9,Clear,84.0,74.0,0,6.3,1,0,1
T105064,2025-07-07,M3,Metro,12.2,12,6,Monday,7,18,0,24.3,Clear,58.0,74.0,0,-0.3,1,0,0
T102553,2025-03-12,T3,Tram,11.0,22,8,Wednesday,3,7,0,14.7,Clear,49.0,67.0,0,6.8,1,0,1
T102784,2025-11-29,B61,Bus,7.4,18,8,Saturday,11,5,0,9.5,Clear,27.0,31.0,0,-1.0,0,1,0
T103023,2025-03-14,T9,Tram,13.6,26,12,Friday,3,7,0,8.7,Clear,84.0,88.0,0,5.3,1,0,1
T100165,2025-10-25,M1,Metro,21.0,19,4,Saturday,10,10,1,12.1,Rain,35.0,67.0,0,-3.0,0,1,0
T100201,2025-11-28,R4,Train,35.5,9,30,Friday,11,16,0,10.9,Clear,58.0,78.0,0,2.4,1,0,0
T104848,2025-02-25,R4,Train,35.5,9,30,Tuesday,2,12,0,2.8,Rain,35.0,31.0,0,-2.9,0,0,0
T104334,2025-12-01,B61,Bus,7.4,18,8,Monday,12,17,0,-1.9,Clear,77.0,88.0,0,6.3,1,0,1
T100985,2025-08-27,R1,Train,42.0,11,20,Wednesday,8,21,0,24.9,Clear,24.0,19.0,0,-1.9,0,0,0
T104648,2025-04-17,T3,Tram,11.0,22,8,Thursday,4,19,0,16.0,Clear,86.0,86.0,0,7.8,1,0,1
T102713,2025-07-09,R4,Train,35.5,9,30,Wednesday,7,18,0,27.1,Clear,69.0,78.0,0,1.1,1,0,0
T101991,2025-06-09,B12,Bus,14.5,32,10,Monday,6,15,0,20.4,Clear,31.0,35.0,0,-0.9,0,0,0
T100798,2025-04-26,T7,Tram,8.3,17,10,Saturday,4,22,0,16.0,Fog,28.0,19.0,1,17.8,0,1,1
T105485,2025-03-05,M3,Metro,12.2,12,6,Wednesday,3,7,0,3.5,Snow,76.0,67.0,0,2.7,1,0,0
T105545,2025-11-20,B45,Bus,18.0,38,15,Thursday,11,16,0,0.0,Snow,85.0,98.0,0,14.3,1,0,1
T103469,2025-11-13,R1,Train,42.0,11,20,Thursday,11,18,0,8.9,Rain,69.0,57.0,0,3.5,1,0,0
T101819,2025-04-18,M3,Metro,12.2,12,6,Friday,4,12,0,14.3,Clear,43.0,49.0,0,-2.3,0,0,0
T101644,2025-02-18,B27,Bus,9.2,24,12,Tuesday,2,13,1,3.0,Fog,11.0,35.0,0,-3.0,0,0,0
T101280,2025-09-28,M1,Metro,21.0,19,4,Sunday,9,7,0,14.0,Clear,53.0,96.0,0,3.3,1,1,0
T101399,2025-04-20,T7,Tram,8.3,17,10,Sunday,4,7,0,14.1,Rain,61.0,74.0,0,3.2,1,1,0
T102671,2025-11-09,B12,Bus,14.5,32,10,Sunday,11,9,1,5.8,Rain,62.0,73.0,0,4.9,1,1,0
T102039,2025-06-14,M2,Metro,16.5,15,5,Saturday,6,22,0,19.0,Rain,23.0,43.0,0,1.1,0,1,0
T100048,2025-09-05,B45,Bus,18.0,38,15,Friday,9,17,0,23.6,Clear,62.0,89.0,0,8.0,1,0,1
T101254,2025-08-26,B45,Bus,18.0,38,15,Tuesday,8,18,0,13.6,Clear,68.0,77.0,0,30.199999999999996,1,0,1
T105478,2025-02-04,B45,Bus,18.0,38,15,Tuesday,2,8,0,9.7,Clear,82.0,87.0,0,9.3,1,0,1
T105891,2025-06-02,B61,Bus,7.4,18,8,Monday,6,16,0,30.0,Clear,65.0,82.0,0,7.1,1,0,1
T103263,2025-11-11,T7,Tram,8.3,17,10,Tuesday,11,7,0,7.6,Storm,89.0,89.0,0,11.2,1,0,1
T100366,2025-06-21,M3,Metro,12.2,12,6,Saturday,6,7,0,24.8,Clear,66.0,51.0,0,30.199999999999996,1,1,1
T102162,2025-05-28,T3,Tram,11.0,22,8,Wednesday,5,9,0,13.1,Rain,68.0,86.0,1,20.5,1,0,1
T104826,2025-03-13,M1,Metro,21.0,19,4,Thursday,3,16,0,8.1,Clear,77.0,77.0,0,1.1,1,0,0
T101378,2025-07-03,T3,Tram,11.0,22,8,Thursday,7,18,0,22.9,Storm,53.0,87.0,0,8.0,1,0,1
T102843,2025-06-26,B45,Bus,18.0,38,15,Thursday,6,17,0,24.8,Clear,76.0,86.0,0,8.1,1,0,1
T102944,2025-10-28,B12,Bus,14.5,32,10,Tuesday,10,15,0,19.4,Clear,20.0,40.0,0,-3.0,0,0,0
T103144,2025-10-06,M3,Metro,12.2,12,6,Monday,10,9,0,11.7,Clear,73.0,70.0,0,-0.5,1,0,0
T103874,2025-08-15,R1,Train,42.0,11,20,Friday,8,16,0,27.2,Rain,76.0,84.0,0,3.4,1,0,0
T103183,2025-01-22,T7,Tram,8.3,17,10,Wednesday,1,17,0,0.3,Snow,57.0,81.0,0,9.1,1,0,1
T105217,2025-09-01,T7,Tram,8.3,17,10,Monday,9,18,0,17.8,Storm,75.0,103.0,0,10.6,1,0,1
T105318,2025-10-06,M3,Metro,12.2,12,6,Monday,10,8,0,10.8,Clear,66.0,69.0,0,0.6,1,0,0
T104610,2025-02-03,T3,Tram,11.0,22,8,Monday,2,16,0,1.9,Clear,69.0,72.0,0,2.1,1,0,0
T101431,2025-03-09,M3,Metro,12.2,12,6,Sunday,3,10,0,14.7,Clear,11.0,33.0,0,-3.0,0,1,0
T102763,2025-01-14,B61,Bus,7.4,18,8,Tuesday,1,10,0,1.0,Clear,25.0,67.0,0,-3.0,0,0,0
T101699,2025-12-17,B61,Bus,7.4,18,8,Wednesday,12,21,0,-1.3,Clear,35.0,46.0,0,-1.4,0,0,0
T105661,2025-03-23,M2,Metro,16.5,15,5,Sunday,3,9,0,10.9,Clear,40.0,92.0,0,-0.4,1,1,0
T104572,2025-06-30,B45,Bus,18.0,38,15,Monday,6,9,0,22.4,Storm,63.0,93.0,1,27.0,1,0,1
T103143,2025-07-27,R1,Train,42.0,11,20,Sunday,7,17,0,30.6,Storm,58.0,71.0,0,10.3,1,1,1
T103001,2025-09-03,B12,Bus,14.5,32,10,Wednesday,9,18,0,14.6,Rain,82.0,92.0,0,9.5,1,0,1
T102910,2025-02-10,B45,Bus,18.0,38,15,Monday,2,18,1,9.2,Clear,61.0,94.0,0,5.5,1,0,1
T100503,2025-11-13,T9,Tram,13.6,26,12,Thursday,11,7,0,6.5,Rain,69.0,81.0,1,19.5,1,0,1
T101695,2025-09-07,M2,Metro,16.5,15,5,Sunday,9,8,0,12.2,Rain,48.0,76.0,0,2.5,1,1,0
T105931,2025-07-18,B45,Bus,18.0,38,15,Friday,7,18,0,16.7,Rain,69.0,90.0,0,10.7,1,0,1
T102236,2025-04-02,R4,Train,35.5,9,30,Wednesday,4,20,0,12.8,Clear,27.0,49.0,0,-3.0,0,0,0
T104736,2025-01-23,B12,Bus,14.5,32,10,Thursday,1,19,0,1.4,Clear,90.0,81.0,0,8.4,1,0,1
T100937,2025-02-24,B61,Bus,7.4,18,8,Monday,2,7,0,-0.8,Snow,59.0,68.0,0,8.2,1,0,1
T105783,2025-12-25,M1,Metro,21.0,19,4,Thursday,12,12,0,0.9,Clear,22.0,50.0,0,-3.0,0,0,0
T105754,2025-02-22,T7,Tram,8.3,17,10,Saturday,2,16,0,3.1,Clear,72.0,50.0,0,1.8,1,1,0
T103715,2025-04-15,M1,Metro,21.0,19,4,Tuesday,4,18,0,5.4,Rain,87.0,84.0,0,6.6,1,0,1
T101657,2025-11-15,R4,Train,35.5,9,30,Saturday,11,17,0,13.7,Clear,60.0,57.0,0,2.1,1,1,0
T104364,2025-07-31,M1,Metro,21.0,19,4,Thursday,7,9,0,36.7,Storm,81.0,78.0,0,8.3,1,0,1
T102356,2025-05-31,R4,Train,35.5,9,30,Saturday,5,5,0,26.8,Rain,20.0,11.0,0,-2.8,0,1,0
T103380,2025-10-31,B12,Bus,14.5,32,10,Friday,10,17,0,3.3,Clear,57.0,68.0,0,6.4,1,0,1
T101002,2025-07-23,R4,Train,35.5,9,30,Wednesday,7,10,0,28.3,Rain,43.0,48.0,0,-1.5,0,0,0
T101647,2025-08-31,B12,Bus,14.5,32,10,Sunday,8,17,0,25.7,Clear,62.0,77.0,0,6.7,1,1,1
T100978,2025-05-09,M1,Metro,21.0,19,4,Friday,5,9,0,14.7,Rain,70.0,80.0,1,14.6,1,0,1
T104892,2025-01-22,B45,Bus,18.0,38,15,Wednesday,1,11,0,1.6,Snow,51.0,69.0,0,5.7,0,0,1
T102673,2025-03-10,B12,Bus,14.5,32,10,Monday,3,7,1,13.1,Clear,57.0,84.0,0,9.0,1,0,1
T104203,2025-02-17,B61,Bus,7.4,18,8,Monday,2,16,0,5.7,Clear,51.0,83.0,0,5.9,1,0,1
T103855,2025-09-17,T7,Tram,8.3,17,10,Wednesday,9,9,0,25.8,Clear,62.0,62.0,0,1.2,1,0,0
T105290,2025-10-30,M3,Metro,12.2,12,6,Thursday,10,16,0,19.2,Storm,83.0,56.0,0,6.0,1,0,1
T103823,2025-03-07,T7,Tram,8.3,17,10,Friday,3,7,0,10.1,Clear,71.0,66.0,0,2.7,1,0,0
T104962,2025-12-26,B27,Bus,9.2,24,12,Friday,12,22,0,2.3,Snow,56.0,46.0,0,2.0,0,0,0
T104553,2025-07-23,T9,Tram,13.6,26,12,Wednesday,7,17,0,21.9,Fog,78.0,88.0,0,8.5,1,0,1
T103323,2025-08-22,R1,Train,42.0,11,20,Friday,8,22,0,27.9,Rain,35.0,62.0,0,-3.0,0,0,0
T102754,2025-12-28,M2,Metro,16.5,15,5,Sunday,12,19,0,5.2,Clear,69.0,74.0,0,-0.9,1,1,0
T100576,2025-12-04,B12,Bus,14.5,32,10,Thursday,12,7,0,2.9,Clear,78.0,30.0,0,6.9,1,0,1
T103342,2025-02-06,T7,Tram,8.3,17,10,Thursday,2,6,0,-2.8,Fog,49.0,44.0,0,-2.2,0,0,0
T102140,2025-09-13,M3,Metro,12.2,12,6,Saturday,9,7,0,17.1,Rain,56.0,80.0,0,0.1,1,1,0
T100816,2025-01-16,R1,Train,42.0,11,20,Thursday,1,7,0,1.8,Rain,57.0,60.0,0,6.9,1,0,1
T104899,2025-08-02,T7,Tram,8.3,17,10,Saturday,8,18,0,24.7,Rain,61.0,58.0,0,4.2,1,1,0
T104459,2025-08-27,B45,Bus,18.0,38,15,Wednesday,8,19,0,20.6,Clear,74.0,101.0,0,9.9,1,0,1
T102917,2025-12-12,B12,Bus,14.5,32,10,Friday,12,17,1,3.0,Clear,89.0,98.0,0,7.9,1,0,1
T100142,2025-04-11,T9,Tram,13.6,26,12,Friday,4,18,0,16.6,Clear,75.0,86.0,0,3.8,1,0,0
T102024,2025-01-27,B45,Bus,18.0,38,15,Monday,1,19,0,-0.7,Rain,82.0,69.0,0,8.0,1,0,1
T102210,2025-09-13,M2,Metro,16.5,15,5,Saturday,9,16,0,19.4,Clear,54.0,54.0,0,-0.8,1,1,0
T100333,2025-10-30,B27,Bus,9.2,24,12,Thursday,10,8,0,12.6,Clear,68.0,85.0,0,6.6,1,0,1
T100861,2025-12-05,T9,Tram,13.6,26,12,Friday,12,19,0,8.4,Rain,76.0,66.0,0,3.6,1,0,0
T104712,2025-11-20,M1,Metro,21.0,19,4,Thursday,11,21,0,7.4,Clear,43.0,52.0,0,-3.0,0,0,0
T103710,2025-05-12,B27,Bus,9.2,24,12,Monday,5,19,0,20.2,Storm,93.0,72.0,0,14.8,1,0,1
T103354,2025-12-22,T3,Tram,11.0,22,8,Monday,12,19,1,1.8,Clear,73.0,88.0,0,2.2,1,0,0
T100570,2025-12-13,R1,Train,42.0,11,20,Saturday,12,18,0,6.7,Clear,52.0,71.0,0,1.2,1,1,0
T104423,2025-06-16,B45,Bus,18.0,38,15,Monday,6,16,0,29.1,Storm,54.0,73.0,0,11.0,1,0,1
T101814,2025-11-19,T7,Tram,8.3,17,10,Wednesday,11,5,0,5.5,Clear,45.0,23.0,0,-3.0,0,0,0
T101180,2025-08-10,T7,Tram,8.3,17,10,Sunday,8,7,0,25.6,Fog,60.0,66.0,0,3.4,1,1,0
T102627,2025-01-02,M3,Metro,12.2,12,6,Thursday,1,22,0,8.1,Clear,37.0,56.0,0,-3.0,0,0,0
T101401,2025-03-30,R1,Train,42.0,11,20,Sunday,3,16,0,2.4,Snow,57.0,60.0,1,21.7,1,1,1
T101578,2025-02-11,M1,Metro,21.0,19,4,Tuesday,2,7,0,7.4,Clear,89.0,82.0,0,2.3,1,0,0
T102905,2025-11-12,M1,Metro,21.0,19,4,Wednesday,11,9,0,10.3,Clear,88.0,59.0,0,-0.8,1,0,0
T103581,2025-10-07,T7,Tram,8.3,17,10,Tuesday,10,16,0,9.2,Rain,68.0,94.0,0,6.6,1,0,1
T100925,2025-12-12,B12,Bus,14.5,32,10,Friday,12,7,0,5.2,Clear,80.0,60.0,0,11.1,1,0,1
T100951,2025-04-22,T7,Tram,8.3,17,10,Tuesday,4,14,0,8.9,Clear,34.0,48.0,0,-1.6,0,0,0
T104888,2025-05-04,B61,Bus,7.4,18,8,Sunday,5,8,0,20.5,Clear,72.0,72.0,0,6.0,1,1,1
T103643,2025-06-29,B61,Bus,7.4,18,8,Sunday,6,19,0,29.1,Clear,68.0,73.0,0,5.6,1,1,1
T100787,2025-09-08,B12,Bus,14.5,32,10,Monday,9,14,1,26.6,Clear,10.0,23.0,0,-3.0,0,0,0
T104856,2025-11-05,M1,Metro,21.0,19,4,Wednesday,11,11,0,10.5,Clear,26.0,15.0,0,-2.9,0,0,0
T104649,2025-04-06,B27,Bus,9.2,24,12,Sunday,4,16,0,22.5,Clear,52.0,72.0,0,3.7,1,1,0
T103499,2025-06-14,B27,Bus,9.2,24,12,Saturday,6,17,0,20.0,Clear,55.0,66.0,0,7.3,1,1,1
T105443,2025-10-22,B12,Bus,14.5,32,10,Wednesday,10,8,0,17.1,Rain,59.0,66.0,0,8.8,1,0,1
T100280,2025-04-11,B12,Bus,14.5,32,10,Friday,4,16,0,15.0,Storm,59.0,69.0,0,10.9,1,0,1
T102695,2025-05-16,R1,Train,42.0,11,20,Friday,5,19,0,21.2,Clear,52.0,90.0,1,17.5,1,0,1
T103164,2025-02-16,R4,Train,35.5,9,30,Sunday,2,11,0,4.2,Rain,18.0,21.0,0,-3.0,0,1,0
T102233,2025-02-20,M1,Metro,21.0,19,4,Thursday,2,8,0,2.7,Fog,43.0,90.0,0,6.4,1,0,1
T101318,2025-06-13,T9,Tram,13.6,26,12,Friday,6,14,0,26.1,Rain,52.0,43.0,0,-2.9,0,0,0
T103154,2025-01-26,R4,Train,35.5,9,30,Sunday,1,22,0,5.2,Clear,34.0,30.0,0,-3.0,0,1,0
T100056,2025-07-19,B12,Bus,14.5,32,10,Saturday,7,16,0,33.2,Clear,56.0,66.0,0,5.6,1,1,1
T103199,2025-04-07,T3,Tram,11.0,22,8,Monday,4,17,0,17.0,Storm,50.0,84.0,0,12.8,1,0,1
T100844,2025-01-02,B61,Bus,7.4,18,8,Thursday,1,15,0,-9.1,Snow,50.0,47.0,0,6.6,0,0,1
T102330,2025-01-24,B12,Bus,14.5,32,10,Friday,1,7,0,-4.3,Snow,89.0,86.0,0,16.0,1,0,1
T100189,2025-04-21,T7,Tram,8.3,17,10,Monday,4,15,0,14.4,Clear,41.0,32.0,0,-3.0,0,0,0
T101353,2025-12-01,B61,Bus,7.4,18,8,Monday,12,19,0,0.8,Snow,63.0,65.0,0,14.5,1,0,1
T102283,2025-10-15,T9,Tram,13.6,26,12,Wednesday,10,11,0,18.3,Rain,42.0,34.0,0,-2.2,0,0,0
T105916,2025-04-29,T7,Tram,8.3,17,10,Tuesday,4,18,0,12.7,Clear,57.0,94.0,0,3.5,1,0,0
T103612,2025-08-11,B12,Bus,14.5,32,10,Monday,8,10,0,13.6,Storm,33.0,44.0,0,3.7,0,0,0
T101286,2025-11-28,M1,Metro,21.0,19,4,Friday,11,12,0,13.4,Rain,37.0,62.0,0,-2.6,0,0,0
T100338,2025-03-15,M3,Metro,12.2,12,6,Saturday,3,9,0,11.5,Clear,36.0,62.0,0,2.1,1,1,0
T101428,2025-04-08,R1,Train,42.0,11,20,Tuesday,4,22,0,17.3,Clear,47.0,37.0,0,-3.0,0,0,0
T105302,2025-03-06,B27,Bus,9.2,24,12,Thursday,3,18,0,3.5,Snow,79.0,78.0,0,10.9,1,0,1
T100315,2025-08-29,B12,Bus,14.5,32,10,Friday,8,11,0,21.8,Clear,33.0,33.0,0,-2.9,0,0,0
T104303,2025-01-13,B27,Bus,9.2,24,12,Monday,1,6,0,7.9,Rain,38.0,45.0,0,-0.9,0,0,0
T101442,2025-12-08,T9,Tram,13.6,26,12,Monday,12,12,0,6.3,Clear,38.0,66.0,0,-3.0,0,0,0
T105961,2025-08-12,T9,Tram,13.6,26,12,Tuesday,8,7,0,24.3,Rain,64.0,70.0,0,6.3,1,0,1
T102641,2025-07-01,M3,Metro,12.2,12,6,Tuesday,7,19,0,24.9,Clear,87.0,106.0,0,1.5,1,0,0
T102704,2025-01-26,M2,Metro,16.5,15,5,Sunday,1,16,0,-1.6,Clear,60.0,67.0,0,1.2,1,1,0
T101034,2025-01-25,R1,Train,42.0,11,20,Saturday,1,8,0,-6.7,Clear,55.0,67.0,1,15.6,1,1,1
T103608,2025-08-14,T7,Tram,8.3,17,10,Thursday,8,20,0,27.4,Clear,48.0,66.0,0,-2.2,0,0,0
T105116,2025-04-04,T3,Tram,11.0,22,8,Friday,4,16,0,16.5,Rain,68.0,78.0,0,9.3,1,0,1
T102844,2025-06-16,T9,Tram,13.6,26,12,Monday,6,20,0,28.5,Rain,43.0,41.0,0,-1.1,0,0,0
T102722,2025-02-11,M3,Metro,12.2,12,6,Tuesday,2,21,0,1.7,Snow,25.0,69.0,0,-2.7,0,0,0
T104274,2025-01-13,B45,Bus,18.0,38,15,Monday,1,16,0,13.6,Clear,54.0,92.0,0,7.1,1,0,1
T102583,2025-08-29,B12,Bus,14.5,32,10,Friday,8,16,0,22.6,Fog,53.0,60.0,0,8.3,1,0,1
T104704,2025-09-26,T9,Tram,13.6,26,12,Friday,9,17,0,17.6,Clear,84.0,71.0,0,3.0,1,0,0
T100001,2025-10-10,M3,Metro,12.2,12,6,Friday,10,16,0,14.8,Clear,66.0,73.0,0,-0.9,1,0,0
T102383,2025-05-24,M2,Metro,16.5,15,5,Saturday,5,19,0,16.6,Storm,50.0,63.0,0,6.1,1,1,1
T103185,2025-12-13,M2,Metro,16.5,15,5,Saturday,12,10,0,-0.2,Clear,50.0,52.0,0,-3.0,0,1,0
T104163,2025-03-15,T9,Tram,13.6,26,12,Saturday,3,11,0,13.850000000000001,Rain,30.0,15.0,0,-1.6,0,1,0
T101640,2025-09-21,M1,Metro,21.0,19,4,Sunday,9,9,0,16.0,Rain,59.0,49.0,0,2.5,1,1,0
T101422,2025-08-03,B45,Bus,18.0,38,15,Sunday,8,16,0,14.6,Clear,52.0,55.0,0,4.0,1,1,0
T100648,2025-12-17,T9,Tram,13.6,26,12,Wednesday,12,22,0,-2.3,Rain,25.0,64.0,1,10.7,0,0,1
T102607,2025-04-04,T3,Tram,11.0,22,8,Friday,4,12,0,9.0,Rain,43.0,22.0,0,-0.7,0,0,0
T105212,2025-06-18,B12,Bus,14.5,32,10,Wednesday,6,18,0,22.8,Rain,44.0,108.0,1,23.4,1,0,1
T104283,2025-06-08,T9,Tram,13.6,26,12,Sunday,6,5,0,31.4,Clear,9.0,27.0,0,-3.0,0,1,0
T103927,2025-02-26,B45,Bus,18.0,38,15,Wednesday,2,16,0,-3.6,Clear,65.0,81.0,0,7.2,1,0,1
T101310,2025-07-11,R1,Train,42.0,11,20,Friday,7,7,0,14.3,Clear,66.0,93.0,0,3.9,1,0,0
T101612,2025-09-02,T7,Tram,8.3,17,10,Tuesday,9,17,0,20.9,Rain,57.0,90.0,0,6.2,1,0,1
T105353,2025-06-22,B27,Bus,9.2,24,12,Sunday,6,17,1,25.6,Clear,55.0,61.0,0,3.2,1,1,0
T102847,2025-05-22,B45,Bus,18.0,38,15,Thursday,5,13,0,15.1,Clear,22.0,31.0,0,-3.0,0,0,0
T105342,2025-07-26,T9,Tram,13.6,26,12,Saturday,7,17,0,23.8,Clear,82.0,77.0,0,7.9,1,1,1
T103672,2025-08-03,R1,Train,42.0,11,20,Sunday,8,22,0,23.9,Clear,57.0,67.0,0,-3.0,0,1,0
T102803,2025-01-24,M2,Metro,16.5,15,5,Friday,1,16,0,-1.3,Fog,100.0,93.0,0,4.9,1,0,0
T101716,2025-08-24,M2,Metro,16.5,15,5,Sunday,8,7,0,32.2,Clear,64.0,87.0,0,1.3,1,1,0
T104943,2025-11-12,B12,Bus,14.5,32,10,Wednesday,11,10,0,12.3,Rain,34.0,57.0,1,14.4,0,0,1
T102662,2025-02-24,M1,Metro,21.0,19,4,Monday,2,19,0,3.3,Clear,66.0,77.0,0,0.2,1,0,0
T102762,2025-05-14,M3,Metro,12.2,12,6,Wednesday,5,9,0,20.3,Clear,86.0,90.0,0,-0.7,1,0,0
T100352,2025-04-20,B27,Bus,9.2,24,12,Sunday,4,21,0,15.1,Fog,33.0,20.0,0,1.6,0,1,0
T104660,2025-10-31,M1,Metro,21.0,19,4,Friday,10,16,0,10.5,Clear,85.0,100.0,0,2.6,1,0,0
T104482,2025-11-02,R4,Train,35.5,9,30,Sunday,11,8,0,4.0,Rain,76.0,53.0,0,2.8,1,1,0
T102234,2025-08-03,T3,Tram,11.0,22,8,Sunday,8,6,0,19.1,Rain,5.0,28.0,0,-3.0,0,1,0
T105278,2025-05-18,B45,Bus,18.0,38,15,Sunday,5,16,0,17.1,Fog,79.0,73.0,1,22.4,1,1,1
T103655,2025-06-25,T3,Tram,11.0,22,8,Wednesday,6,5,0,23.3,Snow,36.0,5.0,0,-0.0,0,0,0
T104040,2025-04-30,M1,Metro,21.0,19,4,Wednesday,4,18,0,11.9,Fog,76.0,87.0,0,3.8,1,0,0
T105358,2025-01-25,T3,Tram,11.0,22,8,Saturday,1,19,0,-0.4,Clear,37.0,72.0,1,16.2,1,1,1
T102309,2025-07-14,T9,Tram,13.6,26,12,Monday,7,13,0,21.7,Rain,36.0,50.0,0,0.6,0,0,0
T103727,2025-07-12,M3,Metro,12.2,12,6,Saturday,7,16,0,32.9,Clear,54.0,88.0,0,1.7,1,1,0
T100385,2025-02-14,T9,Tram,13.6,26,12,Friday,2,10,0,7.1,Clear,40.0,49.0,0,-3.0,0,0,0
T102300,2025-04-08,R4,Train,35.5,9,30,Tuesday,4,17,0,12.5,Clear,57.0,32.0,0,3.9,1,0,0
T105273,2025-06-19,B61,Bus,7.4,18,8,Thursday,6,18,0,21.7,Clear,80.0,69.0,0,6.8,1,0,1
T104774,2025-04-09,B45,Bus,18.0,38,15,Wednesday,4,9,0,15.7,Clear,76.0,75.0,0,7.3,1,0,1
T100074,2025-09-08,R1,Train,42.0,11,20,Monday,9,17,0,16.7,Clear,69.0,89.0,0,3.2,1,0,0
T104694,2025-09-16,M3,Metro,12.2,12,6,Tuesday,9,13,0,15.3,Clear,41.0,35.0,0,-3.0,0,0,0
T100316,2025-09-24,M3,Metro,12.2,12,6,Wednesday,9,9,1,15.6,Clear,71.0,92.0,1,12.9,1,0,1
T101468,2025-10-11,R1,Train,42.0,11,20,Saturday,10,22,0,14.6,Rain,15.0,27.0,1,12.8,0,1,1
T101454,2025-07-28,M1,Metro,21.0,19,4,Monday,7,14,0,29.1,Rain,38.0,67.0,0,-3.0,0,0,0
T101147,2025-10-08,T7,Tram,8.3,17,10,Wednesday,10,18,0,19.5,Clear,57.0,95.0,0,6.1,1,0,1
T103087,2025-03-06,T7,Tram,8.3,17,10,Thursday,3,21,0,15.3,Clear,57.0,47.0,0,-3.0,0,0,0
T104021,2025-01-18,B45,Bus,18.0,38,15,Saturday,1,19,0,-1.4,Rain,44.0,78.0,0,6.7,1,1,1
T101306,2025-04-03,T9,Tram,13.6,26,12,Thursday,4,9,0,9.5,Rain,71.0,74.0,0,6.5,1,0,1
T103810,2025-03-25,R4,Train,35.5,9,30,Tuesday,3,7,0,8.3,Clear,47.0,92.0,0,4.2,1,0,0
T103936,2025-07-11,T9,Tram,13.6,26,12,Friday,7,7,1,22.2,Clear,57.0,93.0,0,9.8,1,0,1
T100423,2025-08-01,M2,Metro,16.5,15,5,Friday,8,9,0,20.3,Fog,72.0,78.0,0,0.8,1,0,0
T102371,2025-10-28,M3,Metro,12.2,12,6,Tuesday,10,7,0,14.4,Fog,66.0,99.0,0,4.4,1,0,0
T103589,2025-11-29,B61,Bus,7.4,18,8,Saturday,11,8,0,7.5,Rain,54.0,68.0,0,6.3,1,1,1
T105327,2025-03-31,B27,Bus,9.2,24,12,Monday,3,16,0,9.7,Clear,59.0,78.0,0,5.4,1,0,1
T101472,2025-06-13,B45,Bus,18.0,38,15,Friday,6,17,0,19.9,Rain,76.0,97.0,0,11.1,1,0,1
T102432,2025-03-01,B12,Bus,14.5,32,10,Saturday,3,19,0,7.0,Fog,64.0,80.0,0,7.2,1,1,1
T102791,2025-02-26,T7,Tram,8.3,17,10,Wednesday,2,9,0,-1.2,Clear,71.0,77.0,0,4.7,1,0,0
T100286,2025-02-28,B12,Bus,14.5,32,10,Friday,2,9,0,2.2,Clear,76.0,71.0,0,8.8,1,0,1
T104248,2025-11-30,M3,Metro,12.2,12,6,Sunday,11,9,0,10.1,Clear,50.0,74.0,0,-1.3,1,1,0
T102837,2025-11-25,B12,Bus,14.5,32,10,Tuesday,11,12,0,6.0,Fog,28.0,42.0,1,12.9,0,0,1
T101016,2025-05-21,M1,Metro,21.0,19,4,Wednesday,5,9,0,17.2,Clear,72.0,71.0,0,2.5,1,0,0
T104857,2025-08-19,R4,Train,35.5,9,30,Tuesday,8,15,0,25.5,Storm,38.0,16.0,0,1.2,0,0,0
T104573,2025-11-21,M3,Metro,12.2,12,6,Friday,11,16,0,10.5,Clear,63.0,80.0,0,2.3,1,0,0
T103859,2025-06-10,B61,Bus,7.4,18,8,Tuesday,6,7,0,22.2,Rain,64.0,85.0,0,7.7,1,0,1
T100262,2025-04-20,B45,Bus,18.0,38,15,Sunday,4,7,0,12.6,Rain,70.0,56.0,0,9.7,1,1,1
T100429,2025-09-19,B27,Bus,9.2,24,12,Friday,9,16,0,19.0,Rain,81.0,90.0,0,9.3,1,0,1
T101792,2025-05-06,M2,Metro,16.5,15,5,Tuesday,5,16,0,21.4,Clear,78.0,57.0,0,2.2,1,0,0
T104115,2025-06-23,T9,Tram,13.6,26,12,Monday,6,9,0,19.7,Clear,73.0,110.0,0,6.4,1,0,1
T105912,2025-09-09,M3,Metro,12.2,12,6,Tuesday,9,10,0,27.4,Clear,38.0,46.0,0,-0.8,0,0,0
T105747,2025-04-02,B27,Bus,9.2,24,12,Wednesday,4,17,0,14.2,Rain,73.0,93.0,0,11.0,1,0,1
T100806,2025-07-18,T7,Tram,8.3,17,10,Friday,7,15,0,27.1,Clear,30.0,43.0,0,-3.0,0,0,0
T102771,2025-01-15,R1,Train,42.0,11,20,Wednesday,1,11,0,1.9,Clear,57.0,39.0,0,-1.8,0,0,0
T102969,2025-08-21,R1,Train,42.0,11,20,Thursday,8,22,0,20.9,Storm,29.0,36.0,0,1.4,0,0,0
T103474,2025-04-19,B45,Bus,18.0,38,15,Saturday,4,9,0,10.1,Clear,58.0,28.0,0,6.9,1,1,1
T102035,2025-11-05,T7,Tram,8.3,17,10,Wednesday,11,17,0,10.4,Clear,79.0,66.0,1,19.6,1,0,1
T100342,2025-08-15,M1,Metro,21.0,19,4,Friday,8,18,0,25.4,Clear,59.0,87.0,0,6.4,1,0,1
T104449,2025-11-24,T7,Tram,8.3,17,10,Monday,11,9,0,9.4,Clear,79.0,101.0,0,7.8,1,0,1
T103974,2025-02-04,T9,Tram,13.6,26,12,Tuesday,2,22,0,2.0,Clear,54.0,39.0,0,1.6,0,0,0
T102725,2025-08-14,M1,Metro,21.0,19,4,Thursday,8,20,0,29.2,Clear,28.0,41.0,0,-3.0,0,0,0
T104111,2025-06-25,B61,Bus,7.4,18,8,Wednesday,6,7,0,34.3,Clear,80.0,97.0,0,10.9,1,0,1
T105402,2025-09-03,B12,Bus,14.5,32,10,Wednesday,9,7,1,10.5,Clear,56.0,84.0,1,18.5,1,0,1
T100842,2025-11-28,T7,Tram,8.3,17,10,Friday,11,13,0,4.7,Rain,29.0,6.0,0,-2.6,0,0,0
T100051,2025-03-13,B27,Bus,9.2,24,12,Thursday,3,17,0,2.8,Fog,70.0,77.0,0,10.4,1,0,1
T105795,2025-03-16,R1,Train,42.0,11,20,Sunday,3,7,0,12.5,Clear,65.0,77.0,0,3.1,1,1,0
T105026,2025-04-03,M2,Metro,16.5,15,5,Thursday,4,17,0,19.1,Clear,87.0,68.0,0,-0.1,1,0,0
T103132,2025-10-05,R4,Train,35.5,9,30,Sunday,10,9,0,24.1,Clear,58.0,65.0,0,1.3,1,1,0
T103967,2025-03-30,B27,Bus,9.2,24,12,Sunday,3,6,0,13.1,Clear,29.0,35.0,0,-3.0,0,1,0
T103642,2025-12-06,T7,Tram,8.3,17,10,Saturday,12,18,0,4.2,Storm,59.0,78.0,0,12.2,1,1,1
T100831,2025-03-29,B45,Bus,18.0,38,15,Saturday,3,7,0,11.4,Rain,69.0,66.0,0,6.6,1,1,1
T101323,2025-11-20,R1,Train,42.0,11,20,Thursday,11,15,0,12.6,Clear,43.0,57.0,0,-3.0,0,0,0
T100560,2025-07-15,M1,Metro,21.0,19,4,Tuesday,7,21,0,29.0,Clear,26.0,16.0,0,-3.0,0,0,0
T101855,2025-11-07,M3,Metro,12.2,12,6,Friday,11,17,0,4.8,Clear,95.0,70.0,0,-0.8,1,0,0
T103435,2025-08-10,M1,Metro,21.0,19,4,Sunday,8,9,0,25.5,Clear,39.0,67.0,0,-0.0,1,1,0
T101758,2025-07-28,M3,Metro,12.2,12,6,Monday,7,18,0,24.1,Clear,71.0,71.0,0,-1.0,1,0,0
T101383,2025-11-24,M1,Metro,21.0,19,4,Monday,11,17,0,7.0,Clear,66.0,76.0,0,-0.2,1,0,0
T103424,2025-08-11,B61,Bus,7.4,18,8,Monday,8,22,0,23.2,Storm,35.0,45.0,0,4.5,0,0,0
T100326,2025-03-28,B12,Bus,14.5,32,10,Friday,3,8,0,13.3,Rain,70.0,88.0,0,8.0,1,0,1
T104526,2025-01-07,R1,Train,42.0,11,20,Tuesday,1,8,0,0.1,Snow,46.0,65.0,0,6.5,1,0,1
T100075,2025-06-23,B12,Bus,14.5,32,10,Monday,6,6,0,24.8,Clear,37.0,18.0,0,-3.0,0,0,0
T100638,2025-10-17,M3,Metro,12.2,12,6,Friday,10,10,0,19.0,Rain,23.0,29.0,1,9.1,0,0,1
T105684,2025-07-18,M1,Metro,21.0,19,4,Friday,7,14,0,27.4,Clear,44.0,25.0,0,-3.0,0,0,0
T104251,2025-05-21,B12,Bus,14.5,32,10,Wednesday,5,22,0,20.5,Clear,35.0,54.0,0,-2.1,0,0,0
T103224,2025-08-11,B12,Bus,14.5,32,10,Monday,8,8,0,26.1,Rain,68.0,73.0,0,9.6,1,0,1
T102400,2025-01-03,M2,Metro,16.5,15,5,Friday,1,13,0,-2.4,Fog,32.0,29.0,0,-3.0,0,0,0
T105626,2025-06-02,T9,Tram,13.6,26,12,Monday,6,17,1,25.7,Clear,75.0,56.0,0,0.5,1,0,0
T102974,2025-01-07,B45,Bus,18.0,38,15,Tuesday,1,19,0,6.5,Clear,82.0,88.0,0,10.2,1,0,1
T103419,2025-04-14,T3,Tram,11.0,22,8,Monday,4,14,0,13.8,Rain,32.0,45.0,0,-2.6,0,0,0
T100694,2025-02-02,B27,Bus,9.2,24,12,Sunday,2,6,0,4.1,Rain,13.0,24.0,0,-2.7,0,1,0
T100813,2025-04-14,T9,Tram,13.6,26,12,Monday,4,16,0,21.0,Clear,62.0,74.0,0,2.8,1,0,0
T103545,2025-08-19,B12,Bus,14.5,32,10,Tuesday,8,17,0,21.3,Rain,40.0,77.0,0,6.0,1,0,1
T103841,2025-06-30,T3,Tram,11.0,22,8,Monday,6,18,0,20.1,Storm,62.0,59.0,0,9.3,1,0,1
T102167,2025-11-04,B61,Bus,7.4,18,8,Tuesday,11,20,0,8.8,Rain,39.0,31.0,0,-2.0,0,0,0
T104942,2025-11-02,M1,Metro,21.0,19,4,Sunday,11,13,0,10.1,Clear,16.0,7.0,0,-3.0,0,1,0
T104254,2025-05-05,B27,Bus,9.2,24,12,Monday,5,22,0,20.7,Rain,31.0,46.0,0,5.0,0,0,0
T100746,2025-07-14,B12,Bus,14.5,32,10,Monday,7,16,0,20.3,Rain,69.0,67.0,0,6.3,1,0,1
T104285,2025-10-07,B61,Bus,7.4,18,8,Tuesday,10,17,0,17.7,Clear,73.0,81.0,0,6.9,1,0,1
T103035,2025-12-15,B61,Bus,7.4,18,8,Monday,12,7,0,9.1,Clear,100.0,84.0,0,9.7,1,0,1
T100956,2025-05-27,B45,Bus,18.0,38,15,Tuesday,5,18,0,19.3,Rain,78.0,73.0,0,9.4,1,0,1
T105388,2025-07-01,B27,Bus,9.2,24,12,Tuesday,7,19,0,27.1,Clear,81.0,86.0,0,8.0,1,0,1
T100047,2025-11-22,T9,Tram,13.6,26,12,Saturday,11,7,0,4.9,Clear,40.0,56.0,0,2.8,1,1,0
T101225,2025-12-20,M1,Metro,21.0,19,4,Saturday,12,7,0,1.1,Rain,46.0,61.0,0,2.0,1,1,0
T102006,2025-06-08,T3,Tram,11.0,22,8,Sunday,6,21,0,13.8,Clear,14.0,34.0,0,-3.0,0,1,0
T103962,2025-08-28,M3,Metro,12.2,12,6,Thursday,8,8,0,24.4,Clear,82.0,67.0,0,-0.5,1,0,0
T104160,2025-05-28,R1,Train,42.0,11,20,Wednesday,5,17,0,14.3,Clear,77.0,84.0,0,2.4,1,0,0
T100986,2025-08-14,T9,Tram,13.6,26,12,Thursday,8,20,0,23.5,Clear,30.0,24.0,0,-3.0,0,0,0
T100523,2025-10-29,M2,Metro,16.5,15,5,Wednesday,10,16,0,14.8,Rain,75.0,86.0,0,2.5,1,0,0
T100461,2025-02-21,T7,Tram,8.3,17,10,Friday,2,16,0,5.6,Clear,77.0,92.0,0,3.3,1,0,0
T103509,2025-05-08,R4,Train,35.5,9,30,Thursday,5,9,0,26.3,Storm,90.0,72.0,0,6.7,1,0,1
T103664,2025-07-07,B12,Bus,14.5,32,10,Monday,7,19,0,25.7,Clear,99.0,97.0,0,11.9,1,0,1
T101214,2025-01-28,B45,Bus,18.0,38,15,Tuesday,1,20,0,9.1,Clear,14.0,39.0,0,0.5,0,0,0
T101418,2025-11-11,R1,Train,42.0,11,20,Tuesday,11,9,0,4.4,Fog,94.0,99.0,0,7.5,1,0,1
T105237,2025-10-28,M1,Metro,21.0,19,4,Tuesday,10,21,0,10.9,Clear,22.0,39.0,0,-3.0,0,0,0
T104030,2025-07-17,B12,Bus,14.5,32,10,Thursday,7,14,0,26.3,Clear,18.0,11.0,1,10.7,0,0,1
T104935,2025-08-05,B27,Bus,9.2,24,12,Tuesday,8,8,0,26.7,Clear,92.0,90.0,0,8.5,1,0,1
T104405,2025-11-23,B45,Bus,18.0,38,15,Sunday,11,19,0,5.4,Clear,45.0,40.0,0,4.0,1,1,0
T104683,2025-01-26,B12,Bus,14.5,32,10,Sunday,1,11,0,-3.1,Rain,5.0,32.0,0,-1.9,0,1,0
T100063,2025-12-20,B12,Bus,14.5,32,10,Saturday,12,17,0,5.7,Clear,32.0,66.0,0,5.2,1,1,1
T102344,2025-08-03,B61,Bus,7.4,18,8,Sunday,8,15,0,26.0,Rain,43.0,48.0,0,-0.8,0,1,0
T104015,2025-02-21,M1,Metro,21.0,19,4,Friday,2,19,0,2.4,Rain,58.0,75.0,0,1.8,1,0,0
T103146,2025-08-23,M2,Metro,16.5,15,5,Saturday,8,8,0,21.4,Rain,58.0,68.0,0,3.1,1,1,0
T100677,2025-01-31,B61,Bus,7.4,18,8,Friday,1,21,0,6.1,Clear,30.0,48.0,0,-2.7,0,0,0
T102542,2025-12-16,T7,Tram,8.3,17,10,Tuesday,12,17,0,-2.4,Clear,73.0,56.0,0,7.0,1,0,1
T103214,2025-07-25,R1,Train,42.0,11,20,Friday,7,17,0,30.7,Clear,59.0,111.0,0,3.2,1,0,0
T100442,2025-02-18,T9,Tram,13.6,26,12,Tuesday,2,13,0,-0.6,Rain,26.0,56.0,0,-3.0,0,0,0
T101554,2025-06-17,M1,Metro,21.0,19,4,Tuesday,6,9,0,21.9,Clear,58.0,74.0,0,-0.5,1,0,0
T102020,2025-04-21,B61,Bus,7.4,18,8,Monday,4,18,0,19.6,Fog,47.0,51.0,0,6.0,1,0,1
T102211,2025-10-10,B27,Bus,9.2,24,12,Friday,10,9,0,11.9,Rain,68.0,76.0,0,7.0,1,0,1
T105301,2025-12-29,R1,Train,42.0,11,20,Monday,12,5,0,3.0,Clear,28.0,46.0,0,-3.0,0,0,0
T103496,2025-02-07,T3,Tram,11.0,22,8,Friday,2,18,0,11.3,Rain,43.0,61.0,0,3.3,1,0,0
T101219,2025-06-10,B45,Bus,18.0,38,15,Tuesday,6,18,0,20.5,Storm,73.0,66.0,0,15.4,1,0,1
T105198,2025-07-27,T9,Tram,13.6,26,12,Sunday,7,17,0,31.7,Clear,70.0,76.0,0,6.5,1,1,1
T104228,2025-05-07,B12,Bus,14.5,32,10,Wednesday,5,7,1,17.2,Rain,59.0,66.0,0,5.8,1,0,1
T103619,2025-02-01,T9,Tram,13.6,26,12,Saturday,2,11,0,10.8,Clear,0.0,66.0,0,-3.0,0,1,0
T105860,2025-07-07,B27,Bus,9.2,24,12,Monday,7,8,1,24.9,Clear,87.0,88.0,0,6.2,1,0,1
T101608,2025-03-28,B61,Bus,7.4,18,8,Friday,3,16,0,0.6,Snow,84.0,101.0,0,13.4,1,0,1
T103402,2025-02-27,R4,Train,35.5,9,30,Thursday,2,13,0,6.8,Rain,15.0,7.0,0,-3.0,0,0,0
T100143,2025-05-30,R4,Train,35.5,9,30,Friday,5,20,0,28.4,Clear,42.0,61.0,0,-2.9,0,0,0
T102080,2025-10-29,R1,Train,42.0,11,20,Wednesday,10,9,0,21.8,Clear,63.0,88.0,0,3.7,1,0,0
T102350,2025-07-16,B27,Bus,9.2,24,12,Wednesday,7,21,0,26.2,Rain,48.0,52.0,0,5.8,0,0,1
T100453,2025-01-10,M2,Metro,16.5,15,5,Friday,1,7,0,2.9,Rain,80.0,99.0,0,3.6,1,0,0
T104347,2025-02-25,B12,Bus,14.5,32,10,Tuesday,2,9,0,4.8,Clear,67.0,80.0,0,8.7,1,0,1
T104476,2025-12-09,M2,Metro,16.5,15,5,Tuesday,12,14,0,13.1,Clear,29.0,46.0,0,-3.0,0,0,0
T103398,2025-01-03,R1,Train,42.0,11,20,Friday,1,5,0,-1.9,Rain,30.0,42.0,0,-2.6,0,0,0
T104897,2025-08-01,T9,Tram,13.6,26,12,Friday,8,15,0,25.2,Clear,43.0,27.0,0,-1.5,0,0,0
T100035,2025-01-24,B27,Bus,9.2,24,12,Friday,1,20,1,0.4,Snow,43.0,35.0,0,0.8,0,0,0
T104350,2025-08-11,R1,Train,42.0,11,20,Monday,8,9,0,18.1,Clear,93.0,77.0,0,4.2,1,0,0
T103726,2025-02-09,R4,Train,35.5,9,30,Sunday,2,18,0,9.6,Storm,49.0,71.0,0,6.4,1,1,1
T104078,2025-04-01,R4,Train,35.5,9,30,Tuesday,4,18,0,8.9,Storm,76.0,69.0,0,8.3,1,0,1
T100720,2025-02-20,R1,Train,42.0,11,20,Thursday,2,8,0,0.8,Clear,58.0,61.0,0,1.6,1,0,0
T100919,2025-08-21,M3,Metro,12.2,12,6,Thursday,8,13,0,25.0,Rain,51.0,55.0,0,-3.0,0,0,0
T101017,2025-06-30,M2,Metro,16.5,15,5,Monday,6,18,0,36.1,Storm,79.0,67.0,0,5.7,1,0,1
T102178,2025-08-17,M2,Metro,16.5,15,5,Sunday,8,5,0,25.0,Clear,23.0,22.0,1,5.9,0,1,1
T103738,2025-09-01,R4,Train,35.5,9,30,Monday,9,15,0,24.8,Clear,34.0,48.0,0,-2.1,0,0,0
T103801,2025-08-01,T7,Tram,8.3,17,10,Friday,8,7,0,21.0,Rain,65.0,68.0,0,7.8,1,0,1
T100007,2025-09-12,M2,Metro,16.5,15,5,Friday,9,19,0,24.4,Storm,73.0,67.0,1,21.6,1,0,1
T105203,2025-09-01,B12,Bus,14.5,32,10,Monday,9,19,0,17.5,Clear,75.0,79.0,0,7.0,1,0,1
T101877,2025-11-24,T7,Tram,8.3,17,10,Monday,11,18,0,2.4,Snow,57.0,84.0,0,15.1,1,0,1
T102164,2025-12-15,B61,Bus,7.4,18,8,Monday,12,19,0,2.2,Clear,76.0,91.0,0,7.1,1,0,1
T101570,2025-01-29,M2,Metro,16.5,15,5,Wednesday,1,17,0,6.8,Clear,66.0,102.0,0,0.8,1,0,0
T102126,2025-04-23,T7,Tram,8.3,17,10,Wednesday,4,16,0,19.9,Clear,87.0,77.0,0,4.9,1,0,0
T100548,2025-07-08,T9,Tram,13.6,26,12,Tuesday,7,22,0,22.2,Rain,57.0,39.0,0,-0.6,0,0,0
T102221,2025-02-26,B61,Bus,7.4,18,8,Wednesday,2,20,0,4.8,Storm,6.0,40.0,0,1.7,0,0,0
T100547,2025-08-04,M2,Metro,16.5,15,5,Monday,8,17,0,27.3,Rain,53.0,80.0,0,2.0,1,0,0
T103630,2025-06-19,B12,Bus,14.5,32,10,Thursday,6,18,0,26.1,Clear,62.0,99.0,0,6.8,1,0,1
T105810,2025-09-01,B61,Bus,7.4,18,8,Monday,9,20,0,9.5,Clear,50.0,39.0,0,2.1,0,0,0
T101689,2025-02-04,R4,Train,35.5,9,30,Tuesday,2,8,0,9.3,Clear,59.0,104.0,0,2.9,1,0,0
T102854,2025-09-22,T9,Tram,13.6,26,12,Monday,9,11,0,26.9,Clear,29.0,36.0,0,-3.0,0,0,0
T102987,2025-10-13,B27,Bus,9.2,24,12,Monday,10,16,0,15.0,Clear,67.0,76.0,0,8.7,1,0,1
T100052,2025-05-13,T3,Tram,11.0,22,8,Tuesday,5,11,0,23.6,Clear,24.0,39.0,0,-3.0,0,0,0
T101247,2025-06-19,R1,Train,42.0,11,20,Thursday,6,17,0,21.6,Rain,56.0,89.0,0,7.0,1,0,1
T102158,2025-10-24,R4,Train,35.5,9,30,Friday,10,19,0,18.2,Rain,43.0,73.0,0,2.0,1,0,0
T100237,2025-06-07,B61,Bus,7.4,18,8,Saturday,6,12,0,27.6,Rain,16.0,23.0,0,-2.5,0,1,0
T102299,2025-11-22,T3,Tram,11.0,22,8,Saturday,11,8,0,5.4,Clear,57.0,71.0,0,2.5,1,1,0
T100259,2025-08-03,R4,Train,35.5,9,30,Sunday,8,19,0,30.6,Rain,57.0,57.0,0,3.5,1,1,0
T104843,2025-03-14,T7,Tram,8.3,17,10,Friday,3,16,0,4.8,Clear,78.0,71.0,0,2.7,1,0,0
T104191,2025-05-06,T9,Tram,13.6,26,12,Tuesday,5,9,0,16.4,Clear,68.0,88.0,0,7.4,1,0,1
T105557,2025-04-05,M2,Metro,16.5,15,5,Saturday,4,6,0,12.9,Fog,16.0,20.0,0,-3.0,0,1,0
T104141,2025-11-10,B61,Bus,7.4,18,8,Monday,11,22,0,6.6,Clear,30.0,36.0,0,-3.0,0,0,0
T100727,2025-02-02,M1,Metro,21.0,19,4,Sunday,2,17,0,0.1,Clear,42.0,59.0,0,-1.1,1,1,0
T103746,2025-06-13,B45,Bus,18.0,38,15,Friday,6,12,0,25.9,Storm,56.0,22.0,0,7.2,0,0,1
T100970,2025-04-20,B45,Bus,18.0,38,15,Sunday,4,14,0,13.6,Clear,30.0,7.0,0,-3.0,0,1,0
T103048,2025-03-03,T3,Tram,11.0,22,8,Monday,3,17,0,6.8,Clear,75.0,93.0,0,5.1,1,0,1
T104993,2025-07-21,R4,Train,35.5,9,30,Monday,7,19,1,28.8,Rain,93.0,59.0,0,1.5,1,0,0
T103835,2025-09-22,M2,Metro,16.5,15,5,Monday,9,16,0,20.2,Storm,69.0,86.0,0,6.3,1,0,1
T100952,2025-08-13,M3,Metro,12.2,12,6,Wednesday,8,9,0,25.3,Clear,95.0,72.0,0,0.8,1,0,0
T100817,2025-02-08,T9,Tram,13.6,26,12,Saturday,2,17,0,1.0,Clear,74.0,67.0,0,8.2,1,1,1
T105336,2025-09-27,T3,Tram,11.0,22,8,Saturday,9,19,0,18.9,Fog,51.0,63.0,0,6.2,1,1,1
T100190,2025-09-07,R1,Train,42.0,11,20,Sunday,9,8,0,18.8,Storm,44.0,67.0,0,6.2,1,1,1
T102531,2025-10-22,T9,Tram,13.6,26,12,Wednesday,10,16,0,5.9,Clear,72.0,66.0,0,5.9,1,0,1
T101751,2025-11-20,T3,Tram,11.0,22,8,Thursday,11,9,0,6.7,Clear,99.0,73.0,0,5.3,1,0,1
T101018,2025-01-16,T7,Tram,8.3,17,10,Thursday,1,8,0,4.2,Clear,70.0,84.0,0,3.5,1,0,0
T102262,2025-01-12,M3,Metro,12.2,12,6,Sunday,1,15,0,6.2,Rain,30.0,45.0,0,-3.0,0,1,0
T103797,2025-01-24,R1,Train,42.0,11,20,Friday,1,9,0,3.8,Clear,69.0,76.0,0,1.5,1,0,0
T105271,2025-06-06,M2,Metro,16.5,15,5,Friday,6,17,0,26.8,Rain,76.0,67.0,0,0.1,1,0,0
T103505,2025-11-21,T3,Tram,11.0,22,8,Friday,11,11,0,8.9,Clear,32.0,66.0,0,-3.0,0,0,0
T104858,2025-04-06,B27,Bus,9.2,24,12,Sunday,4,18,0,14.3,Fog,41.0,45.0,0,6.4,1,1,1
T100502,2025-12-18,T9,Tram,13.6,26,12,Thursday,12,19,0,2.5,Rain,73.0,95.0,0,7.8,1,0,1
T100681,2025-02-20,T3,Tram,11.0,22,8,Thursday,2,8,0,5.9,Storm,55.0,70.0,0,9.9,1,0,1
T104681,2025-03-04,T3,Tram,11.0,22,8,Tuesday,3,15,0,6.8,Rain,30.0,25.0,0,-3.0,0,0,0
T105818,2025-05-24,M3,Metro,12.2,12,6,Saturday,5,19,0,19.3,Rain,63.0,80.0,0,1.3,1,1,0
T103624,2025-10-31,R1,Train,42.0,11,20,Friday,10,19,0,15.7,Fog,60.0,83.0,0,3.6,1,0,0
T105384,2025-01-23,B45,Bus,18.0,38,15,Thursday,1,18,0,-7.1,Clear,75.0,70.0,1,19.8,1,0,1
T102953,2025-06-09,T9,Tram,13.6,26,12,Monday,6,19,0,28.8,Clear,75.0,103.0,0,8.0,1,0,1
T105109,2025-04-15,M1,Metro,21.0,19,4,Tuesday,4,17,0,15.8,Clear,80.0,73.0,0,2.1,1,0,0
T103864,2025-08-19,M1,Metro,21.0,19,4,Tuesday,8,7,0,24.1,Rain,62.0,111.0,0,6.0,1,0,1
T104519,2025-06-06,B45,Bus,18.0,38,15,Friday,6,17,0,13.6,Clear,75.0,91.0,0,7.5,1,0,1
T105993,2025-08-28,T9,Tram,13.6,26,12,Thursday,8,17,0,25.8,Clear,74.0,66.0,0,2.7,1,0,0
T102569,2025-12-05,R1,Train,42.0,11,20,Friday,12,18,0,11.1,Clear,81.0,85.0,0,4.8,1,0,0
T104145,2025-04-13,T7,Tram,8.3,17,10,Sunday,4,5,0,15.2,Clear,8.0,25.0,0,-0.4,0,1,0
T101484,2025-06-01,B12,Bus,14.5,32,10,Sunday,6,8,0,22.8,Clear,60.0,91.0,0,6.3,1,1,1
T100127,2025-10-07,R1,Train,42.0,11,20,Tuesday,10,18,0,14.9,Rain,77.0,94.0,0,8.2,1,0,1
T101266,2025-01-21,M3,Metro,12.2,12,6,Tuesday,1,18,0,9.0,Clear,90.0,59.0,0,-0.8,1,0,0
T105926,2025-09-29,B27,Bus,9.2,24,12,Monday,9,16,0,17.6,Clear,59.0,94.0,0,5.7,1,0,1
T103187,2025-05-28,B45,Bus,18.0,38,15,Wednesday,5,9,0,18.8,Rain,62.0,97.0,0,9.2,1,0,1
T102736,2025-07-29,T7,Tram,8.3,17,10,Tuesday,7,12,0,13.850000000000001,Rain,33.0,36.0,0,-3.0,0,0,0
T102327,2025-03-03,T3,Tram,11.0,22,8,Monday,3,7,0,3.5,Clear,55.0,73.0,0,8.6,1,0,1
T101870,2025-01-16,B12,Bus,14.5,32,10,Thursday,1,7,0,-2.8,Clear,78.0,55.0,0,7.2,1,0,1
T104635,2025-10-06,R4,Train,35.5,9,30,Monday,10,18,0,11.5,Clear,78.0,92.0,0,5.7,1,0,1
T101284,2025-05-20,B27,Bus,9.2,24,12,Tuesday,5,12,0,22.8,Clear,37.0,66.0,0,-1.5,0,0,0
T102551,2025-04-28,B12,Bus,14.5,32,10,Monday,4,7,0,11.7,Clear,63.0,99.0,0,7.7,1,0,1
T102222,2025-01-10,M1,Metro,21.0,19,4,Friday,1,9,0,-0.5,Clear,81.0,75.0,0,2.2,1,0,0
T105041,2025-03-01,T7,Tram,8.3,17,10,Saturday,3,9,0,8.0,Rain,57.0,64.0,0,7.8,1,1,1
T103586,2025-06-15,R4,Train,35.5,9,30,Sunday,6,8,0,22.4,Clear,61.0,50.0,0,9.7,1,1,1
T105748,2025-12-03,B12,Bus,14.5,32,10,Wednesday,12,8,0,-2.2,Snow,55.0,66.0,1,26.6,1,0,1
T104670,2025-02-04,B61,Bus,7.4,18,8,Tuesday,2,16,0,3.6,Snow,35.0,95.0,0,10.2,1,0,1
T103346,2025-08-08,R1,Train,42.0,11,20,Friday,8,8,0,25.7,Rain,63.0,93.0,0,4.6,1,0,0
T104214,2025-09-08,M3,Metro,12.2,12,6,Monday,9,15,0,22.6,Clear,34.0,49.0,1,7.5,0,0,1
T103516,2025-03-03,T3,Tram,11.0,22,8,Monday,3,21,0,7.5,Clear,36.0,50.0,0,-2.4,0,0,0
T100786,2025-01-12,M1,Metro,21.0,19,4,Sunday,1,20,0,-0.4,Snow,58.0,15.0,0,-2.8,0,1,0
T101226,2025-02-09,B12,Bus,14.5,32,10,Sunday,2,18,0,-1.2,Rain,32.0,75.0,0,6.5,1,1,1
T102576,2025-04-09,T9,Tram,13.6,26,12,Wednesday,4,19,0,8.1,Rain,72.0,81.0,0,4.7,1,0,0
T100109,2025-09-15,M1,Metro,21.0,19,4,Monday,9,20,0,21.2,Clear,35.0,48.0,0,-3.0,0,0,0
T104879,2025-10-03,B27,Bus,9.2,24,12,Friday,10,20,0,11.0,Clear,6.0,49.0,0,-2.9,0,0,0
T102206,2025-02-19,T7,Tram,8.3,17,10,Wednesday,2,7,0,6.0,Rain,57.0,85.0,0,3.9,1,0,0
T100556,2025-09-26,B27,Bus,9.2,24,12,Friday,9,17,0,18.4,Rain,74.0,75.0,0,6.8,1,0,1
T102619,2025-12-12,M1,Metro,21.0,19,4,Friday,12,22,0,4.6,Rain,38.0,51.0,0,-3.0,0,0,0
T105771,2025-03-22,B12,Bus,14.5,32,10,Saturday,3,13,0,3.4,Clear,29.0,45.0,0,-0.5,0,1,0
T101118,2025-09-21,T7,Tram,8.3,17,10,Sunday,9,16,0,25.7,Clear,57.0,51.0,0,0.3,1,1,0
T101101,2025-06-21,R1,Train,42.0,11,20,Saturday,6,16,0,25.5,Clear,61.0,75.0,1,16.1,1,1,1
T104310,2025-07-09,T3,Tram,11.0,22,8,Wednesday,7,18,0,27.7,Storm,81.0,90.0,0,10.3,1,0,1
T104874,2025-03-11,T7,Tram,8.3,17,10,Tuesday,3,11,0,8.0,Clear,48.0,36.0,0,-3.0,0,0,0
T102240,2025-03-23,M2,Metro,16.5,15,5,Sunday,3,18,0,14.8,Clear,41.0,79.0,0,6.2,1,1,1
T100309,2025-02-09,B45,Bus,18.0,38,15,Sunday,2,15,0,0.2,Clear,15.0,27.0,0,0.8,0,1,0
T101160,2025-08-01,B12,Bus,14.5,32,10,Friday,8,22,0,30.3,Clear,43.0,36.0,0,-0.8,0,0,0
T105574,2025-09-18,R4,Train,35.5,9,30,Thursday,9,17,0,21.3,Rain,72.0,97.0,1,18.4,1,0,1
T104314,2025-10-02,T9,Tram,13.6,26,12,Thursday,10,5,0,11.9,Clear,9.0,31.0,0,-3.0,0,0,0
T103708,2025-06-29,R1,Train,42.0,11,20,Sunday,6,18,0,19.1,Storm,51.0,56.0,0,7.1,1,1,1
T105664,2025-07-19,M3,Metro,12.2,12,6,Saturday,7,10,1,25.7,Clear,23.0,16.0,0,-3.0,0,1,0
T100712,2025-09-23,T9,Tram,13.6,26,12,Tuesday,9,16,0,18.9,Rain,58.0,105.0,0,5.4,1,0,1
T104527,2025-02-03,R1,Train,42.0,11,20,Monday,2,15,0,4.0,Clear,57.0,59.0,0,-2.4,0,0,0
T104432,2025-11-24,B45,Bus,18.0,38,15,Monday,11,16,0,3.3,Snow,67.0,58.0,0,13.0,1,0,1
T103920,2025-12-09,B45,Bus,18.0,38,15,Tuesday,12,9,0,3.2,Clear,63.0,91.0,0,6.4,1,0,1
T104104,2025-01-29,T7,Tram,8.3,17,10,Wednesday,1,18,0,10.3,Clear,65.0,86.0,0,5.9,1,0,1
T105599,2025-10-09,T3,Tram,11.0,22,8,Thursday,10,17,0,12.7,Clear,75.0,64.0,0,3.7,1,0,0
T101220,2025-08-26,T3,Tram,11.0,22,8,Tuesday,8,16,0,20.3,Clear,80.0,80.0,0,3.9,1,0,0
T103353,2025-09-23,B27,Bus,9.2,24,12,Tuesday,9,19,0,24.5,Clear,59.0,83.0,0,6.9,1,0,1
T100572,2025-04-14,B12,Bus,14.5,32,10,Monday,4,13,0,20.6,Rain,36.0,16.0,0,2.3,0,0,0
T104691,2025-01-25,B12,Bus,14.5,32,10,Saturday,1,9,0,-2.8,Rain,62.0,66.0,0,8.8,1,1,1
T104027,2025-06-10,M2,Metro,16.5,15,5,Tuesday,6,19,0,22.8,Rain,66.0,95.0,1,17.0,1,0,1
T101471,2025-09-12,R4,Train,35.5,9,30,Friday,9,19,0,18.7,Fog,66.0,68.0,0,7.3,1,0,1
T100364,2025-02-12,M3,Metro,12.2,12,6,Wednesday,2,17,0,-0.3,Clear,65.0,75.0,0,2.5,1,0,0
T105463,2025-04-20,R1,Train,42.0,11,20,Sunday,4,8,0,17.7,Clear,57.0,76.0,0,6.3,1,1,1
T105687,2025-03-31,T9,Tram,13.6,26,12,Monday,3,17,0,2.8,Snow,64.0,101.0,0,9.0,1,0,1
T100516,2025-11-18,B61,Bus,7.4,18,8,Tuesday,11,9,0,4.1,Clear,58.0,66.0,0,5.6,1,0,1
T101587,2025-01-29,B27,Bus,9.2,24,12,Wednesday,1,8,0,0.2,Snow,56.0,97.0,0,10.5,1,0,1
T105333,2025-11-23,B61,Bus,7.4,18,8,Sunday,11,7,0,7.6,Clear,55.0,65.0,0,4.3,1,1,0
T102015,2025-04-27,B27,Bus,9.2,24,12,Sunday,4,9,0,17.4,Rain,75.0,72.0,0,7.9,1,1,1
T102806,2025-04-16,M1,Metro,21.0,19,4,Wednesday,4,7,0,22.2,Rain,78.0,74.0,0,3.6,1,0,0
T105480,2025-12-28,B45,Bus,18.0,38,15,Sunday,12,10,0,8.5,Clear,15.0,20.0,0,-0.1,0,1,0
T101662,2025-03-09,T7,Tram,8.3,17,10,Sunday,3,6,0,6.7,Rain,14.0,26.0,0,-1.0,0,1,0
T102187,2025-04-05,B45,Bus,18.0,38,15,Saturday,4,18,0,13.7,Clear,53.0,80.0,0,5.2,1,1,1
T103939,2025-07-06,M1,Metro,21.0,19,4,Sunday,7,14,0,23.8,Clear,16.0,19.0,0,-3.0,0,1,0
T103314,2025-05-28,B27,Bus,9.2,24,12,Wednesday,5,9,0,14.1,Clear,71.0,84.0,0,7.0,1,0,1
T102833,2025-07-19,T9,Tram,13.6,26,12,Saturday,7,13,0,29.5,Clear,33.0,64.0,0,-3.0,0,1,0
T100674,2025-08-15,T9,Tram,13.6,26,12,Friday,8,15,0,32.2,Rain,42.0,38.0,0,4.5,0,0,0
T100819,2025-12-31,B27,Bus,9.2,24,12,Wednesday,12,7,0,8.9,Rain,54.0,93.0,0,7.1,1,0,1
T103871,2025-02-07,B27,Bus,9.2,24,12,Friday,2,15,0,14.4,Rain,31.0,44.0,0,-2.6,0,0,0
T100431,2025-09-27,M2,Metro,16.5,15,5,Saturday,9,7,0,21.0,Clear,24.0,63.0,0,0.0,1,1,0
T105807,2025-12-30,M3,Metro,12.2,12,6,Tuesday,12,8,0,7.3,Storm,70.0,92.0,0,7.3,1,0,1
T102729,2025-06-18,M2,Metro,16.5,15,5,Wednesday,6,9,0,25.1,Rain,80.0,67.0,0,4.6,1,0,0
T105208,2025-06-29,T9,Tram,13.6,26,12,Sunday,6,21,0,30.1,Clear,27.0,31.0,0,-3.0,0,1,0
T100313,2025-04-13,B12,Bus,14.5,32,10,Sunday,4,18,0,11.6,Clear,63.0,56.0,0,6.7,1,1,1
T105298,2025-03-04,B61,Bus,7.4,18,8,Tuesday,3,21,0,7.9,Rain,37.0,55.0,0,-0.9,0,0,0
T102988,2025-11-26,B12,Bus,14.5,32,10,Wednesday,11,8,0,2.9,Rain,58.0,83.0,0,11.7,1,0,1
T100826,2025-09-06,T9,Tram,13.6,26,12,Saturday,9,19,0,16.6,Clear,57.0,76.0,0,5.5,1,1,1
T103745,2025-12-26,M2,Metro,16.5,15,5,Friday,12,13,0,7.4,Clear,30.0,16.0,0,-3.0,0,0,0
T100060,2025-12-03,T7,Tram,8.3,17,10,Wednesday,12,11,0,3.2,Clear,21.0,14.0,0,-3.0,0,0,0
T100682,2025-12-17,M2,Metro,16.5,15,5,Wednesday,12,6,1,4.0,Clear,35.0,20.0,0,-3.0,0,0,0
T102781,2025-12-08,B45,Bus,18.0,38,15,Monday,12,18,0,4.1,Clear,70.0,84.0,0,9.0,1,0,1
T105750,2025-11-18,B27,Bus,9.2,24,12,Tuesday,11,16,0,6.3,Clear,66.0,90.0,0,7.5,1,0,1
T102324,2025-09-30,T9,Tram,13.6,26,12,Tuesday,9,12,0,15.3,Clear,43.0,28.0,0,-3.0,0,0,0
T103484,2025-05-29,T7,Tram,8.3,17,10,Thursday,5,12,0,20.7,Rain,29.0,25.0,0,-0.9,0,0,0
T100299,2025-01-08,B45,Bus,18.0,38,15,Wednesday,1,22,0,4.1,Rain,48.0,31.0,0,0.9,0,0,0
T102768,2025-06-24,B27,Bus,9.2,24,12,Tuesday,6,6,0,15.6,Storm,25.0,54.0,0,5.1,0,0,1
T101152,2025-06-07,B27,Bus,9.2,24,12,Saturday,6,15,0,25.5,Rain,9.0,31.0,0,-2.6,0,1,0
T100889,2025-04-09,R1,Train,42.0,11,20,Wednesday,4,21,0,15.4,Clear,36.0,39.0,0,-3.0,0,0,0
T105040,2025-05-09,M1,Metro,21.0,19,4,Friday,5,20,0,8.9,Clear,32.0,44.0,0,-3.0,0,0,0
T102056,2025-09-26,M1,Metro,21.0,19,4,Friday,9,18,0,18.6,Fog,66.0,90.0,0,3.1,1,0,0
T101335,2025-12-31,B27,Bus,9.2,24,12,Wednesday,12,22,0,-1.0,Snow,46.0,40.0,0,5.9,0,0,1
T100644,2025-10-09,M3,Metro,12.2,12,6,Thursday,10,13,0,17.3,Storm,40.0,67.0,0,0.3,0,0,0
T102321,2025-01-13,T9,Tram,13.6,26,12,Monday,1,8,0,3.0,Clear,74.0,82.0,0,3.6,1,0,0
T100526,2025-12-04,B12,Bus,14.5,32,10,Thursday,12,9,0,7.5,Rain,62.0,81.0,0,8.1,1,0,1
T104602,2025-04-25,B12,Bus,14.5,32,10,Friday,4,19,0,9.1,Clear,73.0,68.0,0,8.2,1,0,1
T102949,2025-07-09,T7,Tram,8.3,17,10,Wednesday,7,16,0,25.4,Clear,74.0,69.0,0,4.9,1,0,0
T104812,2025-07-12,T9,Tram,13.6,26,12,Saturday,7,18,0,21.4,Clear,45.0,54.0,0,6.4,1,1,1
T105112,2025-12-29,R1,Train,42.0,11,20,Monday,12,18,0,-5.9,Snow,73.0,55.0,0,7.7,1,0,1
T102732,2025-12-06,T3,Tram,11.0,22,8,Saturday,12,19,0,-8.4,Clear,66.0,63.0,0,2.6,1,1,0
T104003,2025-06-12,M1,Metro,21.0,19,4,Thursday,6,17,1,22.7,Clear,86.0,92.0,0,3.2,1,0,0
T100054,2025-07-01,R1,Train,42.0,11,20,Tuesday,7,8,0,20.2,Clear,62.0,87.0,0,2.3,1,0,0
T105581,2025-11-02,M3,Metro,12.2,12,6,Sunday,11,20,0,8.6,Clear,30.0,42.0,1,7.6,0,1,1
T100049,2025-10-12,B61,Bus,7.4,18,8,Sunday,10,19,0,14.0,Rain,60.0,66.0,0,9.7,1,1,1
T100766,2025-08-12,M1,Metro,21.0,19,4,Tuesday,8,5,0,22.5,Clear,36.0,59.0,0,-3.0,0,0,0
T105507,2025-01-30,M3,Metro,12.2,12,6,Thursday,1,19,0,1.3,Fog,66.0,86.0,0,5.0,1,0,0
T103036,2025-10-20,M1,Metro,21.0,19,4,Monday,10,6,0,10.9,Rain,51.0,39.0,0,-3.0,0,0,0
T102156,2025-06-11,B12,Bus,14.5,32,10,Wednesday,6,10,0,23.9,Clear,34.0,60.0,0,-3.0,0,0,0
T104905,2025-08-23,M2,Metro,16.5,15,5,Saturday,8,7,0,20.4,Clear,74.0,70.0,0,0.7,1,1,0
T103593,2025-07-27,B45,Bus,18.0,38,15,Sunday,7,15,0,29.5,Rain,25.0,33.0,0,0.7,0,1,0
T103622,2025-05-01,B45,Bus,18.0,38,15,Thursday,5,6,0,27.5,Fog,32.0,18.0,0,0.4,0,0,0
T102070,2025-03-11,B12,Bus,14.5,32,10,Tuesday,3,18,0,7.9,Clear,67.0,88.0,0,6.8,1,0,1
T105345,2025-05-26,T3,Tram,11.0,22,8,Monday,5,12,0,25.6,Rain,41.0,29.0,0,-3.0,0,0,0
T100376,2025-09-26,B27,Bus,9.2,24,12,Friday,9,7,0,20.6,Clear,66.0,98.0,0,7.0,1,0,1
T100736,2025-09-24,T3,Tram,11.0,22,8,Wednesday,9,8,0,16.9,Rain,77.0,86.0,0,5.1,1,0,1
T105625,2025-09-11,M2,Metro,16.5,15,5,Thursday,9,19,0,21.4,Rain,68.0,77.0,0,0.0,1,0,0
T100594,2025-04-28,R4,Train,35.5,9,30,Monday,4,19,0,16.0,Clear,79.0,94.0,0,8.6,1,0,1
T100348,2025-03-07,T7,Tram,8.3,17,10,Friday,3,20,0,9.0,Rain,32.0,22.0,0,-3.0,0,0,0
T102253,2025-07-02,T9,Tram,13.6,26,12,Wednesday,7,20,0,26.0,Clear,25.0,30.0,0,-2.8,0,0,0
T104189,2025-11-25,R4,Train,35.5,9,30,Tuesday,11,7,0,14.1,Clear,81.0,82.0,0,4.5,1,0,0
T102855,2025-01-29,B27,Bus,9.2,24,12,Wednesday,1,16,0,-4.3,Storm,79.0,82.0,0,12.4,1,0,1
T101248,2025-04-29,T3,Tram,11.0,22,8,Tuesday,4,9,0,9.7,Clear,73.0,78.0,0,5.1,1,0,1
T105852,2025-04-04,T9,Tram,13.6,26,12,Friday,4,9,0,12.6,Rain,65.0,60.0,0,3.7,1,0,0
T105940,2025-04-04,B61,Bus,7.4,18,8,Friday,4,8,0,19.8,Fog,76.0,76.0,0,8.9,1,0,1
T105569,2025-03-21,B45,Bus,18.0,38,15,Friday,3,13,0,10.0,Clear,14.0,55.0,0,-3.0,0,0,0
T105423,2025-04-01,T9,Tram,13.6,26,12,Tuesday,4,17,0,11.7,Clear,62.0,85.0,0,4.7,1,0,0
T105201,2025-05-31,T9,Tram,13.6,26,12,Saturday,5,18,0,13.850000000000001,Rain,52.0,60.0,0,4.7,1,1,0
T101299,2025-01-11,R1,Train,42.0,11,20,Saturday,1,8,0,7.0,Clear,74.0,61.0,0,3.4,1,1,0
T104034,2025-06-05,M3,Metro,12.2,12,6,Thursday,6,21,0,22.7,Clear,16.0,50.0,0,-3.0,0,0,0
T104095,2025-07-19,M3,Metro,12.2,12,6,Saturday,7,20,0,24.7,Clear,53.0,36.0,0,-3.0,0,1,0
T104231,2025-12-05,R4,Train,35.5,9,30,Friday,12,19,0,6.8,Fog,79.0,70.0,0,7.2,1,0,1
T104620,2025-08-14,T3,Tram,11.0,22,8,Thursday,8,5,0,13.850000000000001,Fog,36.0,36.0,0,0.5,0,0,0
T100935,2025-12-10,B61,Bus,7.4,18,8,Wednesday,12,5,0,4.3,Clear,39.0,38.0,1,10.4,0,0,1
T101714,2025-08-24,B27,Bus,9.2,24,12,Sunday,8,8,0,24.7,Fog,52.0,66.0,0,11.5,1,1,1
T102304,2025-12-01,B61,Bus,7.4,18,8,Monday,12,22,0,-0.5,Rain,9.0,47.0,0,-3.0,0,0,0
T105568,2025-04-25,T9,Tram,13.6,26,12,Friday,4,16,0,14.9,Rain,57.0,77.0,0,5.7,1,0,1
T103147,2025-11-02,T3,Tram,11.0,22,8,Sunday,11,7,0,5.1,Clear,73.0,88.0,1,18.2,1,1,1
T105646,2025-11-17,B27,Bus,9.2,24,12,Monday,11,13,0,12.7,Rain,29.0,42.0,0,0.3,0,0,0
T104873,2025-08-03,M3,Metro,12.2,12,6,Sunday,8,8,0,19.3,Clear,61.0,63.0,0,1.3,1,1,0
T102446,2025-10-10,T7,Tram,8.3,17,10,Friday,10,8,0,11.4,Clear,92.0,69.0,0,4.1,1,0,0
T100707,2025-07-28,B61,Bus,7.4,18,8,Monday,7,18,0,19.9,Rain,92.0,70.0,0,10.6,1,0,1
T104656,2025-02-18,M3,Metro,12.2,12,6,Tuesday,2,19,0,9.5,Rain,71.0,99.0,0,3.5,1,0,0
T105330,2025-07-25,R4,Train,35.5,9,30,Friday,7,19,0,26.1,Rain,51.0,78.0,0,7.0,1,0,1
T100653,2025-10-21,T3,Tram,11.0,22,8,Tuesday,10,9,0,16.4,Clear,75.0,73.0,0,3.2,1,0,0
T103003,2025-12-17,T7,Tram,8.3,17,10,Wednesday,12,9,0,0.3,Clear,74.0,85.0,0,2.9,1,0,0
T104313,2025-02-05,B61,Bus,7.4,18,8,Wednesday,2,14,0,-0.7,Clear,23.0,46.0,0,-2.8,0,0,0
T100417,2025-02-14,B27,Bus,9.2,24,12,Friday,2,9,0,5.9,Rain,78.0,106.0,0,9.5,1,0,1
T105082,2025-01-01,M1,Metro,21.0,19,4,Wednesday,1,8,0,-1.6,Fog,73.0,44.0,0,3.8,1,0,0
T102857,2025-10-12,B45,Bus,18.0,38,15,Sunday,10,7,0,14.1,Clear,60.0,55.0,0,10.8,1,1,1
T101039,2025-10-29,M3,Metro,12.2,12,6,Wednesday,10,18,0,14.0,Clear,83.0,56.0,0,4.0,1,0,0
T100130,2025-07-26,B12,Bus,14.5,32,10,Saturday,7,8,0,26.2,Storm,35.0,50.0,0,12.2,1,1,1
T100847,2025-01-19,T3,Tram,11.0,22,8,Sunday,1,7,0,0.8,Snow,73.0,65.0,0,7.2,1,1,1
T101149,2025-11-07,B61,Bus,7.4,18,8,Friday,11,14,0,8.5,Rain,36.0,39.0,0,1.2,0,0,0
T103911,2025-12-21,B45,Bus,18.0,38,15,Sunday,12,7,0,0.0,Clear,28.0,102.0,1,18.1,1,1,1
T102992,2025-03-12,R4,Train,35.5,9,30,Wednesday,3,9,0,12.5,Clear,50.0,73.0,0,0.4,1,0,0
T104120,2025-09-22,T9,Tram,13.6,26,12,Monday,9,9,0,21.1,Storm,73.0,65.0,0,7.7,1,0,1
T102631,2025-09-06,M1,Metro,21.0,19,4,Saturday,9,22,0,19.2,Rain,14.0,26.0,1,10.3,0,1,1
T102390,2025-06-15,R4,Train,35.5,9,30,Sunday,6,18,0,21.8,Clear,62.0,85.0,0,1.6,1,1,0
T101889,2025-06-14,B45,Bus,18.0,38,15,Saturday,6,9,0,25.7,Clear,64.0,62.0,0,6.2,1,1,1
T101527,2025-02-20,B45,Bus,18.0,38,15,Thursday,2,14,0,-0.9,Clear,41.0,63.0,0,-0.7,0,0,0
T103868,2025-03-22,T7,Tram,8.3,17,10,Saturday,3,16,0,11.6,Clear,48.0,58.0,0,2.2,1,1,0
T102203,2025-05-03,M1,Metro,21.0,19,4,Saturday,5,13,0,24.3,Clear,30.0,16.0,0,-3.0,0,1,0
T105275,2025-03-18,M2,Metro,16.5,15,5,Tuesday,3,16,0,7.4,Clear,50.0,67.0,0,-0.8,1,0,0
T101022,2025-11-14,M1,Metro,21.0,19,4,Friday,11,19,0,10.4,Clear,79.0,74.0,0,-0.5,1,0,0
T100872,2025-02-11,R4,Train,35.5,9,30,Tuesday,2,19,0,8.5,Clear,81.0,64.0,0,2.7,1,0,0
T101566,2025-12-20,T7,Tram,8.3,17,10,Saturday,12,16,0,3.4,Snow,47.0,66.0,0,8.8,1,1,1
T100225,2025-04-22,M2,Metro,16.5,15,5,Tuesday,4,18,0,9.9,Rain,41.0,70.0,0,-0.5,1,0,0
T103778,2025-12-26,M1,Metro,21.0,19,4,Friday,12,9,0,-1.6,Fog,96.0,72.0,0,2.4,1,0,0
T105152,2025-04-06,B27,Bus,9.2,24,12,Sunday,4,9,0,16.1,Rain,62.0,67.0,0,6.8,1,1,1
T102928,2025-03-09,M1,Metro,21.0,19,4,Sunday,3,9,0,11.8,Rain,60.0,68.0,0,0.2,1,1,0
T105668,2025-10-04,M1,Metro,21.0,19,4,Saturday,10,6,0,18.4,Clear,14.0,34.0,0,-3.0,0,1,0
T104621,2025-12-30,T7,Tram,8.3,17,10,Tuesday,12,7,1,-0.7,Clear,78.0,93.0,0,2.5,1,0,0
T101788,2025-06-22,R1,Train,42.0,11,20,Sunday,6,7,0,26.2,Clear,73.0,66.0,0,1.9,1,1,0
T100947,2025-02-18,T3,Tram,11.0,22,8,Tuesday,2,21,0,4.7,Rain,50.0,37.0,0,-1.2,0,0,0
T105462,2025-09-16,M1,Metro,21.0,19,4,Tuesday,9,12,0,16.0,Rain,32.0,30.0,0,-3.0,0,0,0
T103701,2025-03-26,B45,Bus,18.0,38,15,Wednesday,3,16,0,8.9,Clear,88.0,93.0,0,8.6,1,0,1
T103135,2025-01-06,B12,Bus,14.5,32,10,Monday,1,14,0,4.4,Clear,12.0,35.0,0,-2.4,0,0,0
T101908,2025-01-14,B27,Bus,9.2,24,12,Tuesday,1,8,0,10.3,Clear,59.0,98.0,0,9.1,1,0,1
T104450,2025-11-10,M3,Metro,12.2,12,6,Monday,11,19,0,11.8,Clear,58.0,62.0,0,-1.0,1,0,0
T100067,2025-05-16,B45,Bus,18.0,38,15,Friday,5,8,0,22.2,Fog,66.0,81.0,0,9.8,1,0,1
T101697,2025-02-24,B45,Bus,18.0,38,15,Monday,2,22,1,-1.2,Snow,23.0,18.0,0,-1.2,0,0,0
T100721,2025-12-06,B61,Bus,7.4,18,8,Saturday,12,7,0,8.6,Rain,61.0,68.0,0,8.5,1,1,1
T104241,2025-04-10,M1,Metro,21.0,19,4,Thursday,4,16,0,16.1,Rain,63.0,71.0,0,4.9,1,0,0
T103092,2025-09-20,M2,Metro,16.5,15,5,Saturday,9,8,0,24.5,Clear,47.0,57.0,0,-1.6,1,1,0
T104511,2025-07-10,R1,Train,42.0,11,20,Thursday,7,13,0,20.0,Storm,40.0,28.0,0,2.3,0,0,0
T102571,2025-12-07,B27,Bus,9.2,24,12,Sunday,12,17,0,1.9,Clear,54.0,64.0,0,4.2,1,1,0
T100276,2025-06-20,B12,Bus,14.5,32,10,Friday,6,7,0,17.4,Clear,68.0,79.0,0,6.8,1,0,1
T100171,2025-02-02,B61,Bus,7.4,18,8,Sunday,2,18,0,3.5,Rain,66.0,66.0,0,6.6,1,1,1
T103676,2025-05-14,M3,Metro,12.2,12,6,Wednesday,5,16,0,15.0,Clear,63.0,89.0,0,1.5,1,0,0
T104822,2025-11-28,B27,Bus,9.2,24,12,Friday,11,7,0,11.7,Fog,97.0,98.0,0,19.6,1,0,1
T101895,2025-11-07,B27,Bus,9.2,24,12,Friday,11,10,0,11.3,Clear,31.0,45.0,0,-3.0,0,0,0
T100055,2025-01-16,R1,Train,42.0,11,20,Thursday,1,16,0,6.6,Fog,44.0,80.0,0,6.0,1,0,1
T104234,2025-04-05,M3,Metro,12.2,12,6,Saturday,4,8,0,14.7,Rain,37.0,71.0,0,2.5,1,1,0
T102856,2025-07-27,B27,Bus,9.2,24,12,Sunday,7,8,1,23.5,Clear,41.0,65.0,0,1.0,1,1,0
T100449,2025-04-15,B27,Bus,9.2,24,12,Tuesday,4,14,0,16.7,Clear,15.0,55.0,0,-1.2,0,0,0
T101997,2025-12-29,T3,Tram,11.0,22,8,Monday,12,18,0,1.2,Clear,71.0,81.0,0,2.9,1,0,0
T102594,2025-04-22,B45,Bus,18.0,38,15,Tuesday,4,9,0,20.3,Rain,61.0,81.0,0,8.3,1,0,1
T103397,2025-12-17,T9,Tram,13.6,26,12,Wednesday,12,19,0,13.5,Clear,74.0,73.0,0,2.2,1,0,0
T100988,2025-03-31,T3,Tram,11.0,22,8,Monday,3,18,0,8.5,Rain,59.0,69.0,0,30.199999999999996,1,0,1
T100969,2025-01-14,M2,Metro,16.5,15,5,Tuesday,1,6,0,10.0,Clear,47.0,22.0,0,-0.4,0,0,0
T100136,2025-08-09,B27,Bus,9.2,24,12,Saturday,8,13,0,22.3,Clear,4.0,34.0,0,-3.0,0,1,0
T101896,2025-07-29,R1,Train,42.0,11,20,Tuesday,7,13,0,24.6,Clear,36.0,45.0,0,-3.0,0,0,0
T100174,2025-09-12,T7,Tram,8.3,17,10,Friday,9,17,0,19.0,Clear,80.0,72.0,0,2.6,1,0,0
T102302,2025-07-28,T7,Tram,8.3,17,10,Monday,7,9,0,20.7,Rain,57.0,90.0,0,5.8,1,0,1
T103205,2025-09-05,R4,Train,35.5,9,30,Friday,9,7,0,15.8,Storm,54.0,67.0,0,7.5,1,0,1
T104481,2025-04-19,B27,Bus,9.2,24,12,Saturday,4,7,0,19.2,Rain,73.0,80.0,0,10.7,1,1,1
T105802,2025-06-09,T9,Tram,13.6,26,12,Monday,6,21,0,25.7,Clear,51.0,24.0,0,0.2,0,0,0
T100444,2025-07-05,B12,Bus,14.5,32,10,Saturday,7,8,0,27.5,Rain,26.0,47.0,0,5.7,1,1,1
T105197,2025-12-11,T9,Tram,13.6,26,12,Thursday,12,16,0,4.7,Rain,50.0,70.0,0,5.1,1,0,1
T105154,2025-10-20,M1,Metro,21.0,19,4,Monday,10,19,0,10.7,Clear,73.0,91.0,0,-0.1,1,0,0
T101827,2025-12-26,T3,Tram,11.0,22,8,Friday,12,19,0,10.2,Clear,71.0,112.0,0,4.3,1,0,0
T102885,2025-02-26,R1,Train,42.0,11,20,Wednesday,2,9,0,8.9,Clear,75.0,101.0,0,4.0,1,0,0
T104780,2025-11-07,B45,Bus,18.0,38,15,Friday,11,10,0,6.3,Rain,31.0,71.0,0,2.4,0,0,0
T101581,2025-03-20,B45,Bus,18.0,38,15,Thursday,3,17,0,3.5,Rain,75.0,76.0,0,8.2,1,0,1
T100089,2025-10-31,M2,Metro,16.5,15,5,Friday,10,15,0,13.6,Fog,52.0,46.0,0,-3.0,0,0,0
T100794,2025-06-07,M2,Metro,16.5,15,5,Saturday,6,10,0,28.8,Fog,11.0,25.0,0,1.6,0,1,0
T102048,2025-10-02,M2,Metro,16.5,15,5,Thursday,10,17,0,20.8,Rain,60.0,82.0,0,1.4,1,0,0
T102177,2025-06-25,B12,Bus,14.5,32,10,Wednesday,6,16,0,20.9,Rain,79.0,73.0,0,7.6,1,0,1
T101029,2025-05-02,R4,Train,35.5,9,30,Friday,5,7,0,23.2,Rain,71.0,91.0,0,3.9,1,0,0
T103414,2025-08-07,T9,Tram,13.6,26,12,Thursday,8,22,0,17.1,Rain,31.0,60.0,0,-3.0,0,0,0
T101329,2025-05-05,B45,Bus,18.0,38,15,Monday,5,8,0,21.8,Clear,71.0,74.0,0,6.4,1,0,1
T103173,2025-05-06,T9,Tram,13.6,26,12,Tuesday,5,16,0,13.850000000000001,Fog,67.0,86.0,0,7.0,1,0,1
T103124,2025-06-10,B12,Bus,14.5,32,10,Tuesday,6,14,0,28.9,Rain,41.0,24.0,0,0.3,0,0,0
T100039,2025-08-19,B45,Bus,18.0,38,15,Tuesday,8,8,0,27.0,Storm,68.0,76.0,0,12.5,1,0,1
T105108,2025-04-29,B45,Bus,18.0,38,15,Tuesday,4,16,0,9.3,Clear,64.0,88.0,0,6.3,1,0,1
T100943,2025-06-23,T7,Tram,8.3,17,10,Monday,6,12,0,26.1,Rain,34.0,6.0,0,-3.0,0,0,0
T103600,2025-06-12,T9,Tram,13.6,26,12,Thursday,6,22,0,19.5,Rain,31.0,21.0,0,-1.9,0,0,0
T100665,2025-09-11,B12,Bus,14.5,32,10,Thursday,9,5,0,14.8,Clear,43.0,29.0,0,-1.4,0,0,0
T104011,2025-11-20,T7,Tram,8.3,17,10,Thursday,11,8,0,4.0,Rain,63.0,98.0,0,6.0,1,0,1
T100452,2025-07-02,R4,Train,35.5,9,30,Wednesday,7,17,0,21.9,Clear,73.0,71.0,0,2.9,1,0,0
T104876,2025-05-31,B12,Bus,14.5,32,10,Saturday,5,19,0,21.9,Clear,27.0,69.0,0,4.0,1,1,0
T101684,2025-05-11,T9,Tram,13.6,26,12,Sunday,5,16,0,30.1,Rain,36.0,68.0,0,2.9,1,1,0
T101148,2025-09-09,B61,Bus,7.4,18,8,Tuesday,9,14,0,22.1,Clear,57.0,41.0,0,1.5,0,0,0
T104273,2025-04-25,B12,Bus,14.5,32,10,Friday,4,17,0,12.8,Clear,83.0,73.0,0,9.6,1,0,1
T102184,2025-08-20,T9,Tram,13.6,26,12,Wednesday,8,19,0,26.4,Clear,88.0,95.0,0,5.5,1,0,1
T100336,2025-12-18,T9,Tram,13.6,26,12,Thursday,12,17,0,-3.5,Fog,70.0,87.0,0,6.6,1,0,1
T102166,2025-04-26,B27,Bus,9.2,24,12,Saturday,4,5,1,17.9,Storm,25.0,35.0,0,1.2,0,1,0
T104930,2025-01-06,B61,Bus,7.4,18,8,Monday,1,19,0,-5.4,Snow,81.0,82.0,0,14.0,1,0,1
T105948,2025-12-08,B45,Bus,18.0,38,15,Monday,12,20,1,3.9,Rain,19.0,53.0,0,-3.0,0,0,0
T102977,2025-11-24,B61,Bus,7.4,18,8,Monday,11,14,0,11.1,Clear,31.0,38.0,1,12.4,0,0,1
T101600,2025-04-21,B27,Bus,9.2,24,12,Monday,4,16,0,18.9,Clear,71.0,60.0,0,6.9,1,0,1
T101641,2025-01-19,M3,Metro,12.2,12,6,Sunday,1,18,0,3.1,Snow,70.0,67.0,0,3.7,1,1,0
T100351,2025-01-17,B12,Bus,14.5,32,10,Friday,1,21,0,6.8,Clear,27.0,48.0,0,-3.0,0,0,0
T100624,2025-08-09,T9,Tram,13.6,26,12,Saturday,8,9,0,18.6,Clear,56.0,59.0,0,4.1,1,1,0
T105511,2025-10-19,M1,Metro,21.0,19,4,Sunday,10,19,0,12.4,Clear,64.0,65.0,0,-0.8,1,1,0
T102183,2025-08-24,M3,Metro,12.2,12,6,Sunday,8,17,0,22.6,Rain,80.0,56.0,0,1.1,1,1,0
T102508,2025-05-29,B12,Bus,14.5,32,10,Thursday,5,5,0,19.0,Clear,43.0,56.0,0,-2.6,0,0,0
T102089,2025-01-08,T7,Tram,8.3,17,10,Wednesday,1,19,0,4.6,Clear,70.0,66.0,0,4.9,1,0,0
T104819,2025-12-07,M3,Metro,12.2,12,6,Sunday,12,17,0,3.5,Rain,66.0,66.0,0,2.5,1,1,0
T104794,2025-05-25,B61,Bus,7.4,18,8,Sunday,5,17,0,26.5,Clear,49.0,48.0,0,5.1,1,1,1
T100358,2025-02-03,B12,Bus,14.5,32,10,Monday,2,8,0,4.9,Clear,66.0,88.0,0,8.3,1,0,1
T101321,2025-04-11,B45,Bus,18.0,38,15,Friday,4,19,0,6.7,Clear,68.0,72.0,0,6.4,1,0,1
T101613,2025-09-10,M1,Metro,21.0,19,4,Wednesday,9,19,0,14.7,Clear,67.0,92.0,0,2.7,1,0,0
T101856,2025-05-17,B27,Bus,9.2,24,12,Saturday,5,19,0,27.2,Storm,49.0,65.0,0,10.0,1,1,1
T101525,2025-01-18,B27,Bus,9.2,24,12,Saturday,1,9,0,5.0,Fog,68.0,66.0,0,8.8,1,1,1
T104714,2025-01-11,B61,Bus,7.4,18,8,Saturday,1,19,0,9.5,Clear,52.0,74.0,0,5.3,1,1,1
T104561,2025-06-03,R4,Train,35.5,9,30,Tuesday,6,6,0,19.2,Clear,40.0,41.0,0,-3.0,0,0,0
T101434,2025-04-27,T3,Tram,11.0,22,8,Sunday,4,19,0,13.4,Clear,64.0,85.0,0,4.5,1,1,0
T105739,2025-01-14,B45,Bus,18.0,38,15,Tuesday,1,18,0,-3.3,Clear,81.0,62.0,0,9.1,1,0,1
T105882,2025-11-01,M1,Metro,21.0,19,4,Saturday,11,9,0,9.3,Clear,60.0,47.0,0,5.0,1,1,0
T105791,2025-02-02,M3,Metro,12.2,12,6,Sunday,2,21,1,10.3,Clear,10.0,51.0,0,-3.0,0,1,0
T101419,2025-06-23,M2,Metro,16.5,15,5,Monday,6,8,0,26.0,Clear,61.0,95.0,0,0.7,1,0,0
T105531,2025-12-11,T3,Tram,11.0,22,8,Thursday,12,18,0,11.9,Rain,63.0,70.0,0,4.2,1,0,0
T101702,2025-09-06,T9,Tram,13.6,26,12,Saturday,9,21,0,19.3,Storm,52.0,47.0,0,4.5,0,1,0
T102649,2025-05-01,B45,Bus,18.0,38,15,Thursday,5,7,1,16.5,Clear,72.0,104.0,0,5.2,1,0,1
T103758,2025-01-30,R1,Train,42.0,11,20,Thursday,1,7,0,1.4,Clear,72.0,85.0,0,4.4,1,0,0
T104587,2025-04-23,M2,Metro,16.5,15,5,Wednesday,4,8,0,11.0,Fog,60.0,95.0,0,5.4,1,0,1
T100776,2025-06-04,T9,Tram,13.6,26,12,Wednesday,6,18,0,26.7,Clear,84.0,90.0,0,6.2,1,0,1
T102575,2025-05-01,B45,Bus,18.0,38,15,Thursday,5,14,1,19.0,Clear,52.0,32.0,0,-3.0,0,0,0
T103754,2025-01-14,T9,Tram,13.6,26,12,Tuesday,1,9,0,13.850000000000001,Clear,86.0,107.0,0,5.4,1,0,1
T103831,2025-03-16,M3,Metro,12.2,12,6,Sunday,3,17,0,7.0,Clear,69.0,74.0,0,-1.5,1,1,0
T101765,2025-12-08,M2,Metro,16.5,15,5,Monday,12,9,0,6.1,Rain,64.0,69.0,0,2.6,1,0,0
T100473,2025-06-20,R4,Train,35.5,9,30,Friday,6,17,0,29.5,Clear,91.0,67.0,0,4.1,1,0,0
T105656,2025-10-31,T3,Tram,11.0,22,8,Friday,10,9,0,19.6,Clear,40.0,54.0,0,0.7,1,0,0
T103492,2025-05-16,T9,Tram,13.6,26,12,Friday,5,21,0,25.4,Fog,21.0,61.0,0,-3.0,0,0,0
T103903,2025-01-05,M2,Metro,16.5,15,5,Sunday,1,19,0,2.7,Clear,44.0,63.0,0,1.9,1,1,0
T102414,2025-05-16,M2,Metro,16.5,15,5,Friday,5,16,0,18.9,Rain,62.0,89.0,1,15.6,1,0,1
T105997,2025-12-24,R1,Train,42.0,11,20,Wednesday,12,9,0,1.0,Rain,67.0,71.0,0,5.0,1,0,0
T103662,2025-12-20,B27,Bus,9.2,24,12,Saturday,12,19,0,9.7,Clear,44.0,39.0,0,5.8,1,1,1
T105711,2025-12-09,M3,Metro,12.2,12,6,Tuesday,12,17,0,6.4,Clear,87.0,73.0,0,1.4,1,0,0
T105231,2025-06-30,B45,Bus,18.0,38,15,Monday,6,16,0,26.5,Storm,71.0,93.0,0,14.3,1,0,1
T105399,2025-11-14,B12,Bus,14.5,32,10,Friday,11,13,0,13.7,Rain,31.0,37.0,0,-2.1,0,0,0
T103534,2025-02-02,B27,Bus,9.2,24,12,Sunday,2,18,0,3.4,Clear,68.0,75.0,0,7.8,1,1,1
T101580,2025-04-19,B12,Bus,14.5,32,10,Saturday,4,8,0,10.8,Clear,39.0,63.0,0,4.8,1,1,0
T100479,2025-02-09,B61,Bus,7.4,18,8,Sunday,2,18,0,0.4,Fog,68.0,77.0,0,9.8,1,1,1
T102637,2025-09-29,R1,Train,42.0,11,20,Monday,9,18,0,18.9,Fog,69.0,107.0,0,5.5,1,0,1
T100102,2025-10-21,T7,Tram,8.3,17,10,Tuesday,10,8,0,12.1,Rain,82.0,77.0,0,5.5,1,0,1
T101478,2025-03-26,M3,Metro,12.2,12,6,Wednesday,3,18,0,9.2,Clear,70.0,74.0,0,0.2,1,0,0
T105693,2025-03-26,R4,Train,35.5,9,30,Wednesday,3,8,0,6.9,Fog,73.0,96.0,0,5.7,1,0,1
T104065,2025-05-06,B12,Bus,14.5,32,10,Tuesday,5,15,0,21.0,Rain,10.0,52.0,0,-0.0,0,0,0
T103946,2025-01-09,M2,Metro,16.5,15,5,Thursday,1,12,0,7.6,Storm,43.0,57.0,0,-2.5,0,0,0
T103825,2025-11-26,T3,Tram,11.0,22,8,Wednesday,11,19,0,6.6,Clear,61.0,78.0,0,3.8,1,0,0
T100742,2025-08-20,T9,Tram,13.6,26,12,Wednesday,8,18,0,24.3,Clear,82.0,82.0,0,5.4,1,0,1
T105653,2025-06-19,M2,Metro,16.5,15,5,Thursday,6,9,0,20.0,Clear,53.0,68.0,0,0.2,1,0,0
T100053,2025-06-20,B61,Bus,7.4,18,8,Friday,6,19,1,13.6,Clear,62.0,72.0,0,4.3,1,0,0
T100987,2025-04-26,M1,Metro,21.0,19,4,Saturday,4,18,0,10.8,Rain,67.0,57.0,0,1.5,1,1,0
T103756,2025-08-21,B61,Bus,7.4,18,8,Thursday,8,21,0,25.7,Clear,16.0,17.0,0,-3.0,0,0,0
T105441,2025-07-06,M3,Metro,12.2,12,6,Sunday,7,19,0,29.3,Clear,69.0,80.0,0,0.7,1,1,0
T100068,2025-01-28,B27,Bus,9.2,24,12,Tuesday,1,9,0,1.4,Snow,73.0,85.0,0,13.5,1,0,1
T104036,2025-09-08,T7,Tram,8.3,17,10,Monday,9,21,0,12.8,Clear,43.0,66.0,0,-3.0,0,0,0
T103618,2025-06-08,T3,Tram,11.0,22,8,Sunday,6,8,0,31.0,Storm,80.0,67.0,0,8.1,1,1,1
T104813,2025-07-22,T3,Tram,11.0,22,8,Tuesday,7,9,0,24.6,Clear,87.0,86.0,0,3.4,1,0,0
T105196,2025-12-08,B45,Bus,18.0,38,15,Monday,12,17,0,4.1,Rain,66.0,62.0,0,8.3,1,0,1
T105390,2025-03-07,B12,Bus,14.5,32,10,Friday,3,9,0,15.1,Clear,64.0,68.0,0,7.0,1,0,1
T102774,2025-07-18,T9,Tram,13.6,26,12,Friday,7,16,0,26.6,Rain,62.0,66.0,0,5.5,1,0,1
T104429,2025-12-03,T3,Tram,11.0,22,8,Wednesday,12,8,0,12.1,Fog,89.0,102.0,0,9.8,1,0,1
T103343,2025-08-14,B61,Bus,7.4,18,8,Thursday,8,19,0,18.7,Rain,61.0,76.0,0,6.6,1,0,1
T105445,2025-05-10,B12,Bus,14.5,32,10,Saturday,5,18,0,15.6,Clear,47.0,66.0,0,5.2,1,1,1
T103324,2025-06-08,T3,Tram,11.0,22,8,Sunday,6,9,0,20.3,Rain,38.0,45.0,1,16.9,1,1,1
T101239,2025-01-15,R4,Train,35.5,9,30,Wednesday,1,10,0,2.3,Clear,26.0,57.0,0,-1.1,0,0,0
T100784,2025-06-24,B45,Bus,18.0,38,15,Tuesday,6,5,0,27.5,Fog,39.0,48.0,0,2.2,0,0,0
T105269,2025-07-10,B27,Bus,9.2,24,12,Thursday,7,8,0,24.1,Clear,67.0,93.0,0,9.4,1,0,1
T105254,2025-05-07,M1,Metro,21.0,19,4,Wednesday,5,20,0,17.7,Clear,11.0,27.0,0,-3.0,0,0,0
T105233,2025-03-14,T7,Tram,8.3,17,10,Friday,3,21,0,4.2,Clear,31.0,39.0,0,-3.0,0,0,0
T103772,2025-07-12,M3,Metro,12.2,12,6,Saturday,7,15,0,28.8,Clear,22.0,6.0,0,-3.0,0,1,0
T102706,2025-09-15,M1,Metro,21.0,19,4,Monday,9,18,0,15.6,Clear,94.0,81.0,0,0.5,1,0,0
T104223,2025-07-14,M1,Metro,21.0,19,4,Monday,7,18,0,28.1,Clear,75.0,71.0,0,-0.2,1,0,0
T101974,2025-07-24,B27,Bus,9.2,24,12,Thursday,7,9,0,24.3,Clear,75.0,87.0,0,7.8,1,0,1
T102970,2025-08-12,M1,Metro,21.0,19,4,Tuesday,8,11,0,27.2,Storm,0.0,45.0,0,-1.7,0,0,0
T105357,2025-09-30,M3,Metro,12.2,12,6,Tuesday,9,16,0,14.7,Clear,66.0,86.0,0,-0.3,1,0,0
T103580,2025-11-18,T7,Tram,8.3,17,10,Tuesday,11,12,0,10.7,Clear,58.0,48.0,0,-2.7,0,0,0
T105974,2025-12-18,T3,Tram,11.0,22,8,Thursday,12,7,0,0.3,Clear,75.0,78.0,0,4.2,1,0,0
T101106,2025-03-31,B27,Bus,9.2,24,12,Monday,3,20,0,10.2,Storm,12.0,41.0,0,1.2,0,0,0
T100950,2025-02-04,M2,Metro,16.5,15,5,Tuesday,2,12,0,5.2,Rain,61.0,49.0,0,-3.0,0,0,0
T103127,2025-11-28,M3,Metro,12.2,12,6,Friday,11,14,0,13.0,Snow,36.0,60.0,0,-2.0,0,0,0
T102122,2025-08-01,M2,Metro,16.5,15,5,Friday,8,19,0,22.8,Rain,60.0,87.0,0,2.3,1,0,0
T103837,2025-08-07,R4,Train,35.5,9,30,Thursday,8,5,0,24.7,Clear,45.0,57.0,0,-3.0,0,0,0
T105225,2025-06-29,B61,Bus,7.4,18,8,Sunday,6,9,0,13.6,Clear,46.0,71.0,0,4.0,1,1,0
T103235,2025-07-28,T9,Tram,13.6,26,12,Monday,7,19,0,24.0,Storm,53.0,80.0,0,8.2,1,0,1
T104557,2025-11-11,B45,Bus,18.0,38,15,Tuesday,11,17,0,9.6,Rain,64.0,91.0,0,11.8,1,0,1
T100639,2025-12-13,B61,Bus,7.4,18,8,Saturday,12,19,0,8.8,Clear,60.0,66.0,0,5.0,1,1,0
T103382,2025-12-17,M2,Metro,16.5,15,5,Wednesday,12,17,0,3.1,Clear,76.0,94.0,0,0.4,1,0,0
T102566,2025-10-20,M3,Metro,12.2,12,6,Monday,10,19,0,9.5,Rain,69.0,110.0,0,1.8,1,0,0
T100757,2025-05-20,T7,Tram,8.3,17,10,Tuesday,5,11,0,24.6,Clear,47.0,46.0,0,-1.9,0,0,0
T103663,2025-12-18,B61,Bus,7.4,18,8,Thursday,12,17,0,7.2,Rain,73.0,83.0,0,12.1,1,0,1
T100878,2025-07-20,M1,Metro,21.0,19,4,Sunday,7,22,0,24.9,Rain,36.0,41.0,0,-3.0,0,1,0
T105025,2025-02-13,T7,Tram,8.3,17,10,Thursday,2,15,0,-1.2,Snow,51.0,30.0,1,13.3,0,0,1
T100230,2025-06-19,T7,Tram,8.3,17,10,Thursday,6,20,0,27.2,Clear,31.0,24.0,0,-3.0,0,0,0
T105642,2025-09-04,B61,Bus,7.4,18,8,Thursday,9,16,0,20.9,Clear,75.0,59.0,0,7.6,1,0,1
T102460,2025-05-05,M2,Metro,16.5,15,5,Monday,5,22,0,17.7,Storm,33.0,31.0,0,-2.1,0,0,0
T104059,2025-08-05,B12,Bus,14.5,32,10,Tuesday,8,20,0,17.6,Clear,42.0,49.0,0,-1.1,0,0,0
T104651,2025-12-26,B27,Bus,9.2,24,12,Friday,12,17,0,-5.3,Clear,70.0,82.0,0,5.3,1,0,1
T104639,2025-12-02,B61,Bus,7.4,18,8,Tuesday,12,16,0,1.3,Fog,68.0,66.0,0,8.0,1,0,1
T101560,2025-04-17,M1,Metro,21.0,19,4,Thursday,4,14,0,18.1,Clear,53.0,42.0,1,6.2,0,0,1
T105523,2025-12-02,R1,Train,42.0,11,20,Tuesday,12,16,0,9.1,Clear,71.0,67.0,1,15.2,1,0,1
T104110,2025-01-02,T9,Tram,13.6,26,12,Thursday,1,8,0,9.4,Clear,75.0,79.0,0,3.8,1,0,0
T105521,2025-08-27,B12,Bus,14.5,32,10,Wednesday,8,9,0,28.4,Rain,87.0,91.0,0,12.0,1,0,1
T100098,2025-08-21,M3,Metro,12.2,12,6,Thursday,8,22,0,24.5,Storm,15.0,50.0,0,1.2,0,0,0
T103696,2025-04-23,T7,Tram,8.3,17,10,Wednesday,4,18,0,17.2,Clear,57.0,84.0,0,5.1,1,0,1
T101430,2025-06-21,R1,Train,42.0,11,20,Saturday,6,17,0,12.8,Clear,43.0,47.0,0,2.8,1,1,0
T101250,2025-03-30,T3,Tram,11.0,22,8,Sunday,3,16,0,11.7,Storm,57.0,72.0,0,12.0,1,1,1
T102692,2025-11-29,R4,Train,35.5,9,30,Saturday,11,17,0,9.3,Rain,69.0,65.0,1,20.4,1,1,1
T101887,2025-05-31,M1,Metro,21.0,19,4,Saturday,5,18,0,14.7,Clear,53.0,49.0,0,0.1,1,1,0
T105101,2025-07-18,B61,Bus,7.4,18,8,Friday,7,9,0,23.3,Clear,75.0,85.0,0,7.9,1,0,1
T105532,2025-07-04,R4,Train,35.5,9,30,Friday,7,18,0,22.9,Clear,80.0,83.0,0,9.0,1,0,1
T105506,2025-02-09,B61,Bus,7.4,18,8,Sunday,2,7,0,-2.4,Clear,53.0,57.0,0,5.7,1,1,1
T103551,2025-07-10,B12,Bus,14.5,32,10,Thursday,7,9,0,23.8,Clear,51.0,65.0,0,4.4,1,0,0
T103651,2025-01-27,T3,Tram,11.0,22,8,Monday,1,14,0,3.7,Snow,48.0,48.0,0,0.1,0,0,0
T102060,2025-11-23,T3,Tram,11.0,22,8,Sunday,11,7,0,12.9,Rain,65.0,73.0,0,6.5,1,1,1
T100294,2025-07-18,B12,Bus,14.5,32,10,Friday,7,18,0,28.3,Clear,71.0,69.0,0,8.2,1,0,1
T102769,2025-12-16,R1,Train,42.0,11,20,Tuesday,12,17,0,1.6,Clear,73.0,82.0,0,7.3,1,0,1
T105731,2025-02-15,B61,Bus,7.4,18,8,Saturday,2,7,0,4.2,Clear,52.0,79.0,1,20.4,1,1,1
T102353,2025-06-19,M1,Metro,21.0,19,4,Thursday,6,16,0,24.9,Rain,47.0,67.0,0,1.9,1,0,0
T103253,2025-05-16,R1,Train,42.0,11,20,Friday,5,9,0,18.0,Storm,60.0,60.0,0,8.4,1,0,1
T100159,2025-10-14,B61,Bus,7.4,18,8,Tuesday,10,6,0,13.5,Clear,37.0,44.0,0,-2.4,0,0,0
T101236,2025-01-02,R1,Train,42.0,11,20,Thursday,1,9,0,4.1,Rain,62.0,84.0,0,3.9,1,0,0
T104746,2025-10-07,M1,Metro,21.0,19,4,Tuesday,10,20,0,11.5,Clear,36.0,45.0,0,-3.0,0,0,0
T105787,2025-08-11,R1,Train,42.0,11,20,Monday,8,18,0,24.1,Rain,65.0,76.0,0,4.7,1,0,0
T100909,2025-02-03,R4,Train,35.5,9,30,Monday,2,16,0,3.1,Clear,78.0,65.0,0,2.1,1,0,0
T102431,2025-07-10,B45,Bus,18.0,38,15,Thursday,7,8,0,28.7,Rain,58.0,81.0,0,7.9,1,0,1
T101557,2025-10-10,M3,Metro,12.2,12,6,Friday,10,16,0,12.3,Fog,80.0,66.0,1,14.3,1,0,1
T100320,2025-04-28,M3,Metro,12.2,12,6,Monday,4,7,0,10.4,Clear,65.0,100.0,0,0.8,1,0,0
T103808,2025-07-09,B27,Bus,9.2,24,12,Wednesday,7,19,0,29.6,Rain,61.0,73.0,0,8.9,1,0,1
T100014,2025-09-19,T9,Tram,13.6,26,12,Friday,9,9,0,21.5,Clear,73.0,72.0,0,2.5,1,0,0
T105071,2025-08-02,M3,Metro,12.2,12,6,Saturday,8,17,0,19.2,Clear,49.0,51.0,0,2.3,1,1,0
T105488,2025-11-11,T3,Tram,11.0,22,8,Tuesday,11,17,0,8.5,Clear,74.0,92.0,0,6.6,1,0,1
T103464,2025-05-12,B27,Bus,9.2,24,12,Monday,5,10,0,21.1,Clear,31.0,41.0,1,11.6,0,0,1
T101446,2025-12-09,B27,Bus,9.2,24,12,Tuesday,12,21,0,-3.9,Snow,19.0,47.0,1,15.3,0,0,1
T103475,2025-03-20,B12,Bus,14.5,32,10,Thursday,3,22,0,8.4,Clear,13.0,44.0,0,-2.6,0,0,0
T104558,2025-10-01,T9,Tram,13.6,26,12,Wednesday,10,15,0,11.7,Clear,31.0,45.0,0,-3.0,0,0,0
T100887,2025-03-12,T3,Tram,11.0,22,8,Wednesday,3,8,0,6.3,Clear,54.0,74.0,0,2.9,1,0,0
T101692,2025-08-28,T3,Tram,11.0,22,8,Thursday,8,16,0,21.1,Clear,47.0,85.0,0,2.3,1,0,0
T103699,2025-10-05,M3,Metro,12.2,12,6,Sunday,10,8,0,15.8,Clear,38.0,66.0,0,0.4,1,1,0
T105588,2025-10-22,R1,Train,42.0,11,20,Wednesday,10,16,0,16.2,Clear,66.0,79.0,0,4.6,1,0,0
T101719,2025-07-08,B12,Bus,14.5,32,10,Tuesday,7,16,0,24.0,Clear,75.0,100.0,0,11.3,1,0,1
T104739,2025-07-10,B61,Bus,7.4,18,8,Thursday,7,19,0,29.2,Clear,74.0,79.0,0,6.9,1,0,1
T105927,2025-08-05,B61,Bus,7.4,18,8,Tuesday,8,21,0,18.3,Clear,39.0,11.0,0,-2.1,0,0,0
T104715,2025-07-02,T7,Tram,8.3,17,10,Wednesday,7,19,0,28.3,Clear,69.0,109.0,0,4.2,1,0,0
T100651,2025-08-27,R1,Train,42.0,11,20,Wednesday,8,10,0,27.5,Clear,8.0,48.0,1,13.8,0,0,1
T104349,2025-05-09,B45,Bus,18.0,38,15,Friday,5,11,0,18.6,Clear,38.0,9.0,0,-1.9,0,0,0
T104969,2025-10-25,R1,Train,42.0,11,20,Saturday,10,16,0,16.7,Clear,66.0,86.0,0,4.9,1,1,0
T104562,2025-01-08,B61,Bus,7.4,18,8,Wednesday,1,12,0,-0.2,Clear,25.0,25.0,0,-3.0,0,0,0
T104849,2025-11-25,R4,Train,35.5,9,30,Tuesday,11,21,0,4.6,Clear,41.0,34.0,0,-3.0,0,0,0
T100918,2025-04-03,B12,Bus,14.5,32,10,Thursday,4,17,1,13.6,Rain,72.0,55.0,0,5.3,1,0,1
T105037,2025-07-20,B27,Bus,9.2,24,12,Sunday,7,11,0,25.6,Rain,36.0,66.0,0,-1.3,0,1,0
T100882,2025-06-13,M3,Metro,12.2,12,6,Friday,6,9,0,25.7,Clear,59.0,81.0,0,-0.3,1,0,0
T100291,2025-04-08,M1,Metro,21.0,19,4,Tuesday,4,6,0,22.9,Clear,18.0,34.0,0,-3.0,0,0,0
T100233,2025-10-04,B27,Bus,9.2,24,12,Saturday,10,9,0,9.0,Rain,38.0,77.0,0,5.5,1,1,1
T102789,2025-11-01,T3,Tram,11.0,22,8,Saturday,11,6,0,3.0,Snow,2.0,22.0,0,-1.3,0,1,0
T103437,2025-08-29,T9,Tram,13.6,26,12,Friday,8,16,0,24.7,Clear,48.0,92.0,0,5.3,1,0,1
T103481,2025-03-31,B45,Bus,18.0,38,15,Monday,3,16,0,5.9,Clear,71.0,76.0,0,10.8,1,0,1
T101994,2025-10-03,R1,Train,42.0,11,20,Friday,10,8,0,22.9,Clear,57.0,75.0,0,3.6,1,0,0
T101304,2025-08-11,R1,Train,42.0,11,20,Monday,8,16,0,25.9,Rain,64.0,88.0,0,5.0,1,0,0
T103391,2025-07-10,M2,Metro,16.5,15,5,Thursday,7,12,0,27.6,Clear,50.0,29.0,0,-3.0,0,0,0
T102271,2025-04-27,B12,Bus,14.5,32,10,Sunday,4,19,0,18.2,Clear,49.0,70.0,0,4.4,1,1,0
T103131,2025-06-18,M1,Metro,21.0,19,4,Wednesday,6,17,0,24.9,Rain,66.0,93.0,0,2.3,1,0,0
T102025,2025-06-22,R4,Train,35.5,9,30,Sunday,6,17,0,21.4,Clear,41.0,66.0,0,0.3,1,1,0
T103394,2025-05-03,B45,Bus,18.0,38,15,Saturday,5,15,0,24.1,Rain,3.0,9.0,0,-2.5,0,1,0
T101485,2025-11-11,R1,Train,42.0,11,20,Tuesday,11,18,0,4.0,Clear,95.0,84.0,0,4.4,1,0,0
T105337,2025-07-29,M1,Metro,21.0,19,4,Tuesday,7,14,0,27.2,Clear,32.0,67.0,0,-3.0,0,0,0
T104630,2025-02-23,B27,Bus,9.2,24,12,Sunday,2,16,0,2.5,Snow,42.0,65.0,0,9.1,1,1,1
T102976,2025-06-30,M3,Metro,12.2,12,6,Monday,6,7,0,33.1,Rain,62.0,77.0,0,0.9,1,0,0
T105583,2025-01-28,M2,Metro,16.5,15,5,Tuesday,1,18,0,1.3,Snow,85.0,77.0,0,4.6,1,0,0
T100525,2025-04-24,B12,Bus,14.5,32,10,Thursday,4,13,0,14.6,Rain,50.0,47.0,0,-0.1,0,0,0
T101080,2025-12-02,T3,Tram,11.0,22,8,Tuesday,12,15,0,3.3,Snow,53.0,52.0,0,-0.0,0,0,0
T103443,2025-03-22,T9,Tram,13.6,26,12,Saturday,3,8,0,6.2,Clear,68.0,75.0,0,4.3,1,1,0
T102447,2025-08-24,B27,Bus,9.2,24,12,Sunday,8,19,0,24.5,Clear,67.0,66.0,0,5.0,1,1,0
T105738,2025-03-23,B45,Bus,18.0,38,15,Sunday,3,8,0,13.6,Fog,47.0,43.0,0,8.8,1,1,1
T104685,2025-09-23,R1,Train,42.0,11,20,Tuesday,9,9,0,19.8,Rain,72.0,81.0,0,5.5,1,0,1
T100673,2025-02-04,T9,Tram,13.6,26,12,Tuesday,2,7,0,-0.5,Snow,95.0,92.0,0,10.4,1,0,1
T100480,2025-04-16,M1,Metro,21.0,19,4,Wednesday,4,16,0,11.7,Storm,58.0,82.0,0,7.6,1,0,1
T102154,2025-09-15,T7,Tram,8.3,17,10,Monday,9,19,0,27.8,Rain,72.0,105.0,0,6.6,1,0,1
T105442,2025-12-03,B61,Bus,7.4,18,8,Wednesday,12,19,0,6.0,Rain,66.0,75.0,0,9.4,1,0,1
T105471,2025-06-17,R4,Train,35.5,9,30,Tuesday,6,8,0,29.7,Clear,54.0,75.0,0,4.6,1,0,0
T104931,2025-09-25,M3,Metro,12.2,12,6,Thursday,9,14,0,18.5,Clear,32.0,50.0,0,-3.0,0,0,0
T103787,2025-01-08,B61,Bus,7.4,18,8,Wednesday,1,16,0,-0.5,Clear,61.0,78.0,0,4.4,1,0,0
T100251,2025-06-30,B45,Bus,18.0,38,15,Monday,6,18,0,24.2,Clear,79.0,67.0,0,6.8,1,0,1
T104762,2025-02-05,M3,Metro,12.2,12,6,Wednesday,2,18,0,14.5,Rain,63.0,111.0,0,5.5,1,0,1
T100390,2025-09-30,M3,Metro,12.2,12,6,Tuesday,9,8,0,26.5,Clear,66.0,58.0,0,-0.3,1,0,0
T101467,2025-05-21,T9,Tram,13.6,26,12,Wednesday,5,19,0,20.8,Clear,75.0,71.0,0,3.7,1,0,0
T105591,2025-07-31,M1,Metro,21.0,19,4,Thursday,7,17,0,21.1,Storm,69.0,59.0,0,7.6,1,0,1
T103287,2025-03-15,B12,Bus,14.5,32,10,Saturday,3,17,0,4.0,Rain,63.0,63.0,0,8.1,1,1,1
T105458,2025-07-08,B61,Bus,7.4,18,8,Tuesday,7,5,0,13.6,Rain,50.0,41.0,0,1.3,0,0,0
T104890,2025-11-02,T7,Tram,8.3,17,10,Sunday,11,19,0,0.5,Rain,49.0,82.0,0,11.2,1,1,1
T101984,2025-08-21,M2,Metro,16.5,15,5,Thursday,8,11,0,27.6,Rain,52.0,44.0,0,-2.4,0,0,0
T101933,2025-12-14,T7,Tram,8.3,17,10,Sunday,12,17,0,6.6,Clear,59.0,82.0,1,20.4,1,1,1
T102104,2025-11-14,B45,Bus,18.0,38,15,Friday,11,16,0,10.7,Clear,81.0,96.0,0,12.0,1,0,1
T104777,2025-10-01,T7,Tram,8.3,17,10,Wednesday,10,15,0,20.2,Rain,36.0,66.0,0,-3.0,0,0,0
T101205,2025-11-26,T9,Tram,13.6,26,12,Wednesday,11,19,0,4.4,Fog,60.0,75.0,0,3.6,1,0,0
T105173,2025-05-03,T9,Tram,13.6,26,12,Saturday,5,20,0,20.8,Clear,0.0,66.0,0,30.199999999999996,0,1,1
T103138,2025-06-21,R4,Train,35.5,9,30,Saturday,6,19,0,25.4,Clear,55.0,52.0,0,1.7,1,1,0
T102394,2025-06-22,B27,Bus,9.2,24,12,Sunday,6,16,0,22.0,Rain,74.0,67.0,0,7.9,1,1,1
T104247,2025-03-12,T9,Tram,13.6,26,12,Wednesday,3,16,0,9.9,Rain,70.0,86.0,0,7.3,1,0,1
T105832,2025-10-28,M1,Metro,21.0,19,4,Tuesday,10,19,0,6.8,Rain,75.0,106.0,0,3.7,1,0,0
T100827,2025-11-24,B12,Bus,14.5,32,10,Monday,11,18,0,11.6,Clear,65.0,64.0,0,10.4,1,0,1
T105350,2025-03-24,M1,Metro,21.0,19,4,Monday,3,9,0,9.1,Clear,81.0,84.0,0,2.8,1,0,0
T100524,2025-04-27,B61,Bus,7.4,18,8,Sunday,4,17,0,12.7,Clear,66.0,95.0,0,8.3,1,1,1
T101265,2025-01-14,M1,Metro,21.0,19,4,Tuesday,1,19,0,0.7,Clear,63.0,81.0,0,0.5,1,0,0
T102069,2025-06-03,B27,Bus,9.2,24,12,Tuesday,6,9,0,20.1,Clear,70.0,94.0,0,30.199999999999996,1,0,1
T100405,2025-07-02,R4,Train,35.5,9,30,Wednesday,7,16,0,26.1,Rain,69.0,81.0,0,6.0,1,0,1
T104353,2025-05-31,B45,Bus,18.0,38,15,Saturday,5,15,0,21.8,Clear,38.0,58.0,0,-1.4,0,1,0
T105898,2025-08-26,M3,Metro,12.2,12,6,Tuesday,8,7,0,22.6,Clear,73.0,101.0,0,1.2,1,0,0
T102436,2025-08-22,B45,Bus,18.0,38,15,Friday,8,9,0,20.8,Rain,72.0,81.0,0,8.6,1,0,1
T103766,2025-09-05,T3,Tram,11.0,22,8,Friday,9,17,0,14.7,Clear,59.0,66.0,0,2.9,1,0,0
T104281,2025-11-23,M1,Metro,21.0,19,4,Sunday,11,20,0,13.3,Fog,16.0,27.0,0,-3.0,0,1,0
T104569,2025-03-16,B45,Bus,18.0,38,15,Sunday,3,21,0,14.0,Rain,12.0,37.0,0,4.6,0,1,0
T102900,2025-07-05,B27,Bus,9.2,24,12,Saturday,7,7,0,30.1,Clear,38.0,64.0,0,8.0,1,1,1
T104908,2025-10-19,R4,Train,35.5,9,30,Sunday,10,15,0,11.9,Clear,30.0,16.0,0,-3.0,0,1,0
T102388,2025-12-15,R1,Train,42.0,11,20,Monday,12,17,0,7.6,Rain,63.0,67.0,0,3.4,1,0,0
T105262,2025-08-03,M2,Metro,16.5,15,5,Sunday,8,20,0,19.5,Clear,25.0,67.0,0,-3.0,0,1,0
T105593,2025-08-17,T9,Tram,13.6,26,12,Sunday,8,21,0,25.2,Clear,17.0,5.0,0,-3.0,0,1,0
T104460,2025-02-07,R4,Train,35.5,9,30,Friday,2,12,0,-5.8,Clear,31.0,47.0,0,-3.0,0,0,0
T104960,2025-05-20,M3,Metro,12.2,12,6,Tuesday,5,18,0,18.7,Rain,69.0,103.0,0,3.9,1,0,0
T103901,2025-12-14,B45,Bus,18.0,38,15,Sunday,12,19,0,0.1,Snow,56.0,72.0,0,10.5,1,1,1
T101858,2025-07-11,B27,Bus,9.2,24,12,Friday,7,12,0,25.0,Clear,56.0,52.0,0,-1.1,0,0,0
T103008,2025-08-18,B12,Bus,14.5,32,10,Monday,8,14,0,27.5,Rain,40.0,54.0,0,0.0,0,0,0
T105582,2025-09-16,B27,Bus,9.2,24,12,Tuesday,9,7,0,20.9,Clear,76.0,80.0,0,7.6,1,0,1
T101350,2025-01-23,M3,Metro,12.2,12,6,Thursday,1,7,0,14.7,Snow,80.0,77.0,0,5.4,1,0,1
T104425,2025-11-15,R4,Train,35.5,9,30,Saturday,11,14,0,13.0,Clear,31.0,47.0,0,-3.0,0,1,0
T100512,2025-11-03,B27,Bus,9.2,24,12,Monday,11,18,0,11.9,Storm,79.0,65.0,0,11.3,1,0,1
T100662,2025-01-13,T7,Tram,8.3,17,10,Monday,1,9,0,1.9,Snow,60.0,39.0,1,20.2,1,0,1
T104441,2025-05-10,B27,Bus,9.2,24,12,Saturday,5,9,0,16.9,Rain,40.0,62.0,0,4.8,1,1,0
T101603,2025-04-26,B45,Bus,18.0,38,15,Saturday,4,15,0,21.5,Clear,23.0,48.0,0,1.7,0,1,0
T104928,2025-03-08,B61,Bus,7.4,18,8,Saturday,3,19,0,8.6,Rain,65.0,66.0,0,7.3,1,1,1
T104779,2025-01-27,R4,Train,35.5,9,30,Monday,1,22,0,3.0,Clear,37.0,46.0,0,-3.0,0,0,0
T101676,2025-02-24,M3,Metro,12.2,12,6,Monday,2,18,0,14.7,Clear,66.0,64.0,0,3.0,1,0,0
T104641,2025-01-12,B27,Bus,9.2,24,12,Sunday,1,5,0,-5.5,Rain,19.0,38.0,0,0.4,0,1,0
T105963,2025-04-12,T9,Tram,13.6,26,12,Saturday,4,18,0,17.2,Clear,56.0,64.0,0,5.8,1,1,1
T104868,2025-12-03,T3,Tram,11.0,22,8,Wednesday,12,22,0,2.7,Rain,40.0,47.0,0,0.0,0,0,0
T100066,2025-11-27,T3,Tram,11.0,22,8,Thursday,11,22,0,12.7,Clear,28.0,41.0,0,-3.0,0,0,0
T101950,2025-12-01,M1,Metro,21.0,19,4,Monday,12,6,0,-0.4,Clear,13.0,57.0,0,-3.0,0,0,0
T105158,2025-02-20,M2,Metro,16.5,15,5,Thursday,2,19,0,8.0,Clear,88.0,65.0,0,5.9,1,0,1
T102420,2025-04-05,M3,Metro,12.2,12,6,Saturday,4,7,0,15.0,Clear,62.0,70.0,0,-2.1,1,1,0
T102691,2025-08-10,R4,Train,35.5,9,30,Sunday,8,18,0,22.9,Clear,68.0,67.0,1,18.1,1,1,1
T104330,2025-03-09,B61,Bus,7.4,18,8,Sunday,3,17,0,9.8,Rain,48.0,74.0,0,5.6,1,1,1
T103355,2025-06-11,B27,Bus,9.2,24,12,Wednesday,6,9,1,32.7,Storm,66.0,87.0,0,12.1,1,0,1
T100645,2025-04-30,M2,Metro,16.5,15,5,Wednesday,4,7,0,17.7,Clear,69.0,82.0,0,-0.3,1,0,0
T102347,2025-10-02,B61,Bus,7.4,18,8,Thursday,10,16,0,14.1,Rain,70.0,84.0,0,6.7,1,0,1
T101666,2025-10-02,T9,Tram,13.6,26,12,Thursday,10,22,0,16.3,Clear,46.0,57.0,0,-3.0,0,0,0
T101138,2025-09-29,B45,Bus,18.0,38,15,Monday,9,11,0,18.9,Clear,26.0,70.0,0,-1.5,0,0,0
T100541,2025-01-21,R4,Train,35.5,9,30,Tuesday,1,19,0,14.3,Snow,58.0,90.0,0,11.9,1,0,1
T101313,2025-11-08,B27,Bus,9.2,24,12,Saturday,11,9,0,6.3,Clear,61.0,61.0,0,8.5,1,1,1
T105954,2025-09-06,T3,Tram,11.0,22,8,Saturday,9,17,0,28.2,Rain,40.0,56.0,0,2.9,1,1,0
T104296,2025-06-12,M1,Metro,21.0,19,4,Thursday,6,10,0,36.8,Clear,67.0,34.0,1,10.4,0,0,1
T101963,2025-10-26,T7,Tram,8.3,17,10,Sunday,10,8,0,16.1,Rain,57.0,78.0,0,7.5,1,1,1
T105391,2025-03-02,B61,Bus,7.4,18,8,Sunday,3,21,0,6.8,Clear,14.0,22.0,0,-2.6,0,1,0
T102361,2025-10-02,M2,Metro,16.5,15,5,Thursday,10,21,0,19.2,Clear,33.0,51.0,1,7.4,0,0,1
T100306,2025-04-21,M3,Metro,12.2,12,6,Monday,4,21,0,15.0,Rain,52.0,34.0,0,-3.0,0,0,0
T105658,2025-07-10,T9,Tram,13.6,26,12,Thursday,7,7,0,23.2,Clear,66.0,101.0,0,8.7,1,0,1
T105404,2025-01-10,R1,Train,42.0,11,20,Friday,1,11,0,8.0,Fog,19.0,49.0,0,-2.5,0,0,0
T100129,2025-08-20,T3,Tram,11.0,22,8,Wednesday,8,9,0,27.4,Clear,61.0,92.0,0,3.0,1,0,0
T100395,2025-11-16,B27,Bus,9.2,24,12,Sunday,11,6,0,12.5,Clear,12.0,43.0,0,-3.0,0,1,0
T105924,2025-11-29,R4,Train,35.5,9,30,Saturday,11,19,0,14.3,Clear,41.0,54.0,0,2.3,1,1,0
T101929,2025-12-14,T3,Tram,11.0,22,8,Sunday,12,11,0,3.5,Clear,7.0,8.0,0,-3.0,0,1,0
T104422,2025-10-06,R1,Train,42.0,11,20,Monday,10,17,0,15.9,Fog,77.0,52.0,0,4.4,1,0,0
T104287,2025-10-22,R4,Train,35.5,9,30,Wednesday,10,6,0,7.6,Clear,31.0,42.0,0,-2.9,0,0,0
T100722,2025-11-05,B45,Bus,18.0,38,15,Wednesday,11,9,0,4.8,Clear,77.0,96.0,0,8.7,1,0,1
T103221,2025-04-03,R1,Train,42.0,11,20,Thursday,4,19,0,14.3,Clear,69.0,73.0,0,2.8,1,0,0
T103763,2025-08-21,M1,Metro,21.0,19,4,Thursday,8,8,0,24.0,Rain,57.0,85.0,0,6.0,1,0,1
T100307,2025-07-22,B27,Bus,9.2,24,12,Tuesday,7,8,0,25.1,Clear,80.0,57.0,0,6.2,1,0,1
T105160,2025-05-20,T7,Tram,8.3,17,10,Tuesday,5,18,0,28.0,Rain,86.0,71.0,0,7.4,1,0,1
T105493,2025-03-17,B45,Bus,18.0,38,15,Monday,3,9,0,3.6,Storm,70.0,59.0,0,14.6,1,0,1
T104591,2025-01-15,M1,Metro,21.0,19,4,Wednesday,1,21,0,0.9,Fog,40.0,39.0,0,-2.9,0,0,0
T103080,2025-06-10,R4,Train,35.5,9,30,Tuesday,6,19,0,20.3,Clear,60.0,77.0,0,1.1,1,0,0
T100384,2025-01-12,B45,Bus,18.0,38,15,Sunday,1,17,0,0.2,Rain,49.0,41.0,0,7.8,1,1,1
T102558,2025-01-12,M1,Metro,21.0,19,4,Sunday,1,9,0,5.1,Storm,50.0,52.0,0,6.1,1,1,1
T102700,2025-11-18,T9,Tram,13.6,26,12,Tuesday,11,8,0,12.0,Clear,73.0,71.0,0,2.7,1,0,0
T100582,2025-02-08,M1,Metro,21.0,19,4,Saturday,2,21,0,3.2,Clear,29.0,31.0,0,-3.0,0,1,0
T104493,2025-04-06,T9,Tram,13.6,26,12,Sunday,4,17,0,20.6,Clear,64.0,39.0,1,16.4,1,1,1
T105992,2025-10-29,M3,Metro,12.2,12,6,Wednesday,10,8,0,11.3,Clear,85.0,70.0,0,0.4,1,0,0
T102580,2025-05-21,B45,Bus,18.0,38,15,Wednesday,5,14,0,14.1,Clear,34.0,44.0,0,-0.9,0,0,0
T102810,2025-07-07,R1,Train,42.0,11,20,Monday,7,5,0,24.4,Rain,38.0,22.0,0,-2.9,0,0,0
T100161,2025-08-31,B45,Bus,18.0,38,15,Sunday,8,11,0,27.7,Clear,1.0,34.0,0,-3.0,0,1,0
T101334,2025-07-14,T3,Tram,11.0,22,8,Monday,7,17,0,28.3,Rain,56.0,93.0,0,4.2,1,0,0
T105199,2025-12-13,T7,Tram,8.3,17,10,Saturday,12,18,0,-3.4,Rain,57.0,60.0,0,3.0,1,1,0
T100936,2025-02-27,T7,Tram,8.3,17,10,Thursday,2,7,0,3.8,Rain,60.0,82.0,0,4.3,1,0,0
T105135,2025-02-06,B27,Bus,9.2,24,12,Thursday,2,13,0,6.0,Rain,58.0,36.0,0,0.2,0,0,0
T101366,2025-04-21,M2,Metro,16.5,15,5,Monday,4,19,0,18.9,Clear,71.0,62.0,0,-1.2,1,0,0
T105886,2025-12-28,T3,Tram,11.0,22,8,Sunday,12,15,0,7.7,Clear,19.0,37.0,0,-3.0,0,1,0
T103121,2025-12-31,R4,Train,35.5,9,30,Wednesday,12,18,0,6.9,Clear,69.0,95.0,0,3.1,1,0,0
T104022,2025-07-17,M1,Metro,21.0,19,4,Thursday,7,9,0,25.7,Rain,97.0,68.0,0,4.8,1,0,0
T105370,2025-10-14,M3,Metro,12.2,12,6,Tuesday,10,9,0,7.6,Clear,88.0,86.0,0,0.1,1,0,0
T104755,2025-08-08,M2,Metro,16.5,15,5,Friday,8,19,0,33.1,Clear,78.0,72.0,0,5.2,1,0,1
T101949,2025-04-28,B12,Bus,14.5,32,10,Monday,4,14,0,14.1,Storm,50.0,38.0,0,5.3,0,0,1
T104665,2025-10-29,B45,Bus,18.0,38,15,Wednesday,10,8,0,17.3,Rain,64.0,87.0,0,12.5,1,0,1
T103873,2025-06-23,T3,Tram,11.0,22,8,Monday,6,18,0,23.4,Rain,82.0,87.0,0,5.1,1,0,1
T101159,2025-05-05,B12,Bus,14.5,32,10,Monday,5,16,0,20.8,Clear,76.0,57.0,0,7.0,1,0,1
T103989,2025-06-23,M1,Metro,21.0,19,4,Monday,6,9,0,24.4,Clear,53.0,67.0,0,6.6,1,0,1
T101591,2025-05-07,M1,Metro,21.0,19,4,Wednesday,5,17,0,21.9,Clear,80.0,78.0,0,-0.2,1,0,0
T102701,2025-10-18,B45,Bus,18.0,38,15,Saturday,10,5,0,14.3,Clear,9.0,27.0,0,-3.0,0,1,0
T102744,2025-03-14,T3,Tram,11.0,22,8,Friday,3,19,0,14.4,Clear,57.0,114.0,0,11.2,1,0,1
T101880,2025-05-21,T3,Tram,11.0,22,8,Wednesday,5,8,0,13.9,Clear,46.0,73.0,0,0.7,1,0,0
T103636,2025-07-17,R4,Train,35.5,9,30,Thursday,7,20,0,28.2,Clear,39.0,68.0,0,-1.6,0,0,0
T102529,2025-07-30,M2,Metro,16.5,15,5,Wednesday,7,8,0,29.0,Rain,61.0,53.0,0,-0.0,1,0,0
T102081,2025-02-03,T7,Tram,8.3,17,10,Monday,2,22,0,-1.5,Snow,25.0,31.0,0,-1.0,0,0,0
T103182,2025-09-30,R1,Train,42.0,11,20,Tuesday,9,17,0,23.5,Clear,67.0,81.0,0,30.199999999999996,1,0,1
T104143,2025-06-13,T3,Tram,11.0,22,8,Friday,6,17,0,22.6,Clear,87.0,55.0,0,3.7,1,0,0
T104125,2025-07-03,B61,Bus,7.4,18,8,Thursday,7,18,0,27.6,Rain,45.0,67.0,0,4.9,1,0,0
T103225,2025-10-09,M2,Metro,16.5,15,5,Thursday,10,7,0,18.0,Fog,75.0,96.0,0,4.0,1,0,0
T104597,2025-01-02,B61,Bus,7.4,18,8,Thursday,1,9,0,-3.2,Storm,61.0,88.0,0,11.2,1,0,1
T101846,2025-05-27,B61,Bus,7.4,18,8,Tuesday,5,10,0,19.4,Clear,28.0,26.0,0,-3.0,0,0,0
T105880,2025-02-26,B45,Bus,18.0,38,15,Wednesday,2,21,0,11.9,Storm,27.0,64.0,1,17.7,0,0,1
T105281,2025-09-19,T3,Tram,11.0,22,8,Friday,9,18,0,18.5,Clear,75.0,74.0,0,4.4,1,0,0
T101268,2025-12-14,T7,Tram,8.3,17,10,Sunday,12,17,0,5.3,Rain,51.0,48.0,0,3.4,1,1,0
T103230,2025-11-03,T9,Tram,13.6,26,12,Monday,11,8,0,1.4,Snow,74.0,89.0,0,8.3,1,0,1
T104528,2025-06-11,R1,Train,42.0,11,20,Wednesday,6,9,0,22.1,Fog,68.0,82.0,1,17.6,1,0,1
T102301,2025-02-22,B45,Bus,18.0,38,15,Saturday,2,18,0,6.1,Storm,66.0,54.0,0,12.6,1,1,1
T100996,2025-07-12,T3,Tram,11.0,22,8,Saturday,7,13,0,25.9,Storm,28.0,56.0,0,1.4,0,1,0
T100044,2025-01-25,M1,Metro,21.0,19,4,Saturday,1,22,0,7.7,Clear,18.0,12.0,0,-3.0,0,1,0
T105452,2025-11-04,M3,Metro,12.2,12,6,Tuesday,11,19,0,9.5,Snow,87.0,89.0,0,5.2,1,0,1
T102739,2025-05-06,T7,Tram,8.3,17,10,Tuesday,5,9,0,20.1,Clear,82.0,65.0,0,2.5,1,0,0
T104462,2025-08-03,B12,Bus,14.5,32,10,Sunday,8,17,0,28.0,Fog,59.0,63.0,0,6.5,1,1,1
T105172,2025-11-13,B45,Bus,18.0,38,15,Thursday,11,20,0,10.1,Clear,26.0,30.0,0,-3.0,0,0,0
T105174,2025-03-16,B12,Bus,14.5,32,10,Sunday,3,19,0,10.5,Clear,38.0,95.0,0,5.3,1,1,1
T103838,2025-12-17,B27,Bus,9.2,24,12,Wednesday,12,10,0,12.0,Rain,41.0,42.0,0,3.7,0,0,0
T100260,2025-10-17,B27,Bus,9.2,24,12,Friday,10,12,0,8.8,Rain,5.0,38.0,0,1.5,0,0,0
T102860,2025-03-12,R4,Train,35.5,9,30,Wednesday,3,16,0,7.8,Clear,62.0,67.0,0,2.8,1,0,0
T102783,2025-11-02,M3,Metro,12.2,12,6,Sunday,11,19,0,8.8,Clear,47.0,68.0,0,2.0,1,1,0
T103096,2025-03-05,B27,Bus,9.2,24,12,Wednesday,3,20,0,6.6,Clear,37.0,54.0,0,0.4,0,0,0
T104652,2025-05-01,R4,Train,35.5,9,30,Thursday,5,8,0,21.7,Clear,68.0,80.0,0,4.3,1,0,0
T102623,2025-12-04,M3,Metro,12.2,12,6,Thursday,12,18,0,-0.3,Clear,71.0,91.0,0,-0.5,1,0,0
T104668,2025-09-26,T3,Tram,11.0,22,8,Friday,9,18,0,13.850000000000001,Clear,49.0,69.0,0,2.5,1,0,0
T105972,2025-07-01,T9,Tram,13.6,26,12,Tuesday,7,10,0,22.6,Fog,46.0,49.0,0,-1.6,0,0,0
T103326,2025-02-28,B27,Bus,9.2,24,12,Friday,2,17,0,8.4,Clear,60.0,64.0,0,13.7,1,0,1
T100599,2025-08-23,B12,Bus,14.5,32,10,Saturday,8,8,0,23.8,Clear,33.0,49.0,1,18.1,1,1,1
T105717,2025-09-30,T9,Tram,13.6,26,12,Tuesday,9,6,0,20.9,Fog,38.0,66.0,0,-2.0,0,0,0
T100419,2025-07-04,B27,Bus,9.2,24,12,Friday,7,18,0,31.5,Storm,80.0,69.0,0,16.6,1,0,1
T102136,2025-07-18,M3,Metro,12.2,12,6,Friday,7,10,1,26.3,Clear,58.0,42.0,0,-3.0,0,0,0
T105398,2025-12-08,M1,Metro,21.0,19,4,Monday,12,8,0,-4.0,Clear,77.0,83.0,0,-0.3,1,0,0
T101246,2025-11-10,B27,Bus,9.2,24,12,Monday,11,15,1,10.4,Rain,58.0,59.0,0,0.2,0,0,0
T101232,2025-12-21,T7,Tram,8.3,17,10,Sunday,12,7,0,7.6,Clear,71.0,67.0,0,5.1,1,1,1
T105544,2025-03-21,R1,Train,42.0,11,20,Friday,3,16,0,5.4,Storm,57.0,63.0,0,8.4,1,0,1
T102266,2025-09-07,B27,Bus,9.2,24,12,Sunday,9,17,0,21.9,Clear,43.0,78.0,0,4.6,1,1,0
T102204,2025-06-15,T7,Tram,8.3,17,10,Sunday,6,19,0,26.6,Fog,60.0,77.0,0,5.6,1,1,1
T101812,2025-09-03,B27,Bus,9.2,24,12,Wednesday,9,20,0,13.6,Clear,7.0,38.0,0,-2.8,0,0,0
T105562,2025-10-15,R1,Train,42.0,11,20,Wednesday,10,18,0,12.7,Clear,92.0,77.0,0,4.0,1,0,0
T100275,2025-06-26,B12,Bus,14.5,32,10,Thursday,6,9,0,29.6,Fog,70.0,74.0,0,9.1,1,0,1
T100705,2025-07-26,B12,Bus,14.5,32,10,Saturday,7,21,0,29.3,Rain,23.0,66.0,0,-2.5,0,1,0
T103842,2025-07-24,M1,Metro,21.0,19,4,Thursday,7,16,0,28.1,Rain,63.0,58.0,0,0.4,1,0,0
T104549,2025-11-14,T3,Tram,11.0,22,8,Friday,11,7,0,5.1,Clear,58.0,84.0,0,5.4,1,0,1
T100113,2025-06-17,M1,Metro,21.0,19,4,Tuesday,6,19,0,31.3,Clear,66.0,76.0,0,-1.4,1,0,0
T104167,2025-03-08,B12,Bus,14.5,32,10,Saturday,3,21,0,9.6,Rain,35.0,34.0,0,-1.0,0,1,0
T104013,2025-06-28,M3,Metro,12.2,12,6,Saturday,6,19,0,20.4,Clear,48.0,66.0,0,1.6,1,1,0
T102130,2025-09-20,B27,Bus,9.2,24,12,Saturday,9,5,0,19.7,Clear,20.0,34.0,0,-2.3,0,1,0
T103228,2025-09-27,M3,Metro,12.2,12,6,Saturday,9,22,1,13.1,Clear,20.0,33.0,0,-3.0,0,1,0
T102926,2025-08-14,B45,Bus,18.0,38,15,Thursday,8,7,0,26.7,Clear,72.0,100.0,1,22.0,1,0,1
T100141,2025-03-20,B12,Bus,14.5,32,10,Thursday,3,17,0,15.0,Clear,79.0,71.0,0,9.6,1,0,1
T105014,2025-08-29,T7,Tram,8.3,17,10,Friday,8,5,0,23.4,Rain,36.0,42.0,0,-3.0,0,0,0
T104547,2025-11-04,R1,Train,42.0,11,20,Tuesday,11,19,0,14.3,Clear,77.0,65.0,0,2.4,1,0,0
T104579,2025-04-17,M1,Metro,21.0,19,4,Thursday,4,9,0,16.3,Clear,65.0,79.0,0,2.1,1,0,0
T105610,2025-04-12,T3,Tram,11.0,22,8,Saturday,4,9,0,10.3,Clear,56.0,36.0,0,10.1,1,1,1
T101565,2025-06-15,R4,Train,35.5,9,30,Sunday,6,13,0,30.0,Fog,25.0,30.0,0,-3.0,0,1,0
T103765,2025-05-30,M1,Metro,21.0,19,4,Friday,5,16,0,19.8,Clear,69.0,75.0,0,0.1,1,0,0
T104835,2025-07-12,R4,Train,35.5,9,30,Saturday,7,18,0,18.9,Clear,56.0,53.0,0,2.1,1,1,0
T103988,2025-06-01,M1,Metro,21.0,19,4,Sunday,6,19,0,26.1,Rain,58.0,67.0,0,1.0,1,1,0
T102412,2025-12-06,B45,Bus,18.0,38,15,Saturday,12,14,0,7.4,Fog,0.0,5.0,0,-0.4,0,1,0
T101653,2025-08-06,B61,Bus,7.4,18,8,Wednesday,8,19,0,21.8,Clear,75.0,74.0,0,6.5,1,0,1
T103531,2025-01-27,B61,Bus,7.4,18,8,Monday,1,22,0,7.5,Rain,31.0,35.0,0,4.9,0,0,0
T100104,2025-10-18,M3,Metro,12.2,12,6,Saturday,10,8,0,14.7,Rain,64.0,42.0,0,4.0,1,1,0
T104052,2025-10-07,M3,Metro,12.2,12,6,Tuesday,10,5,0,13.2,Fog,42.0,45.0,0,-1.7,0,0,0
T101857,2025-08-02,B27,Bus,9.2,24,12,Saturday,8,7,0,15.6,Rain,71.0,68.0,0,10.7,1,1,1
T105885,2025-10-25,B27,Bus,9.2,24,12,Saturday,10,17,0,11.8,Clear,54.0,70.0,0,5.5,1,1,1
T105944,2025-04-03,M2,Metro,16.5,15,5,Thursday,4,17,0,10.0,Clear,80.0,102.0,0,2.7,1,0,0
T102329,2025-02-23,M1,Metro,21.0,19,4,Sunday,2,6,0,-2.0,Rain,36.0,30.0,0,-3.0,0,1,0
T103976,2025-08-24,B45,Bus,18.0,38,15,Sunday,8,15,0,22.9,Clear,56.0,57.0,0,-2.1,0,1,0
T103889,2025-10-28,T9,Tram,13.6,26,12,Tuesday,10,21,0,9.7,Rain,37.0,36.0,0,2.4,0,0,0
T102709,2025-11-16,R1,Train,42.0,11,20,Sunday,11,18,0,3.8,Clear,57.0,57.0,0,0.8,1,1,0
T104337,2025-04-30,B27,Bus,9.2,24,12,Wednesday,4,18,0,11.1,Storm,87.0,61.0,0,12.9,1,0,1
T102478,2025-01-29,M1,Metro,21.0,19,4,Wednesday,1,9,0,0.2,Storm,92.0,67.0,0,6.9,1,0,1
T102862,2025-11-01,M3,Metro,12.2,12,6,Saturday,11,20,0,8.5,Clear,38.0,7.0,1,8.8,0,1,1
T105665,2025-06-18,B61,Bus,7.4,18,8,Wednesday,6,14,0,32.4,Clear,34.0,54.0,0,-1.7,0,0,0
T104192,2025-09-28,B12,Bus,14.5,32,10,Sunday,9,9,1,13.1,Clear,42.0,78.0,0,1.4,1,1,0
T102515,2025-10-27,T7,Tram,8.3,17,10,Monday,10,6,0,15.4,Rain,18.0,41.0,0,-3.0,0,0,0
T103564,2025-10-13,R4,Train,35.5,9,30,Monday,10,16,0,17.0,Rain,61.0,97.0,0,7.0,1,0,1
T105286,2025-04-15,B12,Bus,14.5,32,10,Tuesday,4,5,0,15.4,Clear,32.0,42.0,0,1.0,0,0,0
T100084,2025-08-18,M2,Metro,16.5,15,5,Monday,8,16,0,20.1,Rain,79.0,88.0,0,1.9,1,0,0
T101718,2025-05-31,T7,Tram,8.3,17,10,Saturday,5,12,0,24.7,Clear,23.0,21.0,0,-0.3,0,1,0
T104105,2025-06-15,T9,Tram,13.6,26,12,Sunday,6,19,0,17.8,Clear,35.0,30.0,0,1.8,1,1,0
T102652,2025-12-27,B61,Bus,7.4,18,8,Saturday,12,6,0,4.4,Rain,20.0,23.0,0,-0.9,0,1,0
T104974,2025-10-20,M3,Metro,12.2,12,6,Monday,10,11,0,13.5,Clear,32.0,57.0,0,-3.0,0,0,0
T101339,2025-05-29,T9,Tram,13.6,26,12,Thursday,5,10,0,18.1,Clear,36.0,59.0,0,-3.0,0,0,0
T104869,2025-09-12,M2,Metro,16.5,15,5,Friday,9,10,0,18.6,Rain,43.0,48.0,0,-1.5,0,0,0
T105481,2025-02-03,M2,Metro,16.5,15,5,Monday,2,8,0,14.7,Storm,71.0,104.0,0,10.7,1,0,1
T103895,2025-12-06,M3,Metro,12.2,12,6,Saturday,12,11,0,11.9,Clear,19.0,19.0,0,-3.0,0,1,0
T101408,2025-01-01,T9,Tram,13.6,26,12,Wednesday,1,18,0,7.7,Rain,51.0,83.0,0,7.4,1,0,1
T105688,2025-10-04,B27,Bus,9.2,24,12,Saturday,10,22,0,10.4,Clear,40.0,32.0,0,-0.0,0,1,0
T101372,2025-06-14,M1,Metro,21.0,19,4,Saturday,6,22,0,15.3,Clear,26.0,29.0,1,7.4,0,1,1
T103844,2025-12-03,M2,Metro,16.5,15,5,Wednesday,12,16,0,6.0,Clear,90.0,68.0,0,-0.2,1,0,0
T103994,2025-07-06,R4,Train,35.5,9,30,Sunday,7,18,0,29.5,Clear,63.0,102.0,0,3.4,1,1,0
T104184,2025-01-21,R1,Train,42.0,11,20,Tuesday,1,9,0,0.1,Fog,87.0,77.0,0,7.3,1,0,1
T100090,2025-06-08,B45,Bus,18.0,38,15,Sunday,6,7,0,23.0,Clear,64.0,74.0,0,5.8,1,1,1
T104376,2025-04-26,T7,Tram,8.3,17,10,Saturday,4,13,0,7.8,Clear,19.0,33.0,0,-3.0,0,1,0
T103055,2025-06-24,M2,Metro,16.5,15,5,Tuesday,6,6,0,25.2,Clear,46.0,22.0,0,-3.0,0,0,0
T101906,2025-04-19,M3,Metro,12.2,12,6,Saturday,4,16,0,17.3,Rain,39.0,61.0,0,2.6,1,1,0
T102699,2025-02-13,M3,Metro,12.2,12,6,Thursday,2,18,0,6.9,Rain,58.0,68.0,0,2.2,1,0,0
T105580,2025-07-16,M3,Metro,12.2,12,6,Wednesday,7,19,1,18.7,Rain,54.0,72.0,0,1.7,1,0,0
T101823,2025-11-16,T7,Tram,8.3,17,10,Sunday,11,9,0,5.3,Clear,55.0,85.0,0,3.7,1,1,0
T105420,2025-10-20,T9,Tram,13.6,26,12,Monday,10,8,0,16.9,Rain,81.0,95.0,0,6.8,1,0,1
T103417,2025-11-16,B45,Bus,18.0,38,15,Sunday,11,16,0,-1.1,Clear,51.0,48.0,0,4.5,1,1,0
T101426,2025-09-03,T9,Tram,13.6,26,12,Wednesday,9,16,0,13.0,Rain,73.0,82.0,0,7.1,1,0,1
T103412,2025-03-23,M3,Metro,12.2,12,6,Sunday,3,9,0,9.0,Rain,31.0,54.0,0,-0.3,1,1,0
T105088,2025-02-20,B12,Bus,14.5,32,10,Thursday,2,8,0,4.7,Clear,54.0,80.0,0,5.2,1,0,1
T104461,2025-05-04,M3,Metro,12.2,12,6,Sunday,5,8,0,20.8,Rain,58.0,81.0,0,4.7,1,1,0
T102071,2025-08-25,T3,Tram,11.0,22,8,Monday,8,20,0,26.9,Rain,49.0,11.0,0,-1.9,0,0,0
T104772,2025-03-06,M1,Metro,21.0,19,4,Thursday,3,18,0,0.5,Rain,62.0,84.0,0,5.7,1,0,1
T102026,2025-08-13,T9,Tram,13.6,26,12,Wednesday,8,9,0,15.9,Clear,60.0,84.0,1,19.2,1,0,1
T100998,2025-12-18,T3,Tram,11.0,22,8,Thursday,12,17,0,-0.0,Clear,88.0,77.0,0,4.8,1,0,0
T105285,2025-07-29,M3,Metro,12.2,12,6,Tuesday,7,17,0,22.4,Rain,74.0,93.0,1,14.9,1,0,1
T102358,2025-08-17,M2,Metro,16.5,15,5,Sunday,8,7,0,27.9,Clear,58.0,73.0,0,-0.2,1,1,0
T103108,2025-11-25,T3,Tram,11.0,22,8,Tuesday,11,9,0,7.8,Rain,50.0,81.0,0,2.9,1,0,0
T103425,2025-12-24,M1,Metro,21.0,19,4,Wednesday,12,13,0,7.0,Fog,28.0,46.0,0,-2.3,0,0,0
T101759,2025-08-01,T7,Tram,8.3,17,10,Friday,8,19,0,25.0,Clear,72.0,73.0,0,7.4,1,0,1
T103451,2025-01-21,T3,Tram,11.0,22,8,Tuesday,1,19,0,-2.4,Rain,78.0,56.0,0,7.5,1,0,1
T102288,2025-12-08,T9,Tram,13.6,26,12,Monday,12,18,0,-0.6,Snow,66.0,93.0,0,9.8,1,0,1
T102714,2025-07-04,T9,Tram,13.6,26,12,Friday,7,8,0,22.3,Clear,59.0,69.0,0,1.8,1,0,0
T101342,2025-02-13,R1,Train,42.0,11,20,Thursday,2,19,0,11.3,Rain,74.0,69.0,0,5.7,1,0,1
T104190,2025-06-06,B12,Bus,14.5,32,10,Friday,6,6,0,22.3,Storm,43.0,31.0,0,2.7,0,0,0
T105382,2025-05-22,B27,Bus,9.2,24,12,Thursday,5,11,0,14.4,Clear,30.0,29.0,0,-1.1,0,0,0
T102146,2025-03-06,R4,Train,35.5,9,30,Thursday,3,19,0,-2.9,Clear,62.0,91.0,0,2.3,1,0,0
T100167,2025-03-02,M3,Metro,12.2,12,6,Sunday,3,18,0,12.1,Fog,48.0,43.0,0,1.6,1,1,0
T100496,2025-02-13,M1,Metro,21.0,19,4,Thursday,2,16,0,7.2,Clear,92.0,74.0,0,5.1,1,0,1
T103161,2025-11-21,M2,Metro,16.5,15,5,Friday,11,19,0,9.3,Clear,61.0,89.0,0,0.3,1,0,0
T104810,2025-03-16,T3,Tram,11.0,22,8,Sunday,3,8,0,1.4,Clear,46.0,78.0,1,18.3,1,1,1
T105635,2025-08-06,B45,Bus,18.0,38,15,Wednesday,8,9,0,16.4,Rain,68.0,84.0,0,9.5,1,0,1
T104427,2025-06-26,R1,Train,42.0,11,20,Thursday,6,22,0,31.2,Clear,40.0,50.0,0,-3.0,0,0,0
T100219,2025-11-26,R4,Train,35.5,9,30,Wednesday,11,7,0,10.9,Clear,80.0,82.0,0,4.8,1,0,0
T102481,2025-11-11,M3,Metro,12.2,12,6,Tuesday,11,7,0,3.1,Clear,58.0,81.0,0,1.7,1,0,0
T105996,2025-11-08,B12,Bus,14.5,32,10,Saturday,11,19,0,21.2,Rain,48.0,47.0,0,9.6,1,1,1
T102534,2025-10-20,T7,Tram,8.3,17,10,Monday,10,21,0,6.8,Clear,44.0,42.0,0,-1.4,0,0,0
T103730,2025-09-21,R1,Train,42.0,11,20,Sunday,9,17,0,23.4,Clear,60.0,53.0,0,1.5,1,1,0
T101537,2025-02-10,M1,Metro,21.0,19,4,Monday,2,13,0,3.1,Fog,36.0,59.0,1,12.5,0,0,1
T104627,2025-03-07,M1,Metro,21.0,19,4,Friday,3,16,0,2.2,Rain,58.0,95.0,1,16.3,1,0,1
T100305,2025-02-21,T3,Tram,11.0,22,8,Friday,2,18,0,-0.1,Clear,68.0,73.0,0,1.6,1,0,0
T103843,2025-04-20,B27,Bus,9.2,24,12,Sunday,4,17,0,9.9,Clear,60.0,97.0,1,19.9,1,1,1
T100196,2025-05-06,M1,Metro,21.0,19,4,Tuesday,5,16,0,20.6,Storm,52.0,78.0,0,7.1,1,0,1
T105260,2025-12-29,B45,Bus,18.0,38,15,Monday,12,19,0,2.4,Fog,63.0,74.0,0,7.2,1,0,1
T105714,2025-12-16,M1,Metro,21.0,19,4,Tuesday,12,9,0,8.4,Rain,72.0,77.0,0,2.7,1,0,0
T101146,2025-07-13,R1,Train,42.0,11,20,Sunday,7,7,0,14.3,Clear,59.0,95.0,0,4.1,1,1,0
T104590,2025-09-11,R4,Train,35.5,9,30,Thursday,9,7,0,20.7,Clear,86.0,67.0,0,1.1,1,0,0
T100110,2025-04-12,R1,Train,42.0,11,20,Saturday,4,18,0,18.2,Rain,84.0,47.0,0,7.8,1,1,1
T105204,2025-07-10,B61,Bus,7.4,18,8,Thursday,7,9,0,28.8,Clear,76.0,71.0,0,6.6,1,0,1
T105365,2025-02-26,B45,Bus,18.0,38,15,Wednesday,2,12,0,4.4,Clear,37.0,33.0,0,0.5,0,0,0
T103554,2025-06-01,T7,Tram,8.3,17,10,Sunday,6,17,0,27.8,Rain,66.0,79.0,0,4.3,1,1,0
T104465,2025-02-04,T3,Tram,11.0,22,8,Tuesday,2,20,0,5.2,Clear,42.0,45.0,1,11.7,0,0,1
T104889,2025-06-25,R4,Train,35.5,9,30,Wednesday,6,17,0,26.8,Clear,78.0,84.0,0,1.8,1,0,0
T100926,2025-07-17,T3,Tram,11.0,22,8,Thursday,7,19,0,30.3,Fog,70.0,66.0,0,4.7,1,0,0
T101815,2025-02-10,R1,Train,42.0,11,20,Monday,2,17,0,4.4,Fog,39.0,92.0,0,8.9,1,0,1
T104492,2025-09-12,B12,Bus,14.5,32,10,Friday,9,17,0,17.4,Rain,77.0,86.0,0,9.7,1,0,1
T105274,2025-08-13,B27,Bus,9.2,24,12,Wednesday,8,17,0,28.7,Clear,99.0,82.0,0,10.4,1,0,1
T105311,2025-12-05,B45,Bus,18.0,38,15,Friday,12,18,0,2.2,Rain,82.0,83.0,0,9.8,1,0,1
T100797,2025-06-17,M2,Metro,16.5,15,5,Tuesday,6,7,0,24.2,Rain,65.0,102.0,0,2.1,1,0,0
T101298,2025-07-13,T7,Tram,8.3,17,10,Sunday,7,15,0,25.2,Clear,23.0,23.0,0,-3.0,0,1,0
T103259,2025-05-30,B61,Bus,7.4,18,8,Friday,5,16,0,24.3,Clear,70.0,76.0,0,10.0,1,0,1
T101062,2025-02-22,R4,Train,35.5,9,30,Saturday,2,16,0,7.4,Clear,61.0,53.0,0,11.2,1,1,1
T104514,2025-11-29,T3,Tram,11.0,22,8,Saturday,11,13,0,6.0,Clear,18.0,14.0,0,-3.0,0,1,0
T103280,2025-02-01,T9,Tram,13.6,26,12,Saturday,2,18,0,11.3,Rain,72.0,66.0,0,4.7,1,1,0
T104471,2025-11-16,M1,Metro,21.0,19,4,Sunday,11,6,0,3.3,Fog,10.0,41.0,1,13.7,0,1,1
T104566,2025-09-15,B45,Bus,18.0,38,15,Monday,9,8,0,15.7,Clear,64.0,83.0,0,7.6,1,0,1
T105637,2025-06-08,T3,Tram,11.0,22,8,Sunday,6,13,0,19.4,Clear,36.0,18.0,0,-3.0,0,1,0
T103320,2025-02-01,B61,Bus,7.4,18,8,Saturday,2,7,0,0.4,Clear,66.0,75.0,0,6.4,1,1,1
T103971,2025-12-05,B61,Bus,7.4,18,8,Friday,12,9,0,1.3,Rain,63.0,66.0,0,5.9,1,0,1
T103317,2025-05-26,T9,Tram,13.6,26,12,Monday,5,17,0,16.6,Clear,69.0,73.0,0,4.0,1,0,0
T101359,2025-05-14,B12,Bus,14.5,32,10,Wednesday,5,18,0,17.2,Clear,45.0,63.0,0,3.5,1,0,0
T101761,2025-05-30,M2,Metro,16.5,15,5,Friday,5,5,0,22.6,Clear,52.0,52.0,0,-3.0,0,0,0
T104894,2025-06-25,T3,Tram,11.0,22,8,Wednesday,6,11,0,23.2,Clear,47.0,45.0,0,-3.0,0,0,0
T102059,2025-05-28,R1,Train,42.0,11,20,Wednesday,5,13,0,21.0,Rain,55.0,32.0,0,-2.8,0,0,0
T102892,2025-05-13,M2,Metro,16.5,15,5,Tuesday,5,22,0,20.0,Clear,47.0,23.0,0,-3.0,0,0,0
T103734,2025-04-28,T3,Tram,11.0,22,8,Monday,4,9,0,16.3,Clear,73.0,76.0,0,4.3,1,0,0
T103557,2025-05-07,B61,Bus,7.4,18,8,Wednesday,5,14,0,14.5,Clear,19.0,30.0,0,-2.5,0,0,0
T101486,2025-03-01,M3,Metro,12.2,12,6,Saturday,3,17,0,10.6,Fog,57.0,44.0,1,14.3,1,1,1
T104634,2025-02-06,B12,Bus,14.5,32,10,Thursday,2,7,0,3.5,Rain,72.0,63.0,0,7.3,1,0,1
T105079,2025-07-06,B12,Bus,14.5,32,10,Sunday,7,18,0,24.5,Clear,46.0,68.0,0,5.1,1,1,1
T103779,2025-06-12,R4,Train,35.5,9,30,Thursday,6,19,0,23.7,Clear,74.0,88.0,0,4.9,1,0,0
T104576,2025-01-31,R1,Train,42.0,11,20,Friday,1,8,0,8.4,Clear,89.0,89.0,1,17.4,1,0,1
T105575,2025-07-16,M3,Metro,12.2,12,6,Wednesday,7,19,0,33.6,Clear,75.0,56.0,0,-0.6,1,0,0
T104319,2025-01-16,B61,Bus,7.4,18,8,Thursday,1,19,0,8.6,Rain,94.0,80.0,0,9.2,1,0,1
T100672,2025-08-21,T3,Tram,11.0,22,8,Thursday,8,9,0,22.9,Clear,63.0,70.0,0,3.2,1,0,0
T104071,2025-10-13,B45,Bus,18.0,38,15,Monday,10,18,0,14.4,Clear,78.0,64.0,0,6.5,1,0,1
T101393,2025-09-28,B61,Bus,7.4,18,8,Sunday,9,22,0,23.3,Rain,10.0,25.0,0,-3.0,0,1,0
T103141,2025-05-29,B61,Bus,7.4,18,8,Thursday,5,16,0,18.0,Rain,50.0,76.0,0,6.0,1,0,1
T102653,2025-05-17,B12,Bus,14.5,32,10,Saturday,5,19,0,17.4,Clear,52.0,67.0,0,4.5,1,1,0
T105090,2025-11-20,T9,Tram,13.6,26,12,Thursday,11,8,0,14.2,Clear,65.0,106.0,1,20.0,1,0,1
T100580,2025-02-04,T7,Tram,8.3,17,10,Tuesday,2,22,0,3.8,Clear,34.0,47.0,0,-1.4,0,0,0
T101045,2025-02-26,B27,Bus,9.2,24,12,Wednesday,2,12,0,3.9,Rain,18.0,53.0,0,-2.3,0,0,0
T104173,2025-05-10,M3,Metro,12.2,12,6,Saturday,5,7,1,20.5,Clear,66.0,63.0,0,-1.7,1,1,0
T102595,2025-03-02,M1,Metro,21.0,19,4,Sunday,3,22,0,0.9,Clear,48.0,12.0,0,-3.0,0,1,0
T102796,2025-11-15,T3,Tram,11.0,22,8,Saturday,11,20,0,6.3,Clear,22.0,47.0,0,-3.0,0,1,0
T103477,2025-07-13,B27,Bus,9.2,24,12,Sunday,7,20,0,17.8,Clear,56.0,37.0,0,-2.5,0,1,0
T104922,2025-07-22,M1,Metro,21.0,19,4,Tuesday,7,11,0,30.1,Snow,38.0,32.0,1,12.7,0,0,1
T104221,2025-07-09,B45,Bus,18.0,38,15,Wednesday,7,14,0,28.1,Fog,38.0,24.0,0,0.7,0,0,0
T105348,2025-04-23,B45,Bus,18.0,38,15,Wednesday,4,17,0,7.1,Clear,56.0,74.0,0,6.5,1,0,1
T103114,2025-05-14,T9,Tram,13.6,26,12,Wednesday,5,8,0,24.1,Rain,41.0,96.0,0,6.1,1,0,1
T103588,2025-08-26,T9,Tram,13.6,26,12,Tuesday,8,19,0,14.9,Rain,71.0,85.0,0,4.6,1,0,0
T103961,2025-11-10,R1,Train,42.0,11,20,Monday,11,19,0,5.1,Clear,64.0,91.0,0,7.7,1,0,1
T101960,2025-11-03,T3,Tram,11.0,22,8,Monday,11,16,0,8.3,Clear,78.0,77.0,0,4.5,1,0,0
T101932,2025-11-01,T7,Tram,8.3,17,10,Saturday,11,19,0,10.9,Clear,45.0,61.0,0,0.7,1,1,0
T101596,2025-08-29,M1,Metro,21.0,19,4,Friday,8,16,0,25.7,Clear,57.0,64.0,0,0.2,1,0,0
T104672,2025-03-18,B61,Bus,7.4,18,8,Tuesday,3,9,0,2.7,Fog,69.0,95.0,0,10.2,1,0,1
T105671,2025-08-23,B27,Bus,9.2,24,12,Saturday,8,19,0,24.2,Rain,51.0,61.0,0,7.8,1,1,1
T104717,2025-12-28,T3,Tram,11.0,22,8,Sunday,12,16,0,1.9,Snow,51.0,69.0,0,5.4,1,1,1
T100767,2025-06-24,T9,Tram,13.6,26,12,Tuesday,6,19,0,27.4,Clear,67.0,72.0,1,19.3,1,0,1
T105325,2025-05-24,T9,Tram,13.6,26,12,Saturday,5,18,0,18.1,Snow,44.0,64.0,0,10.5,1,1,1
T105436,2025-05-28,B27,Bus,9.2,24,12,Wednesday,5,19,0,22.6,Rain,61.0,78.0,0,8.0,1,0,1
T100659,2025-04-16,B45,Bus,18.0,38,15,Wednesday,4,16,0,17.2,Clear,52.0,66.0,0,5.9,1,0,1
T104956,2025-02-28,T9,Tram,13.6,26,12,Friday,2,22,0,6.0,Rain,43.0,18.0,0,-2.3,0,0,0
T105613,2025-05-01,M2,Metro,16.5,15,5,Thursday,5,8,0,16.3,Rain,64.0,76.0,0,0.8,1,0,0
T105820,2025-08-12,M2,Metro,16.5,15,5,Tuesday,8,11,0,19.7,Clear,3.0,67.0,0,-3.0,0,0,0
T103572,2025-09-09,B27,Bus,9.2,24,12,Tuesday,9,18,0,16.7,Storm,68.0,62.0,0,14.6,1,0,1
T100622,2025-03-02,M3,Metro,12.2,12,6,Sunday,3,19,1,3.8,Clear,73.0,58.0,0,-3.0,1,1,0
T105847,2025-09-04,B61,Bus,7.4,18,8,Thursday,9,13,1,18.1,Rain,44.0,31.0,0,-3.0,0,0,0
T104355,2025-10-28,B12,Bus,14.5,32,10,Tuesday,10,18,0,15.6,Rain,63.0,92.0,0,11.0,1,0,1
T104378,2025-03-02,B61,Bus,7.4,18,8,Sunday,3,10,0,19.6,Rain,20.0,41.0,0,-1.9,0,1,0
T104051,2025-05-24,M1,Metro,21.0,19,4,Saturday,5,9,0,15.3,Rain,41.0,62.0,0,4.1,1,1,0
T102682,2025-05-23,B12,Bus,14.5,32,10,Friday,5,16,0,20.8,Clear,63.0,66.0,0,6.9,1,0,1
T105710,2025-04-10,M1,Metro,21.0,19,4,Thursday,4,7,0,16.9,Rain,64.0,68.0,0,1.8,1,0,0
T101184,2025-06-03,B45,Bus,18.0,38,15,Tuesday,6,9,0,29.4,Rain,79.0,70.0,0,8.1,1,0,1
T101973,2025-05-05,B45,Bus,18.0,38,15,Monday,5,19,0,19.0,Clear,65.0,77.0,0,7.7,1,0,1
T104551,2025-01-14,M3,Metro,12.2,12,6,Tuesday,1,18,0,8.4,Clear,68.0,56.0,0,6.6,1,0,1
T103858,2025-04-29,T3,Tram,11.0,22,8,Tuesday,4,13,0,14.9,Clear,49.0,50.0,0,-1.7,0,0,0
T104530,2025-01-12,B61,Bus,7.4,18,8,Sunday,1,19,0,0.1,Clear,63.0,53.0,0,5.5,1,1,1
T103735,2025-03-16,B45,Bus,18.0,38,15,Sunday,3,15,0,9.6,Clear,34.0,32.0,1,13.5,0,1,1
T102935,2025-03-25,M1,Metro,21.0,19,4,Tuesday,3,22,0,3.2,Rain,40.0,50.0,0,-3.0,0,0,0
T104395,2025-07-06,T3,Tram,11.0,22,8,Sunday,7,9,0,24.0,Clear,62.0,73.0,0,2.2,1,1,0
T103992,2025-02-21,R4,Train,35.5,9,30,Friday,2,17,0,2.1,Clear,68.0,105.0,0,4.4,1,0,0
T105988,2025-11-13,R4,Train,35.5,9,30,Thursday,11,21,0,8.0,Clear,41.0,46.0,0,-3.0,0,0,0
T104534,2025-01-11,R1,Train,42.0,11,20,Saturday,1,8,0,7.5,Storm,82.0,59.0,0,7.6,1,1,1
T102373,2025-05-26,B27,Bus,9.2,24,12,Monday,5,8,0,20.1,Clear,43.0,102.0,0,5.1,1,0,1
T102451,2025-11-21,R1,Train,42.0,11,20,Friday,11,9,0,8.9,Fog,98.0,86.0,0,5.4,1,0,1
T103337,2025-01-19,R1,Train,42.0,11,20,Sunday,1,13,0,-2.9,Storm,24.0,5.0,0,0.8,0,1,0
T105722,2025-09-07,T9,Tram,13.6,26,12,Sunday,9,17,0,21.5,Storm,47.0,55.0,0,8.6,1,1,1
T104008,2025-03-11,R4,Train,35.5,9,30,Tuesday,3,8,0,5.4,Clear,61.0,76.0,1,16.7,1,0,1
T104388,2025-05-03,B27,Bus,9.2,24,12,Saturday,5,16,0,16.5,Rain,56.0,58.0,0,9.2,1,1,1
T101837,2025-04-22,M1,Metro,21.0,19,4,Tuesday,4,7,0,12.0,Rain,89.0,70.0,0,4.0,1,0,0
T104374,2025-04-21,M2,Metro,16.5,15,5,Monday,4,18,0,20.9,Fog,56.0,82.0,0,2.7,1,0,0
T100655,2025-07-14,R1,Train,42.0,11,20,Monday,7,8,0,23.5,Fog,81.0,90.0,0,4.5,1,0,0
T101058,2025-06-04,R4,Train,35.5,9,30,Wednesday,6,13,0,14.3,Storm,24.0,48.0,0,1.7,0,0,0
T100732,2025-12-03,M1,Metro,21.0,19,4,Wednesday,12,18,0,3.1,Fog,65.0,91.0,0,1.9,1,0,0
T103783,2025-10-05,B61,Bus,7.4,18,8,Sunday,10,19,0,11.7,Clear,52.0,66.0,0,5.5,1,1,1
T100553,2025-04-27,T7,Tram,8.3,17,10,Sunday,4,19,0,12.3,Clear,59.0,33.0,0,7.4,1,1,1
T102142,2025-12-18,T3,Tram,11.0,22,8,Thursday,12,19,0,2.0,Clear,74.0,117.0,1,19.5,1,0,1
T100277,2025-10-13,M3,Metro,12.2,12,6,Monday,10,18,0,5.3,Fog,55.0,64.0,0,3.0,1,0,0
T101900,2025-07-15,B27,Bus,9.2,24,12,Tuesday,7,19,0,35.6,Rain,78.0,79.0,0,7.3,1,0,1
T103303,2025-04-11,M3,Metro,12.2,12,6,Friday,4,19,0,11.2,Clear,42.0,81.0,0,-0.9,1,0,0
T102293,2025-10-01,B12,Bus,14.5,32,10,Wednesday,10,19,0,6.6,Clear,63.0,106.0,0,7.3,1,0,1
T103897,2025-01-07,M1,Metro,21.0,19,4,Tuesday,1,9,0,1.3,Snow,84.0,73.0,0,3.6,1,0,0
T101191,2025-04-12,R4,Train,35.5,9,30,Saturday,4,18,0,20.6,Clear,39.0,93.0,0,4.4,1,1,0
T105622,2025-03-15,M3,Metro,12.2,12,6,Saturday,3,14,0,7.7,Rain,24.0,32.0,0,-3.0,0,1,0
T101356,2025-05-06,B61,Bus,7.4,18,8,Tuesday,5,12,0,25.7,Clear,28.0,37.0,0,-2.6,0,0,0
T101694,2025-02-28,M1,Metro,21.0,19,4,Friday,2,16,0,7.7,Rain,86.0,82.0,0,2.9,1,0,0
T103806,2025-02-07,R1,Train,42.0,11,20,Friday,2,15,0,0.7,Clear,21.0,41.0,0,-3.0,0,0,0
T104871,2025-12-16,B27,Bus,9.2,24,12,Tuesday,12,18,0,-3.7,Snow,78.0,66.0,0,12.5,1,0,1
T100426,2025-11-12,R4,Train,35.5,9,30,Wednesday,11,19,0,11.2,Storm,76.0,101.0,0,9.6,1,0,1
T101186,2025-02-21,T7,Tram,8.3,17,10,Friday,2,18,0,5.1,Clear,76.0,94.0,0,7.3,1,0,1
T100865,2025-09-12,R4,Train,35.5,9,30,Friday,9,7,0,16.6,Clear,63.0,77.0,0,2.3,1,0,0
T103015,2025-06-17,B45,Bus,18.0,38,15,Tuesday,6,8,0,31.1,Rain,55.0,112.0,0,8.4,1,0,1
T101709,2025-03-19,M1,Metro,21.0,19,4,Wednesday,3,22,0,12.3,Fog,47.0,41.0,0,-3.0,0,0,0
T101245,2025-12-26,T7,Tram,8.3,17,10,Friday,12,10,0,1.0,Clear,24.0,43.0,0,-3.0,0,0,0
T103669,2025-03-21,B61,Bus,7.4,18,8,Friday,3,20,0,6.4,Rain,34.0,35.0,0,1.5,0,0,0
T104996,2025-09-30,B45,Bus,18.0,38,15,Tuesday,9,16,1,27.5,Rain,75.0,76.0,0,9.5,1,0,1
T101528,2025-01-08,M3,Metro,12.2,12,6,Wednesday,1,19,0,4.2,Clear,70.0,81.0,0,-0.6,1,0,0
T104697,2025-02-02,M1,Metro,21.0,19,4,Sunday,2,7,0,1.8,Clear,41.0,59.0,0,-0.7,1,1,0
T105387,2025-12-27,R1,Train,42.0,11,20,Saturday,12,15,0,7.6,Clear,11.0,25.0,0,-2.3,0,1,0
T103106,2025-11-11,T7,Tram,8.3,17,10,Tuesday,11,9,0,12.5,Clear,73.0,61.0,0,2.5,1,0,0
T100217,2025-02-05,B45,Bus,18.0,38,15,Wednesday,2,13,0,3.8,Snow,40.0,46.0,1,19.0,0,0,1
T104309,2025-08-08,B12,Bus,14.5,32,10,Friday,8,9,0,27.9,Fog,60.0,76.0,0,8.0,1,0,1
T104131,2025-12-06,T9,Tram,13.6,26,12,Saturday,12,17,0,4.4,Clear,56.0,88.0,0,3.5,1,1,0
T102955,2025-12-30,B45,Bus,18.0,38,15,Tuesday,12,17,0,3.7,Rain,79.0,68.0,0,12.7,1,0,1
T103694,2025-05-25,B27,Bus,9.2,24,12,Sunday,5,12,0,24.0,Clear,56.0,66.0,0,-3.0,0,1,0
T104463,2025-08-28,R1,Train,42.0,11,20,Thursday,8,20,0,23.9,Clear,28.0,36.0,0,-3.0,0,0,0
T104108,2025-07-07,T9,Tram,13.6,26,12,Monday,7,16,0,27.2,Rain,69.0,77.0,0,4.4,1,0,0
T100476,2025-11-06,B45,Bus,18.0,38,15,Thursday,11,11,0,5.6,Rain,31.0,47.0,0,-1.4,0,0,0
T103415,2025-05-31,T7,Tram,8.3,17,10,Saturday,5,13,0,28.5,Rain,9.0,12.0,0,-3.0,0,1,0
T103270,2025-03-02,R4,Train,35.5,9,30,Sunday,3,16,0,14.2,Clear,63.0,84.0,0,2.4,1,1,0
T105816,2025-05-29,T9,Tram,13.6,26,12,Thursday,5,11,0,18.9,Fog,40.0,43.0,0,-2.1,0,0,0
T102282,2025-04-29,B12,Bus,14.5,32,10,Tuesday,4,18,0,8.1,Clear,64.0,94.0,0,6.6,1,0,1
T102743,2025-12-12,B27,Bus,9.2,24,12,Friday,12,16,0,-0.0,Clear,84.0,83.0,0,6.9,1,0,1
T105180,2025-11-08,T3,Tram,11.0,22,8,Saturday,11,17,0,6.1,Clear,46.0,51.0,0,2.7,1,1,0
T100728,2025-06-28,B27,Bus,9.2,24,12,Saturday,6,5,0,26.8,Rain,56.0,23.0,0,-2.7,0,1,0
T101632,2025-02-03,R4,Train,35.5,9,30,Monday,2,12,0,1.5,Rain,12.0,29.0,0,2.6,0,0,0
T104045,2025-01-06,R1,Train,42.0,11,20,Monday,1,5,0,1.2,Snow,43.0,42.0,0,1.3,0,0,0
T100013,2025-10-05,M1,Metro,21.0,19,4,Sunday,10,10,0,10.5,Clear,19.0,11.0,0,-3.0,0,1,0
T101023,2025-11-04,M2,Metro,16.5,15,5,Tuesday,11,15,0,10.0,Storm,66.0,34.0,0,-0.6,0,0,0
T105060,2025-07-16,M2,Metro,16.5,15,5,Wednesday,7,7,0,29.8,Rain,45.0,67.0,0,3.1,1,0,0
T104703,2025-11-08,M3,Metro,12.2,12,6,Saturday,11,14,0,17.6,Clear,19.0,20.0,0,-3.0,0,1,0
T100435,2025-02-15,B12,Bus,14.5,32,10,Saturday,2,9,0,0.7,Storm,75.0,71.0,0,12.3,1,1,1
T104113,2025-12-23,T9,Tram,13.6,26,12,Tuesday,12,19,0,4.2,Clear,75.0,107.0,0,5.3,1,0,1
T101782,2025-01-09,R1,Train,42.0,11,20,Thursday,1,20,0,1.3,Clear,37.0,49.0,0,-1.0,0,0,0
T101803,2025-04-05,M3,Metro,12.2,12,6,Saturday,4,10,0,19.6,Storm,31.0,33.0,0,-1.5,0,1,0
T101114,2025-03-12,T9,Tram,13.6,26,12,Wednesday,3,9,0,10.5,Fog,71.0,88.0,0,5.3,1,0,1
T103379,2025-05-25,M2,Metro,16.5,15,5,Sunday,5,9,0,21.4,Storm,40.0,58.0,0,6.2,1,1,1
T102389,2025-11-15,B61,Bus,7.4,18,8,Saturday,11,13,0,7.1,Clear,20.0,10.0,0,-3.0,0,1,0
T101953,2025-06-19,B12,Bus,14.5,32,10,Thursday,6,17,0,18.2,Clear,78.0,67.0,0,9.4,1,0,1
T100344,2025-11-27,B45,Bus,18.0,38,15,Thursday,11,7,0,7.2,Clear,69.0,77.0,0,7.5,1,0,1
T100032,2025-02-03,M3,Metro,12.2,12,6,Monday,2,9,0,3.5,Fog,74.0,77.0,0,1.9,1,0,0
T103935,2025-11-06,B61,Bus,7.4,18,8,Thursday,11,17,0,11.9,Rain,64.0,91.0,0,8.7,1,0,1
T102599,2025-05-23,M2,Metro,16.5,15,5,Friday,5,17,0,20.7,Rain,74.0,67.0,0,2.6,1,0,0
T102646,2025-07-27,M2,Metro,16.5,15,5,Sunday,7,22,0,25.8,Clear,32.0,65.0,0,-3.0,0,1,0
T105813,2025-12-20,M1,Metro,21.0,19,4,Saturday,12,16,0,6.3,Rain,37.0,82.0,0,2.1,1,1,0
T104128,2025-07-19,B45,Bus,18.0,38,15,Saturday,7,16,0,24.3,Rain,55.0,80.0,0,8.1,1,1,1
T100372,2025-05-30,R4,Train,35.5,9,30,Friday,5,12,0,19.9,Clear,57.0,34.0,0,-3.0,0,0,0
T100657,2025-08-20,T9,Tram,13.6,26,12,Wednesday,8,15,0,22.2,Rain,49.0,39.0,0,-2.5,0,0,0
T103742,2025-12-09,T9,Tram,13.6,26,12,Tuesday,12,17,1,3.8,Clear,75.0,109.0,0,4.7,1,0,0
T101086,2025-10-20,T7,Tram,8.3,17,10,Monday,10,11,0,13.7,Clear,36.0,30.0,0,-2.2,0,0,0
T103098,2025-03-08,T7,Tram,8.3,17,10,Saturday,3,11,0,8.8,Clear,20.0,52.0,0,-3.0,0,1,0
T102248,2025-02-26,T7,Tram,8.3,17,10,Wednesday,2,18,0,6.9,Fog,92.0,85.0,0,5.7,1,0,1
T105412,2025-07-05,M3,Metro,12.2,12,6,Saturday,7,14,0,23.2,Clear,11.0,64.0,0,-3.0,0,1,0
T100860,2025-12-20,M2,Metro,16.5,15,5,Saturday,12,7,0,2.5,Snow,67.0,59.0,0,5.0,1,1,0
T105703,2025-06-07,R1,Train,42.0,11,20,Saturday,6,16,0,27.9,Clear,38.0,73.0,0,1.7,1,1,0
T104140,2025-09-23,T3,Tram,11.0,22,8,Tuesday,9,16,0,13.850000000000001,Rain,68.0,80.0,0,6.4,1,0,1
T101534,2025-10-26,B45,Bus,18.0,38,15,Sunday,10,17,0,14.7,Clear,75.0,82.0,0,7.6,1,1,1
T102592,2025-07-14,B45,Bus,18.0,38,15,Monday,7,19,0,13.6,Rain,71.0,67.0,0,7.0,1,0,1
T100489,2025-08-10,B27,Bus,9.2,24,12,Sunday,8,21,0,24.8,Clear,26.0,25.0,0,-0.2,0,1,0
T104599,2025-09-24,B27,Bus,9.2,24,12,Wednesday,9,5,0,17.8,Clear,22.0,52.0,0,-1.7,0,0,0
T100133,2025-07-24,T3,Tram,11.0,22,8,Thursday,7,8,0,23.1,Storm,87.0,80.0,0,8.4,1,0,1
T102108,2025-04-13,M1,Metro,21.0,19,4,Sunday,4,15,0,17.4,Clear,19.0,67.0,0,-3.0,0,1,0
T100690,2025-12-30,T7,Tram,8.3,17,10,Tuesday,12,14,0,-1.0,Clear,29.0,37.0,0,-3.0,0,0,0
T102074,2025-09-12,M3,Metro,12.2,12,6,Friday,9,10,0,26.1,Clear,34.0,47.0,0,-3.0,0,0,0
T102148,2025-11-06,B27,Bus,9.2,24,12,Thursday,11,7,0,11.8,Clear,50.0,60.0,0,6.1,1,0,1
T103603,2025-08-16,B45,Bus,18.0,38,15,Saturday,8,18,0,25.4,Clear,52.0,59.0,0,4.2,1,1,0
T105070,2025-11-28,T3,Tram,11.0,22,8,Friday,11,7,0,8.2,Rain,84.0,86.0,0,6.7,1,0,1
T105784,2025-07-27,B61,Bus,7.4,18,8,Sunday,7,19,0,24.9,Clear,62.0,58.0,0,8.4,1,1,1
T104872,2025-01-22,T9,Tram,13.6,26,12,Wednesday,1,13,0,-1.0,Rain,21.0,54.0,0,-3.0,0,0,0
T104884,2025-01-03,B27,Bus,9.2,24,12,Friday,1,16,0,-2.7,Rain,75.0,94.0,0,8.1,1,0,1
T100363,2025-11-23,B61,Bus,7.4,18,8,Sunday,11,18,0,6.7,Fog,55.0,66.0,1,22.7,1,1,1
T104891,2025-07-28,B61,Bus,7.4,18,8,Monday,7,9,0,21.6,Rain,79.0,92.0,0,8.9,1,0,1
T101628,2025-05-22,M2,Metro,16.5,15,5,Thursday,5,19,0,19.7,Clear,75.0,84.0,0,0.7,1,0,0
T101276,2025-08-28,B61,Bus,7.4,18,8,Thursday,8,18,1,23.0,Clear,61.0,83.0,0,4.7,1,0,0
T105035,2025-03-24,B45,Bus,18.0,38,15,Monday,3,5,0,16.1,Rain,35.0,18.0,0,3.1,0,0,0
T105601,2025-12-31,T3,Tram,11.0,22,8,Wednesday,12,7,0,3.9,Clear,63.0,106.0,0,6.7,1,0,1
T102489,2025-05-11,M2,Metro,16.5,15,5,Sunday,5,9,0,26.2,Rain,59.0,57.0,0,0.7,1,1,0
T100647,2025-07-15,M3,Metro,12.2,12,6,Tuesday,7,9,0,23.0,Clear,70.0,67.0,0,0.8,1,0,0
T101003,2025-11-20,T9,Tram,13.6,26,12,Thursday,11,22,0,2.7,Clear,42.0,66.0,0,-3.0,0,0,0
T102524,2025-01-23,T7,Tram,8.3,17,10,Thursday,1,19,0,8.9,Rain,81.0,80.0,0,4.4,1,0,0
T102110,2025-04-13,B61,Bus,7.4,18,8,Sunday,4,16,0,10.7,Rain,37.0,74.0,0,4.1,1,1,0
T101172,2025-05-23,R4,Train,35.5,9,30,Friday,5,15,0,14.7,Rain,34.0,64.0,0,0.0,0,0,0
T100483,2025-10-18,T9,Tram,13.6,26,12,Saturday,10,19,0,11.0,Clear,80.0,80.0,0,7.8,1,1,1
T101810,2025-03-31,T9,Tram,13.6,26,12,Monday,3,7,0,13.4,Fog,64.0,65.0,0,4.8,1,0,0
T103329,2025-12-01,T9,Tram,13.6,26,12,Monday,12,17,0,-5.2,Rain,67.0,88.0,0,4.4,1,0,0
T104148,2025-11-11,M1,Metro,21.0,19,4,Tuesday,11,18,0,4.7,Clear,85.0,109.0,0,6.9,1,0,1
T100242,2025-02-04,R4,Train,35.5,9,30,Tuesday,2,16,0,9.2,Rain,81.0,73.0,0,2.6,1,0,0
T102083,2025-09-01,M3,Metro,12.2,12,6,Monday,9,13,0,20.5,Rain,42.0,28.0,0,-1.3,0,0,0
T101202,2025-12-26,B61,Bus,7.4,18,8,Friday,12,19,0,2.8,Snow,64.0,70.0,0,8.8,1,0,1
T103751,2025-10-19,T9,Tram,13.6,26,12,Sunday,10,6,0,18.5,Clear,27.0,37.0,0,-0.6,0,1,0
T104834,2025-12-23,B27,Bus,9.2,24,12,Tuesday,12,8,0,5.0,Clear,90.0,88.0,0,8.5,1,0,1
T102168,2025-12-08,T7,Tram,8.3,17,10,Monday,12,7,0,7.6,Fog,53.0,57.0,0,3.7,1,0,0
T105395,2025-01-12,R1,Train,42.0,11,20,Sunday,1,19,0,1.0,Rain,68.0,75.0,0,7.8,1,1,1
T101019,2025-02-12,B61,Bus,7.4,18,8,Wednesday,2,10,0,1.4,Clear,41.0,5.0,0,-2.1,0,0,0
T102092,2025-10-21,M1,Metro,21.0,19,4,Tuesday,10,16,0,18.1,Rain,73.0,77.0,1,15.8,1,0,1
T103372,2025-04-23,B12,Bus,14.5,32,10,Wednesday,4,20,0,13.2,Clear,42.0,29.0,0,-2.5,0,0,0
T104932,2025-11-25,B27,Bus,9.2,24,12,Tuesday,11,14,0,7.1,Clear,29.0,30.0,0,-3.0,0,0,0
T102124,2025-09-30,M3,Metro,12.2,12,6,Tuesday,9,18,0,26.2,Clear,72.0,50.0,0,-0.5,1,0,0
T101744,2025-03-18,B27,Bus,9.2,24,12,Tuesday,3,19,0,7.0,Fog,64.0,78.0,0,7.7,1,0,1
T104464,2025-06-12,B45,Bus,18.0,38,15,Thursday,6,9,0,26.6,Clear,85.0,80.0,0,8.8,1,0,1
T102954,2025-04-12,R1,Train,42.0,11,20,Saturday,4,19,0,13.1,Clear,65.0,77.0,0,3.3,1,1,0
T103284,2025-06-01,B12,Bus,14.5,32,10,Sunday,6,9,0,23.1,Clear,53.0,64.0,0,6.6,1,1,1
T104363,2025-12-20,T3,Tram,11.0,22,8,Saturday,12,10,0,1.2,Snow,33.0,46.0,0,1.7,0,1,0
T103383,2025-11-30,B45,Bus,18.0,38,15,Sunday,11,19,0,3.3,Clear,67.0,70.0,0,10.9,1,1,1
T104824,2025-07-02,M2,Metro,16.5,15,5,Wednesday,7,7,0,28.1,Clear,71.0,67.0,0,0.2,1,0,0
T102492,2025-12-06,T7,Tram,8.3,17,10,Saturday,12,8,0,-1.4,Rain,52.0,45.0,0,5.9,1,1,1
T101519,2025-06-18,B27,Bus,9.2,24,12,Wednesday,6,9,0,22.1,Clear,82.0,97.0,0,7.6,1,0,1
T101033,2025-04-25,M1,Metro,21.0,19,4,Friday,4,16,0,13.2,Storm,51.0,72.0,0,7.1,1,0,1
T101712,2025-11-18,T3,Tram,11.0,22,8,Tuesday,11,8,0,9.6,Clear,83.0,91.0,0,4.2,1,0,0
T100295,2025-07-10,M2,Metro,16.5,15,5,Thursday,7,22,0,14.7,Rain,32.0,51.0,0,-3.0,0,0,0
T101848,2025-07-10,B12,Bus,14.5,32,10,Thursday,7,18,0,34.8,Clear,65.0,80.0,0,5.8,1,0,1
T104721,2025-10-31,M1,Metro,21.0,19,4,Friday,10,8,0,14.7,Rain,51.0,81.0,0,3.9,1,0,0
T104373,2025-10-26,B12,Bus,14.5,32,10,Sunday,10,9,0,13.0,Rain,46.0,63.0,0,6.0,1,1,1
T100497,2025-05-17,R1,Train,42.0,11,20,Saturday,5,15,0,21.5,Rain,11.0,20.0,0,0.2,0,1,0
T103675,2025-06-07,B12,Bus,14.5,32,10,Saturday,6,9,0,20.5,Rain,69.0,86.0,0,7.7,1,1,1
T100484,2025-06-18,M2,Metro,16.5,15,5,Wednesday,6,5,0,36.0,Clear,48.0,67.0,0,-3.0,0,0,0
T101520,2025-11-12,B27,Bus,9.2,24,12,Wednesday,11,16,0,6.1,Rain,87.0,88.0,0,10.1,1,0,1
T100182,2025-07-01,B45,Bus,18.0,38,15,Tuesday,7,7,0,26.7,Clear,61.0,82.0,0,6.9,1,0,1
T105066,2025-07-12,R1,Train,42.0,11,20,Saturday,7,14,0,27.0,Clear,36.0,27.0,0,-0.8,0,1,0
T105947,2025-12-06,R4,Train,35.5,9,30,Saturday,12,18,0,5.5,Clear,55.0,98.0,0,6.6,1,1,1
T100684,2025-03-03,T3,Tram,11.0,22,8,Monday,3,16,0,0.7,Snow,70.0,88.0,0,11.0,1,0,1
T101768,2025-01-25,B61,Bus,7.4,18,8,Saturday,1,14,0,3.4,Clear,32.0,43.0,0,1.1,0,1,0
T104954,2025-05-18,B27,Bus,9.2,24,12,Sunday,5,5,0,19.5,Clear,17.0,39.0,0,-3.0,0,1,0
T105276,2025-04-02,T7,Tram,8.3,17,10,Wednesday,4,8,0,9.0,Clear,73.0,64.0,0,3.7,1,0,0
T102050,2025-03-04,B61,Bus,7.4,18,8,Tuesday,3,17,0,9.5,Rain,67.0,83.0,0,9.4,1,0,1
T100754,2025-07-22,M1,Metro,21.0,19,4,Tuesday,7,16,0,30.1,Clear,69.0,105.0,0,0.8,1,0,0
T104604,2025-03-18,M3,Metro,12.2,12,6,Tuesday,3,9,0,14.0,Rain,75.0,93.0,0,2.8,1,0,0
T102545,2025-05-26,M3,Metro,12.2,12,6,Monday,5,6,0,23.5,Clear,16.0,35.0,0,-3.0,0,0,0
T103361,2025-09-29,R4,Train,35.5,9,30,Monday,9,8,0,9.1,Rain,67.0,92.0,0,8.8,1,0,1
T103632,2025-01-14,B45,Bus,18.0,38,15,Tuesday,1,18,0,-2.2,Clear,68.0,91.0,0,8.0,1,0,1
T101438,2025-04-27,M1,Metro,21.0,19,4,Sunday,4,17,0,11.2,Rain,66.0,85.0,0,1.0,1,1,0
T101445,2025-01-14,R1,Train,42.0,11,20,Tuesday,1,20,0,-2.3,Rain,32.0,37.0,0,-1.7,0,0,0
T104237,2025-02-09,B12,Bus,14.5,32,10,Sunday,2,17,0,-1.6,Rain,71.0,96.0,0,8.5,1,1,1
T100864,2025-11-05,R1,Train,42.0,11,20,Wednesday,11,22,0,4.6,Clear,26.0,47.0,1,12.0,0,0,1
T102231,2025-01-26,B61,Bus,7.4,18,8,Sunday,1,18,0,-1.7,Snow,65.0,66.0,0,9.3,1,1,1
T102322,2025-05-04,M1,Metro,21.0,19,4,Sunday,5,17,0,17.2,Clear,31.0,68.0,0,0.5,1,1,0
T105106,2025-10-04,M1,Metro,21.0,19,4,Saturday,10,19,1,14.8,Rain,64.0,58.0,0,-0.4,1,1,0
T102960,2025-12-03,T7,Tram,8.3,17,10,Wednesday,12,9,0,5.4,Fog,69.0,82.0,0,6.3,1,0,1
T103744,2025-03-30,T9,Tram,13.6,26,12,Sunday,3,8,0,8.1,Clear,52.0,83.0,0,2.6,1,1,0
T104944,2025-01-14,M1,Metro,21.0,19,4,Tuesday,1,7,0,6.2,Storm,89.0,85.0,0,7.1,1,0,1
T103984,2025-11-10,B61,Bus,7.4,18,8,Monday,11,17,0,10.2,Clear,51.0,83.0,0,6.6,1,0,1
T102779,2025-01-17,T9,Tram,13.6,26,12,Friday,1,19,0,4.7,Clear,79.0,82.0,0,6.7,1,0,1
T103683,2025-07-28,T7,Tram,8.3,17,10,Monday,7,17,0,30.0,Clear,87.0,69.0,0,3.0,1,0,0
T103044,2025-03-11,R4,Train,35.5,9,30,Tuesday,3,7,0,4.0,Clear,61.0,52.0,0,5.3,1,0,1
T104983,2025-05-27,M1,Metro,21.0,19,4,Tuesday,5,17,0,20.4,Rain,71.0,91.0,0,4.6,1,0,0
T104213,2025-09-18,B27,Bus,9.2,24,12,Thursday,9,20,0,13.3,Clear,50.0,31.0,0,-0.0,0,0,0
T103073,2025-10-13,M1,Metro,21.0,19,4,Monday,10,12,0,16.4,Clear,58.0,54.0,0,-3.0,0,0,0
T102161,2025-03-31,T3,Tram,11.0,22,8,Monday,3,8,0,8.1,Clear,66.0,77.0,0,2.6,1,0,0
T100545,2025-01-20,M1,Metro,21.0,19,4,Monday,1,6,0,0.4,Clear,44.0,36.0,0,-3.0,0,0,0
T101789,2025-10-03,R4,Train,35.5,9,30,Friday,10,17,0,14.8,Clear,75.0,51.0,0,4.0,1,0,0
T102213,2025-02-12,M2,Metro,16.5,15,5,Wednesday,2,7,0,14.7,Clear,76.0,63.0,0,5.5,1,0,1
T104039,2025-05-17,T7,Tram,8.3,17,10,Saturday,5,11,0,24.8,Rain,35.0,5.0,0,-2.9,0,1,0
T102232,2025-12-09,R1,Train,42.0,11,20,Tuesday,12,5,0,0.4,Fog,19.0,48.0,1,11.4,0,0,1
T101396,2025-08-15,T7,Tram,8.3,17,10,Friday,8,19,0,19.5,Clear,73.0,91.0,0,6.8,1,0,1
T100274,2025-06-02,T9,Tram,13.6,26,12,Monday,6,9,0,28.8,Clear,80.0,81.0,0,4.2,1,0,0
T100704,2025-02-17,R1,Train,42.0,11,20,Monday,2,22,0,1.1,Storm,33.0,36.0,0,0.9,0,0,0
T101024,2025-10-27,B27,Bus,9.2,24,12,Monday,10,16,0,17.9,Clear,74.0,91.0,0,9.6,1,0,1
T105686,2025-10-04,M1,Metro,21.0,19,4,Saturday,10,8,0,13.5,Rain,48.0,86.0,0,4.1,1,1,0
T105660,2025-02-17,T3,Tram,11.0,22,8,Monday,2,15,0,8.4,Clear,33.0,54.0,0,-3.0,0,0,0
T105838,2025-04-12,B45,Bus,18.0,38,15,Saturday,4,5,0,9.5,Fog,7.0,28.0,0,4.2,0,1,0
T100383,2025-03-29,B12,Bus,14.5,32,10,Saturday,3,10,0,8.7,Storm,36.0,30.0,0,3.4,0,1,0
T105525,2025-02-06,M2,Metro,16.5,15,5,Thursday,2,21,0,4.3,Fog,48.0,32.0,0,-3.0,0,0,0
T102609,2025-10-29,B12,Bus,14.5,32,10,Wednesday,10,17,0,19.4,Clear,78.0,66.0,0,10.5,1,0,1
T105925,2025-02-06,T7,Tram,8.3,17,10,Thursday,2,7,0,-7.3,Clear,69.0,64.0,0,3.1,1,0,0
T104272,2025-12-07,T9,Tram,13.6,26,12,Sunday,12,9,0,10.0,Rain,67.0,66.0,0,3.9,1,1,0
T105455,2025-02-19,B61,Bus,7.4,18,8,Wednesday,2,7,0,4.4,Storm,78.0,76.0,1,27.8,1,0,1
T103243,2025-07-09,R4,Train,35.5,9,30,Wednesday,7,16,0,26.6,Clear,51.0,65.0,1,15.6,1,0,1
T102567,2025-08-20,B27,Bus,9.2,24,12,Wednesday,8,13,0,27.8,Clear,12.0,61.0,0,-3.0,0,0,0
T104926,2025-05-26,M3,Metro,12.2,12,6,Monday,5,12,0,20.7,Clear,37.0,54.0,0,-3.0,0,0,0
T101642,2025-06-13,T7,Tram,8.3,17,10,Friday,6,17,0,24.7,Clear,51.0,57.0,0,1.7,1,0,0
T105729,2025-06-01,M2,Metro,16.5,15,5,Sunday,6,8,0,28.2,Fog,48.0,73.0,0,2.2,1,1,0
T104718,2025-05-27,B61,Bus,7.4,18,8,Tuesday,5,9,0,13.7,Rain,78.0,87.0,0,8.7,1,0,1
T100858,2025-09-02,T7,Tram,8.3,17,10,Tuesday,9,17,0,18.1,Rain,97.0,76.0,0,4.9,1,0,0
T104019,2025-09-08,T3,Tram,11.0,22,8,Monday,9,10,0,15.5,Clear,36.0,23.0,0,-3.0,0,0,0
T104737,2025-05-14,M3,Metro,12.2,12,6,Wednesday,5,19,1,19.4,Rain,69.0,79.0,0,4.1,1,0,0
T103388,2025-04-16,T7,Tram,8.3,17,10,Wednesday,4,19,0,15.4,Clear,55.0,101.0,0,5.1,1,0,1
T102306,2025-04-29,T7,Tram,8.3,17,10,Tuesday,4,15,0,16.5,Storm,35.0,38.0,0,7.2,0,0,1
T100834,2025-11-08,B12,Bus,14.5,32,10,Saturday,11,19,0,7.1,Clear,65.0,71.0,0,6.7,1,1,1
T102710,2025-01-25,B45,Bus,18.0,38,15,Saturday,1,14,0,-0.7,Rain,27.0,22.0,0,2.2,0,1,0
T101498,2025-06-20,T9,Tram,13.6,26,12,Friday,6,11,0,19.1,Rain,40.0,59.0,0,-1.6,0,0,0
T104433,2025-02-11,T3,Tram,11.0,22,8,Tuesday,2,10,0,0.4,Snow,33.0,51.0,0,-0.7,0,0,0
T103610,2025-07-24,R4,Train,35.5,9,30,Thursday,7,21,0,27.7,Rain,16.0,36.0,0,-2.9,0,0,0
T103576,2025-08-24,T3,Tram,11.0,22,8,Sunday,8,8,0,20.4,Fog,63.0,75.0,0,4.3,1,1,0
T101447,2025-12-17,T7,Tram,8.3,17,10,Wednesday,12,19,0,2.9,Clear,60.0,78.0,0,3.8,1,0,0
T105780,2025-03-12,B27,Bus,9.2,24,12,Wednesday,3,19,0,10.2,Clear,72.0,88.0,0,7.3,1,0,1
T102528,2025-02-01,R4,Train,35.5,9,30,Saturday,2,15,0,-1.2,Clear,26.0,54.0,0,-1.5,0,1,0
T105239,2025-11-26,B12,Bus,14.5,32,10,Wednesday,11,8,0,11.0,Fog,58.0,77.0,0,7.3,1,0,1
T101705,2025-11-10,T3,Tram,11.0,22,8,Monday,11,19,0,11.9,Storm,69.0,73.0,0,9.1,1,0,1
T102923,2025-07-17,T3,Tram,11.0,22,8,Thursday,7,16,0,19.2,Rain,66.0,65.0,0,3.4,1,0,0
T105834,2025-04-04,R1,Train,42.0,11,20,Friday,4,8,0,13.9,Clear,72.0,81.0,0,4.6,1,0,0
T102707,2025-04-21,B12,Bus,14.5,32,10,Monday,4,18,0,23.9,Clear,63.0,75.0,0,4.6,1,0,0
T103069,2025-01-26,T9,Tram,13.6,26,12,Sunday,1,17,0,1.6,Snow,79.0,54.0,0,12.5,1,1,1
T100789,2025-01-05,M2,Metro,16.5,15,5,Sunday,1,8,0,8.1,Clear,42.0,69.0,0,-0.3,1,1,0
T100968,2025-12-02,T9,Tram,13.6,26,12,Tuesday,12,5,0,0.4,Clear,37.0,41.0,0,-3.0,0,0,0
T101667,2025-09-05,T7,Tram,8.3,17,10,Friday,9,8,0,19.6,Clear,57.0,83.0,0,7.8,1,0,1
T103321,2025-03-01,M2,Metro,16.5,15,5,Saturday,3,17,0,0.4,Snow,36.0,72.0,0,6.0,1,1,1
T101688,2025-12-09,B12,Bus,14.5,32,10,Tuesday,12,16,0,7.3,Clear,74.0,107.0,1,22.8,1,0,1
T105994,2025-02-18,R4,Train,35.5,9,30,Tuesday,2,19,0,8.3,Clear,60.0,85.0,0,1.9,1,0,0
